# bench_date,"2026-07-02_14-47-16"
# problem_dir,"casc/FOF"
# home,
# logs_dir,"bench/logs/casc_requested"
# time_limit_seconds,3
# robust_time_limit,false
# size_limit_gb,
# max_clauses,75000
# mode,"ordered-fallback"
# portfolio,"casc-150"
# casc,
# only_ip,true
# version_vip,"a76d405"

section,problem,expected_status,rating,vip,vip_time_s,vip_profile,vip_axiom_selection,vip_raw_clauses,vip_equality_literals,vip_equality_ratio,vip_avg_term,vip_unit_ratio,vip_negative_ratio
result,"FEQ/AGT005+1.p","Unknown","","Timeout",2.962026,"equality-light","false","629","4","0.004994","5.436954","0.833068","0.265918"
result,"FEQ/AGT011+2.p","Unknown","","Timeout",2.964793,"equality-light","false","996","4","0.003425","4.816781","0.894578","0.185788"
result,"FEQ/AGT013+1.p","Unknown","","Timeout",2.961682,"equality-light","false","629","4","0.004994","5.435705","0.833068","0.264669"
result,"FEQ/AGT013+2.p","Unknown","","Timeout",2.964071,"equality-light","false","996","4","0.003425","4.816781","0.894578","0.185788"
result,"FEQ/AGT023+2.p","Unknown","","Timeout",2.966015,"equality-light","false","996","4","0.003425","4.815925","0.894578","0.185788"
result,"FEQ/ALG049+1.p","Unknown","","Timeout",3.018938,"unknown","false","0","0","0.000000","0.000000","0.000000","0.000000"
result,"FEQ/ALG102+1.p","Unknown","","Timeout",3.026086,"unknown","false","0","0","0.000000","0.000000","0.000000","0.000000"
result,"FEQ/ALG104+1.p","Unknown","","Timeout",3.030035,"unknown","false","0","0","0.000000","0.000000","0.000000","0.000000"
result,"FEQ/ALG107+1.p","Unknown","","Timeout",2.934104,"equality-heavy","false","1778","23058","1.000000","8.561107","0.082115","0.893573"
result,"FEQ/ALG127+1.p","Unknown","","Timeout",3.028887,"unknown","false","0","0","0.000000","0.000000","0.000000","0.000000"
result,"FEQ/ALG210+2.p","Unknown","","Theorem",0.007776,"equality-heavy","false","8","6","0.500000","4.166667","0.625000","0.416667"
result,"FEQ/ALG215+2.p","Unknown","","Timeout",3.016870,"equality-heavy","false","49199","180082","0.308638","5.347271","0.018415","0.503665"
result,"FEQ/ALG215+4.p","Unknown","","Timeout",3.018570,"unknown","false","0","0","0.000000","0.000000","0.000000","0.000000"
result,"FEQ/ALG216+4.p","Unknown","","Timeout",3.016664,"unknown","false","0","0","0.000000","0.000000","0.000000","0.000000"
result,"FEQ/BIO005+1.p","Unknown","","Timeout",3.023460,"equality-light","false","348097","106164","0.151847","3.155589","0.002054","0.545295"
result,"FEQ/BIO006+1.p","Unknown","","Timeout",3.022566,"equality-light","false","348097","106164","0.151847","3.155589","0.002054","0.545295"
result,"FEQ/CAT034+2.p","Unknown","","Timeout",3.008754,"equality-heavy","false","22665","107290","0.418980","4.541277","0.033620","0.672462"
result,"FEQ/COM125+1.p","Unknown","","Timeout",3.012933,"equality-heavy","false","31139","204398","0.906453","10.086943","0.000289","0.254679"
result,"FEQ/COM126+1.p","Unknown","","Timeout",3.014365,"equality-heavy","false","31138","204396","0.906465","10.086985","0.000289","0.254675"
result,"FEQ/COM127+1.p","Unknown","","Timeout",3.012686,"equality-heavy","false","31136","204396","0.906489","10.087116","0.000289","0.254673"
result,"FEQ/COM130+1.p","Unknown","","Timeout",3.011985,"equality-heavy","false","31139","204397","0.906465","10.086989","0.000321","0.254674"
result,"FEQ/COM131+1.p","Unknown","","Timeout",2.981560,"equality-heavy","false","31141","204398","0.906449","10.086898","0.000353","0.254691"
result,"FEQ/COM133+1.p","Unknown","","Timeout",3.006721,"equality-heavy","false","31141","204399","0.906422","10.086780","0.000289","0.254695"
result,"FEQ/COM135+1.p","Unknown","","Timeout",3.014278,"equality-heavy","false","31137","204396","0.906477","10.087057","0.000289","0.254670"
result,"FEQ/COM141+1.p","Unknown","","Timeout",2.997598,"equality-heavy","false","31137","204401","0.906491","10.087074","0.000289","0.254681"
result,"FEQ/COM142+1.p","Unknown","","Timeout",3.012743,"equality-heavy","false","31136","204398","0.906498","10.087138","0.000289","0.254673"
result,"FEQ/COM143+1.p","Unknown","","Timeout",2.999201,"equality-heavy","false","31134","204396","0.906513","10.087256","0.000289","0.254662"
result,"FEQ/COM149+1.p","Unknown","","Timeout",2.997675,"equality-heavy","false","31136","204397","0.906493","10.087103","0.000289","0.254673"
result,"FEQ/CSR003+1.p","Unknown","","Theorem",2.353267,"equality-heavy","false","135","176","0.434568","4.039506","0.185185","0.390123"
result,"FEQ/CSR006+1.p","Unknown","","Theorem",2.461236,"equality-heavy","false","135","176","0.434568","4.041975","0.185185","0.390123"
result,"FEQ/CSR015+1.p","Unknown","","Timeout",2.964471,"equality-light","false","628","2269","0.625069","3.190083","0.035032","0.310468"
result,"FEQ/CSR037+5.p","Unknown","","Timeout",3.022027,"unknown","false","0","0","0.000000","0.000000","0.000000","0.000000"
result,"FEQ/CSR040+4.p","Unknown","","Timeout",3.009270,"equality-light","false","44216","5","0.000076","3.444775","0.538493","0.327222"
result,"FEQ/CSR047+4.p","Unknown","","Timeout",3.009041,"equality-light","false","44216","5","0.000076","3.444730","0.538493","0.327237"
result,"FEQ/CSR047+5.p","Unknown","","Timeout",3.018496,"unknown","false","0","0","0.000000","0.000000","0.000000","0.000000"
result,"FEQ/CSR052+4.p","Unknown","","Timeout",3.012922,"equality-light","false","44216","5","0.000076","3.444791","0.538493","0.327237"
result,"FEQ/CSR058+4.p","Unknown","","Timeout",3.011522,"equality-light","false","44216","5","0.000076","3.444775","0.538493","0.327237"
result,"FEQ/CSR069+4.p","Unknown","","Timeout",3.010716,"equality-light","false","44216","5","0.000076","3.444730","0.538493","0.327237"
result,"FEQ/CSR117+1.p","Unknown","","Timeout",2.959138,"equality-light","false","270","17","0.050898","2.538922","0.837037","0.284431"
result,"FEQ/CSR170+1.p","Unknown","","Timeout",3.020672,"unknown","false","0","0","0.000000","0.000000","0.000000","0.000000"
result,"FEQ/CSR201+1.p","Unknown","","Timeout",3.019285,"unknown","false","0","0","0.000000","0.000000","0.000000","0.000000"
result,"FEQ/CSR210+1.p","Unknown","","Timeout",3.021012,"unknown","false","0","0","0.000000","0.000000","0.000000","0.000000"
result,"FEQ/CSR218+1.p","Unknown","","Timeout",3.020733,"unknown","false","0","0","0.000000","0.000000","0.000000","0.000000"
result,"FEQ/CSR219+1.p","Unknown","","Timeout",3.020870,"unknown","false","0","0","0.000000","0.000000","0.000000","0.000000"
result,"FEQ/CSR228+1.p","Unknown","","Timeout",3.019493,"unknown","false","0","0","0.000000","0.000000","0.000000","0.000000"
result,"FEQ/CSR248+1.p","Unknown","","Timeout",3.022817,"unknown","false","0","0","0.000000","0.000000","0.000000","0.000000"
result,"FEQ/GEO084+1.p","Unknown","","Theorem",0.222797,"equality-light","false","47","16","0.113475","3.737589","0.106383","0.524823"
result,"FEQ/GEO087+1.p","Unknown","","Theorem",0.224344,"equality-light","false","45","16","0.115108","3.733813","0.066667","0.525180"
result,"FEQ/GEO088+1.p","Unknown","","Theorem",0.222287,"equality-light","false","47","16","0.113475","3.716312","0.106383","0.524823"
result,"FEQ/GEO089+1.p","Unknown","","Theorem",0.224257,"equality-light","false","46","16","0.114286","3.721429","0.086957","0.528571"
result,"FEQ/GEO109+1.p","Unknown","","Theorem",0.225115,"equality-light","false","54","18","0.109756","3.829268","0.037037","0.536585"
result,"FEQ/GEO111+1.p","Unknown","","Theorem",2.047476,"equality-heavy","false","51","21","0.131250","3.818750","0.039216","0.537500"
result,"FEQ/GEO125+1.p","Unknown","","Theorem",2.050349,"equality-heavy","false","88","32","0.120755","3.984906","0.068182","0.528302"
result,"FEQ/GEO126+1.p","Unknown","","Theorem",2.050506,"equality-heavy","false","86","32","0.121212","3.992424","0.034884","0.530303"
result,"FEQ/GEO127+1.p","Unknown","","Theorem",0.227807,"equality-light","false","90","31","0.112727","3.985455","0.033333","0.527273"
result,"FEQ/GEO137+1.p","Unknown","","Theorem",0.225926,"equality-light","false","90","32","0.118959","3.977695","0.066667","0.527881"
result,"FEQ/GEO169+2.p","Unknown","","Timeout",2.958925,"equality-light","false","53","16","0.168421","2.705263","0.528302","0.410526"
result,"FEQ/GEO271+1.p","Unknown","","Timeout",3.035596,"equality-light","false","262","1418","0.435103","3.250690","0.057252","0.853636"
result,"FEQ/GEO274+1.p","Unknown","","Timeout",3.035682,"equality-light","false","271","1411","0.435359","3.259488","0.081181","0.850972"
result,"FEQ/GEO277+1.p","Unknown","","Timeout",3.036188,"equality-light","false","284","1392","0.432567","3.261032","0.119718","0.847110"
result,"FEQ/GEO278+1.p","Unknown","","Timeout",3.797073,"equality-light","false","291","1440","0.434783","3.251812","0.130584","0.846920"
result,"FEQ/GEO281+1.p","Unknown","","Timeout",3.096781,"equality-light","false","278","1424","0.435607","3.258489","0.093525","0.849189"
result,"FEQ/GEO282+1.p","Unknown","","Timeout",3.513362,"equality-light","false","289","1457","0.440314","3.257782","0.076125","0.837111"
result,"FEQ/GEO288+1.p","Unknown","","Timeout",3.051058,"equality-heavy","false","443","4875","0.549915","4.099492","0.051919","0.831923"
result,"FEQ/GEO290+1.p","Unknown","","Timeout",3.041667,"equality-light","false","305","1481","0.439336","3.270543","0.160656","0.843370"
result,"FEQ/GEO292+1.p","Unknown","","Timeout",3.037534,"equality-light","false","316","1441","0.436138","3.283596","0.183544","0.837772"
result,"FEQ/GEO293+1.p","Unknown","","Timeout",3.152955,"equality-light","false","320","1445","0.436820","3.289601","0.193750","0.836759"
result,"FEQ/GEO295+1.p","Unknown","","Timeout",3.622327,"equality-light","false","319","1487","0.438514","3.275435","0.184953","0.838986"
result,"FEQ/GEO298+1.p","Unknown","","Timeout",3.036220,"equality-light","false","328","1488","0.437133","3.274089","0.198171","0.836957"
result,"FEQ/GEO299+1.p","Unknown","","Timeout",3.039697,"equality-light","false","328","1466","0.435920","3.280999","0.198171","0.835563"
result,"FEQ/GEO300+1.p","Unknown","","Timeout",3.039204,"equality-light","false","328","1443","0.434508","3.285155","0.201220","0.834989"
result,"FEQ/GEO310+1.p","Unknown","","Timeout",3.515166,"equality-light","false","317","1611","0.451767","3.317443","0.160883","0.837353"
result,"FEQ/GEO311+1.p","Unknown","","Timeout",3.039866,"equality-light","false","317","1589","0.450908","3.323780","0.164038","0.836549"
result,"FEQ/GEO317+1.p","Unknown","","Timeout",3.534407,"equality-light","false","325","1619","0.452994","3.330442","0.181538","0.835478"
result,"FEQ/GEO319+1.p","Unknown","","Timeout",3.116097,"equality-light","false","332","1645","0.450192","3.357964","0.102410","0.836344"
result,"FEQ/GEO321+1.p","Unknown","","Timeout",3.617620,"equality-light","false","346","1629","0.449255","3.365416","0.141618","0.834804"
result,"FEQ/GEO323+1.p","Unknown","","Timeout",3.042480,"equality-light","false","348","1631","0.449559","3.367971","0.146552","0.834344"
result,"FEQ/GEO325+1.p","Unknown","","Timeout",3.536660,"equality-light","false","350","1611","0.448997","3.376812","0.154286","0.833055"
result,"FEQ/GEO331+1.p","Unknown","","Timeout",3.042885,"equality-light","false","284","1619","0.455159","3.326680","0.049296","0.840034"
result,"FEQ/GEO337+1.p","Unknown","","Timeout",3.696853,"equality-light","false","290","1644","0.455024","3.316358","0.072414","0.842236"
result,"FEQ/GEO340+1.p","Unknown","","Timeout",3.504020,"equality-light","false","301","1760","0.460131","3.328366","0.069767","0.836601"
result,"FEQ/GEO345+1.p","Unknown","","Timeout",3.039829,"equality-light","false","302","1634","0.454015","3.316477","0.102649","0.838288"
result,"FEQ/GEO350+1.p","Unknown","","Timeout",3.042748,"equality-light","false","309","1650","0.456179","3.319325","0.126214","0.836328"
result,"FEQ/GEO442+1.p","Unknown","","Timeout",3.011559,"unknown","false","0","0","0.000000","0.000000","0.000000","0.000000"
result,"FEQ/GEO445+1.p","Unknown","","Timeout",3.012844,"unknown","false","0","0","0.000000","0.000000","0.000000","0.000000"
result,"FEQ/GEO452+1.p","Unknown","","Timeout",3.012472,"unknown","false","0","0","0.000000","0.000000","0.000000","0.000000"
result,"FEQ/GEO475+1.p","Unknown","","Timeout",3.012145,"unknown","false","0","0","0.000000","0.000000","0.000000","0.000000"
result,"FEQ/GEO491+1.p","Unknown","","Timeout",3.049994,"equality-light","false","75","14","0.076087","5.282609","0.253333","0.603261"
result,"FEQ/GEO495+1.p","Unknown","","Timeout",3.037300,"equality-light","false","102","22","0.084615","5.165385","0.215686","0.584615"
result,"FEQ/GEO499+1.p","Unknown","","Theorem",0.016567,"equality-heavy","false","167","84","0.181034","4.747845","0.149701","0.545259"
result,"FEQ/GEO500+1.p","Unknown","","Theorem",0.017846,"equality-heavy","false","172","89","0.187368","4.787368","0.145349","0.545263"
result,"FEQ/GEO504+1.p","Unknown","","Theorem",0.020106,"equality-heavy","false","191","99","0.183333","4.803704","0.130890","0.548148"
result,"FEQ/GEO507+1.p","Unknown","","Theorem",0.022837,"equality-heavy","false","213","113","0.188963","4.806020","0.126761","0.550167"
result,"FEQ/GEO513+1.p","Unknown","","Theorem",0.035280,"equality-heavy","false","265","162","0.203774","4.774843","0.113208","0.552201"
result,"FEQ/GEO514+1.p","Unknown","","Theorem",0.029041,"equality-heavy","false","264","163","0.204261","4.773183","0.106061","0.551378"
result,"FEQ/GEO520+1.p","Unknown","","Theorem",0.033493,"equality-heavy","false","287","177","0.195149","4.743109","0.104530","0.568908"
result,"FEQ/GEO524+1.p","Unknown","","Theorem",0.033066,"equality-heavy","false","297","201","0.211579","4.746316","0.094276","0.553684"
result,"FEQ/GEO527+1.p","Unknown","","Theorem",0.033000,"equality-heavy","false","307","209","0.212831","4.747454","0.097720","0.550916"
result,"FEQ/GEO532+1.p","Unknown","","Theorem",0.038708,"equality-heavy","false","327","251","0.228182","4.823636","0.082569","0.530909"
result,"FEQ/GEO559+1.p","Unknown","","Timeout",2.959393,"equality-light","false","120","4","0.011834","6.065089","0.058333","0.615385"
result,"FEQ/GEO593+1.p","Unknown","","Timeout",2.959721,"equality-light","false","127","4","0.011594","6.026087","0.110236","0.602899"
result,"FEQ/GEO605+1.p","Unknown","","Timeout",2.959624,"equality-light","false","128","4","0.011561","6.063584","0.117188","0.601156"
result,"FEQ/GEO610+1.p","Unknown","","Timeout",2.960099,"equality-light","false","151","4","0.008048","7.012072","0.039735","0.738431"
result,"FEQ/GEO625+1.p","Unknown","","Timeout",2.959312,"equality-light","false","123","4","0.011730","6.093842","0.081301","0.609971"
result,"FEQ/GEO641+1.p","Unknown","","Timeout",2.960347,"equality-light","false","122","4","0.011765","6.064706","0.073770","0.611765"
result,"FEQ/GRA002+2.p","Unknown","","Theorem",1.509386,"equality-heavy","false","69","56","0.238298","4.302128","0.057971","0.642553"
result,"FEQ/GRA007+2.p","Unknown","","Theorem",1.510358,"equality-heavy","false","68","58","0.251082","4.264069","0.058824","0.645022"
result,"FEQ/GRA009+1.p","Unknown","","Theorem",1.530976,"equality-heavy","false","69","54","0.238938","4.256637","0.101449","0.628319"
result,"FEQ/GRP622+2.p","Unknown","","Timeout",3.016501,"equality-heavy","false","50363","180900","0.310533","5.382285","0.015686","0.499311"
result,"FEQ/GRP664+1.p","Unknown","","GaveUp",1.024514,"equality-heavy","false","10","12","1.000000","9.833333","0.900000","0.250000"
result,"FEQ/GRP666+6.p","Unknown","","Timeout",3.028766,"equality-heavy","false","15","15","1.000000","13.000000","1.000000","0.266667"
result,"FEQ/GRP776+1.p","Unknown","","Theorem",1.643087,"equality-heavy","false","20","14","0.325581","3.627907","0.150000","0.558140"
result,"FEQ/HAL001+1.p","Unknown","","Timeout",2.907990,"equality-heavy","false","47","27","0.180000","5.000000","0.382979","0.593333"
result,"FEQ/HAL006+1.p","Unknown","","Timeout",3.045894,"equality-heavy","false","59","34","0.194286","4.971429","0.305085","0.582857"
result,"FEQ/HWV090+1.p","Unknown","","Timeout",3.030240,"unknown","false","0","0","0.000000","0.000000","0.000000","0.000000"
result,"FEQ/HWV107+1.p","Unknown","","Timeout",3.031487,"unknown","false","0","0","0.000000","0.000000","0.000000","0.000000"
result,"FEQ/HWV128+1.p","Theorem","0.97 v7.1.0","Timeout",3.018334,"unknown","false","0","0","0.000000","0.000000","0.000000","0.000000"
result,"FEQ/ITP002+5.p","Unknown","","Timeout",2.943964,"equality-light","false","2496","746","0.041704","5.874217","0.031651","0.715619"
result,"FEQ/ITP003+1.p","Unknown","","Theorem",0.023411,"equality-heavy","false","155","79","0.233038","9.879056","0.232258","0.430678"
result,"FEQ/ITP003+2.p","Unknown","","Theorem",0.295707,"equality-light","false","137","29","0.048658","4.260067","0.197080","0.711409"
result,"FEQ/ITP004+2.p","Unknown","","Timeout",2.958726,"equality-light","false","44","12","0.080537","4.476510","0.181818","0.664430"
result,"FEQ/ITP004+4.p","Unknown","","Timeout",3.008017,"equality-heavy","false","5639","4616","0.357248","21.828341","0.332506","0.436886"
result,"FEQ/ITP004+5.p","Unknown","","Timeout",3.006548,"equality-light","false","6048","3270","0.084750","6.211772","0.037533","0.730821"
result,"FEQ/ITP005+5.p","Unknown","","Timeout",3.006369,"equality-light","false","7899","4122","0.081992","6.379965","0.032916","0.729159"
result,"FEQ/ITP006+1.p","Unknown","","Theorem",0.016935,"equality-heavy","false","112","64","0.237918","9.375465","0.151786","0.464684"
result,"FEQ/ITP009+1.p","Unknown","","Theorem",0.014550,"equality-heavy","false","80","42","0.269231","17.666667","0.287500","0.423077"
result,"FEQ/ITP012+4.p","Unknown","","Timeout",3.012789,"unknown","false","0","0","0.000000","0.000000","0.000000","0.000000"
result,"FEQ/ITP013+1.p","Unknown","","Theorem",0.013801,"equality-heavy","false","89","65","0.357143","11.351648","0.314607","0.439560"
result,"FEQ/ITP015+4.p","Unknown","","Timeout",3.012396,"unknown","false","0","0","0.000000","0.000000","0.000000","0.000000"
result,"FEQ/ITP015+5.p","Unknown","","Timeout",3.017788,"unknown","false","0","0","0.000000","0.000000","0.000000","0.000000"
result,"FEQ/ITP019+5.p","Unknown","","Timeout",3.024152,"unknown","false","0","0","0.000000","0.000000","0.000000","0.000000"
result,"FEQ/ITP021+1.p","Unknown","","Theorem",0.015049,"equality-heavy","false","96","52","0.234234","8.103604","0.156250","0.441441"
result,"FEQ/ITP023+4.p","Unknown","","Timeout",3.015871,"unknown","false","0","0","0.000000","0.000000","0.000000","0.000000"
result,"FEQ/KLE011+1.p","Unknown","","Timeout",2.906966,"equality-heavy","false","25","23","0.575000","5.075000","0.560000","0.375000"
result,"FEQ/KLE071+1.p","Unknown","","GaveUp",1.024620,"equality-heavy","false","19","19","0.904762","7.714286","0.894737","0.142857"
result,"FEQ/KLE113+1.p","Unknown","","GaveUp",1.028415,"equality-heavy","false","28","28","0.933333","7.766667","0.928571","0.100000"
result,"FEQ/KLE132+1.p","Unknown","","GaveUp",1.035530,"equality-heavy","false","32","33","0.942857","9.000000","0.906250","0.114286"
result,"FEQ/KLE170+1.002.p","Unknown","","GaveUp",1.019674,"equality-heavy","false","18","13","0.590909","6.863636","0.777778","0.227273"
result,"FEQ/KRS133+1.p","Unknown","","Timeout",3.032946,"unknown","false","0","0","0.000000","0.000000","0.000000","0.000000"
result,"FEQ/LAT350+1.p","Unknown","","Theorem",1.109263,"equality-light","false","380","42","0.027326","2.767729","0.392105","0.701366"
result,"FEQ/LAT374+3.p","Unknown","","Timeout",3.020232,"unknown","false","0","0","0.000000","0.000000","0.000000","0.000000"
result,"FEQ/LAT378+3.p","Unknown","","Timeout",3.017209,"unknown","false","0","0","0.000000","0.000000","0.000000","0.000000"
result,"FEQ/LCL448+1.p","Unknown","","Timeout",3.466286,"equality-light","false","70","7","0.052632","4.240602","0.142857","0.458647"
result,"FEQ/LCL458+1.p","Unknown","","Timeout",3.463352,"equality-light","false","82","7","0.048276","3.972414","0.268293","0.420690"
result,"FEQ/LCL467+1.p","Unknown","","Timeout",3.813265,"equality-light","false","72","7","0.051852","4.192593","0.166667","0.451852"
result,"FEQ/LCL479+1.p","Unknown","","Timeout",3.068217,"equality-light","false","72","7","0.051852","4.192593","0.166667","0.451852"
result,"FEQ/LCL518+1.p","Unknown","","Timeout",3.474297,"equality-light","false","72","7","0.051852","4.192593","0.166667","0.451852"
result,"FEQ/LCL524+1.p","Unknown","","Timeout",3.854195,"equality-light","false","140","13","0.049057","3.943396","0.171429","0.441509"
result,"FEQ/LCL537+1.p","Unknown","","Timeout",3.874492,"equality-light","false","141","13","0.048872","3.932331","0.177305","0.439850"
result,"FEQ/LCL547+1.p","Unknown","","Timeout",3.885533,"equality-light","false","147","13","0.047794","3.867647","0.210884","0.430147"
result,"FEQ/LCL550+1.p","Unknown","","Timeout",3.790942,"equality-light","false","135","13","0.050000","4.000000","0.140741","0.450000"
result,"FEQ/LCL552+1.p","Unknown","","Timeout",3.810226,"equality-light","false","135","13","0.050000","4.000000","0.140741","0.450000"
result,"FEQ/LCL559+1.p","Unknown","","Timeout",3.786336,"equality-light","false","135","13","0.050000","4.000000","0.140741","0.450000"
result,"FEQ/LCL561+1.p","Unknown","","Timeout",3.771198,"equality-light","false","135","13","0.050000","4.000000","0.140741","0.450000"
result,"FEQ/LCL888+1.p","Unknown","","Theorem",1.068102,"equality-heavy","false","16","8","0.320000","4.840000","0.562500","0.400000"
result,"FEQ/LCL889+1.p","Unknown","","Theorem",0.005777,"equality-heavy","false","16","6","0.240000","4.840000","0.562500","0.400000"
result,"FEQ/LCL894+1.p","Unknown","","Timeout",3.138735,"equality-heavy","false","16","5","0.172414","4.862069","0.375000","0.413793"
result,"FEQ/LCL895+1.p","Unknown","","Timeout",3.003431,"equality-heavy","false","11","15","1.000000","7.133333","0.727273","0.200000"
result,"FEQ/LCL896+1.p","Unknown","","Timeout",3.052234,"equality-heavy","false","14","6","0.260870","5.695652","0.500000","0.434783"
result,"FEQ/LCL898+1.p","Unknown","","Timeout",3.007088,"equality-heavy","false","16","8","0.320000","5.240000","0.562500","0.400000"
result,"FEQ/LCL901+1.p","Unknown","","Theorem",0.004275,"equality-heavy","false","16","8","0.320000","5.080000","0.562500","0.400000"
result,"FEQ/MGT039+2.p","Unknown","","Timeout",2.958060,"equality-light","false","28","5","0.054945","3.340659","0.178571","0.670330"
result,"FEQ/MGT054+1.p","Unknown","","Timeout",2.957955,"equality-light","false","30","9","0.118421","3.394737","0.233333","0.513158"
result,"FEQ/MGT061+1.p","Unknown","","Timeout",2.957380,"equality-light","false","43","15","0.138889","3.351852","0.279070","0.462963"
result,"FEQ/MSC010+1.p","Unknown","","Timeout",3.028628,"unknown","false","0","0","0.000000","0.000000","0.000000","0.000000"
result,"FEQ/NUM293+1.p","Unknown","","Timeout",2.962138,"equality-light","false","407","7","0.014493","7.579710","0.921376","0.157350"
result,"FEQ/NUM314+1.p","Unknown","","Timeout",2.962068,"equality-light","false","407","7","0.014493","7.581781","0.921376","0.157350"
result,"FEQ/NUM317+1.p","Unknown","","Timeout",2.961663,"equality-light","false","407","7","0.014493","7.581781","0.921376","0.157350"
result,"FEQ/NUM325+1.p","Unknown","","Timeout",2.960340,"equality-light","false","407","7","0.014493","7.581781","0.921376","0.157350"
result,"FEQ/NUM337+1.p","Unknown","","Timeout",2.961186,"equality-light","false","408","8","0.016529","7.572314","0.921569","0.157025"
result,"FEQ/NUM479+2.p","Unknown","","Theorem",0.231001,"equality-light","false","68","75","0.288462","3.200000","0.220588","0.673077"
result,"FEQ/NUM481+1.p","Unknown","","Theorem",0.154305,"equality-light","false","71","94","0.306189","3.045603","0.084507","0.664495"
result,"FEQ/NUM587+1.p","Unknown","","Theorem",2.078434,"equality-heavy","false","177","150","0.214592","3.628040","0.163842","0.678112"
result,"FEQ/NUM656+4.p","Unknown","","Timeout",3.289881,"equality-light","false","681","129","0.094161","7.256204","0.242291","0.446715"
result,"FEQ/NUM658+4.p","Unknown","","Timeout",3.304344,"equality-light","false","693","129","0.092539","7.233142","0.240981","0.446198"
result,"FEQ/NUM659+4.p","Unknown","","Timeout",3.296917,"equality-light","false","699","129","0.091750","7.221906","0.240343","0.445946"
result,"FEQ/NUM671+4.p","Unknown","","Timeout",3.294382,"equality-light","false","785","129","0.081646","7.129114","0.229299","0.443671"
result,"FEQ/NUM672+4.p","Unknown","","Timeout",3.317813,"equality-light","false","793","129","0.080827","7.127820","0.228247","0.443609"
result,"FEQ/NUM695+4.p","Unknown","","Timeout",3.309177,"equality-light","false","1036","129","0.061693","7.158776","0.201737","0.441416"
result,"FEQ/NUM701+4.p","Unknown","","Timeout",3.301543,"equality-light","false","1075","129","0.059502","7.122694","0.200930","0.440498"
result,"FEQ/NUM703+4.p","Unknown","","Timeout",3.332268,"equality-light","false","1087","129","0.058850","7.112226","0.200552","0.440237"
result,"FEQ/NUM708+4.p","Unknown","","Theorem",1.185030,"equality-light","false","1142","135","0.059003","7.138986","0.203152","0.439685"
result,"FEQ/NUM736+4.p","Unknown","","Timeout",3.304993,"equality-light","false","1516","165","0.054963","7.251832","0.202507","0.434710"
result,"FEQ/NUM782+4.p","Unknown","","Timeout",3.337354,"equality-light","false","2336","181","0.038875","7.202534","0.178510","0.432775"
result,"FEQ/NUM783+4.p","Unknown","","Timeout",3.332423,"equality-light","false","2362","181","0.038462","7.231407","0.177392","0.433277"
result,"FEQ/NUM785+4.p","Unknown","","Timeout",2.914020,"equality-light","false","2395","181","0.037938","7.222804","0.177035","0.433243"
result,"FEQ/NUM787+4.p","Unknown","","Timeout",3.320660,"equality-light","false","2407","181","0.037748","7.216267","0.176984","0.433160"
result,"FEQ/NUM788+4.p","Unknown","","Timeout",3.337271,"equality-light","false","2413","181","0.037653","7.213023","0.176958","0.433118"
result,"FEQ/NUM789+4.p","Unknown","","Timeout",3.341116,"equality-light","false","2419","181","0.037560","7.209795","0.176933","0.433077"
result,"FEQ/NUM790+4.p","Unknown","","Timeout",2.934710,"equality-light","false","2425","181","0.037466","7.206582","0.176907","0.433037"
result,"FEQ/NUM791+4.p","Unknown","","Timeout",2.920831,"equality-light","false","2431","181","0.037374","7.203386","0.176882","0.432996"
result,"FEQ/NUM835+1.p","Unknown","","Theorem",1.023932,"equality-heavy","false","47","84","0.893617","4.659574","0.297872","0.510638"
result,"FEQ/NUM839+2.p","Unknown","","Theorem",1.006275,"equality-heavy","false","43","36","0.433735","4.048193","0.255814","0.506024"
result,"FEQ/NUM841+2.p","Unknown","","Theorem",0.007413,"equality-heavy","false","28","19","0.441860","5.000000","0.500000","0.348837"
result,"FEQ/NUM852+1.p","Unknown","","Theorem",0.008563,"equality-heavy","false","68","53","0.417323","4.590551","0.308824","0.488189"
result,"FEQ/NUM853+2.p","Unknown","","Theorem",0.005298,"equality-heavy","false","41","39","0.582090","4.985075","0.439024","0.447761"
result,"FEQ/NUM856+1.p","Unknown","","Theorem",0.008531,"equality-heavy","false","72","52","0.376812","4.376812","0.263889","0.471014"
result,"FEQ/NUM858+1.p","Unknown","","Timeout",3.791133,"equality-light","false","27","5","0.080645","4.016129","0.037037","0.516129"
result,"FEQ/NUM862+1.p","Unknown","","Timeout",3.156180,"equality-light","false","28","3","0.046154","4.261538","0.035714","0.523077"
result,"FEQ/NUM924+7.p","Unknown","","Timeout",2.929092,"equality-heavy","false","1679","1064","0.259007","12.472493","0.247171","0.533350"
result,"FEQ/NUM925+3.p","Unknown","","Timeout",3.326689,"equality-heavy","false","1757","1243","0.309127","6.553594","0.275470","0.530216"
result,"FEQ/NUM925+7.p","Unknown","","Timeout",2.909290,"equality-heavy","false","1675","1058","0.268664","11.059167","0.252537","0.545201"
result,"FEQ/NUM926+2.p","Unknown","","Timeout",3.233829,"equality-heavy","false","959","748","0.363460","5.190962","0.361835","0.510204"
result,"FEQ/NUM926+4.p","Unknown","","Timeout",3.007595,"equality-heavy","false","10245","6437","0.150068","8.231244","0.236408","0.529631"
result,"FEQ/NUM926+7.p","Unknown","","Timeout",2.944328,"equality-heavy","false","1679","1066","0.259241","12.482004","0.245384","0.533317"
result,"FEQ/NUN058+2.p","Unknown","","Timeout",3.022476,"equality-heavy","false","35","28","0.411765","4.117647","0.485714","0.455882"
result,"FEQ/NUN075+2.p","Unknown","","Timeout",3.023324,"equality-heavy","false","35","26","0.337662","3.948052","0.485714","0.519481"
result,"FEQ/NUN086+2.p","Unknown","","Timeout",3.025592,"equality-heavy","false","35","26","0.433333","4.216667","0.485714","0.383333"
result,"FEQ/PRO010+3.p","Unknown","","Theorem",1.885712,"equality-light","false","111","18","0.059603","3.433775","0.117117","0.569536"
result,"FEQ/PRO012+1.p","Unknown","","Theorem",1.853794,"equality-light","false","88","11","0.050459","3.431193","0.147727","0.582569"
result,"FEQ/PRO018+2.p","Unknown","","Theorem",0.704999,"equality-light","false","98","12","0.039735","3.516556","0.163265","0.605960"
result,"FEQ/PUZ077+1.p","Unknown","","Timeout",3.027657,"unknown","false","0","0","0.000000","0.000000","0.000000","0.000000"
result,"FEQ/PUZ078+1.p","Unknown","","Theorem",0.012274,"equality-light","false","52","39","0.414894","2.531915","0.634615","0.595745"
result,"FEQ/REL020+2.p","Unknown","","Timeout",3.004034,"equality-heavy","false","18","18","1.000000","12.333333","1.000000","0.055556"
result,"FEQ/REL021+1.p","Unknown","","Timeout",3.005246,"equality-heavy","false","15","15","1.000000","9.266667","1.000000","0.066667"
result,"FEQ/REL033+1.p","Unknown","","Timeout",3.003920,"equality-heavy","false","15","15","1.000000","9.133333","1.000000","0.066667"
result,"FEQ/REL033+4.p","Unknown","","Timeout",3.003889,"equality-heavy","false","18","19","1.000000","13.000000","0.944444","0.105263"
result,"FEQ/REL035+1.p","Unknown","","Timeout",3.004013,"equality-heavy","false","15","15","1.000000","9.333333","1.000000","0.066667"
result,"FEQ/RNG085+2.p","Unknown","","Theorem",1.193683,"equality-heavy","false","74","53","0.202290","3.717557","0.135135","0.637405"
result,"FEQ/RNG098+2.p","Unknown","","Theorem",2.053693,"equality-heavy","false","80","55","0.200730","3.656934","0.200000","0.631387"
result,"FEQ/SCT115+1.p","Unknown","","Timeout",2.969435,"equality-heavy","false","7030","24518","0.547472","6.123906","0.019203","0.530770"
result,"FEQ/SCT123+1.p","Unknown","","Timeout",3.041520,"equality-heavy","false","810","590","0.295888","12.568706","0.174074","0.479438"
result,"FEQ/SCT131+1.p","Unknown","","Timeout",3.033138,"equality-heavy","false","812","520","0.256790","11.396543","0.165025","0.487407"
result,"FEQ/SCT146+1.p","Unknown","","Timeout",3.043025,"equality-heavy","false","832","650","0.300509","11.773925","0.143029","0.501618"
result,"FEQ/SCT147+1.p","Unknown","","Timeout",3.886349,"equality-heavy","false","789","475","0.225225","11.223329","0.130545","0.504030"
result,"FEQ/SCT151+1.p","Unknown","","Timeout",3.026997,"equality-heavy","false","774","511","0.247218","7.929366","0.169251","0.508950"
result,"FEQ/SCT152+1.p","Unknown","","Theorem",2.363920,"equality-heavy","false","775","515","0.248552","7.921815","0.169032","0.507722"
result,"FEQ/SCT154+1.p","Unknown","","Timeout",3.267892,"equality-heavy","false","794","544","0.259171","8.255360","0.182620","0.504050"
result,"FEQ/SCT170+6.p","Unknown","","Timeout",3.005584,"equality-heavy","false","966","938","0.390021","27.298960","0.236025","0.474428"
result,"FEQ/SET013+4.p","Unknown","","Timeout",2.959414,"equality-light","false","30","6","0.090909","3.757576","0.066667","0.515152"
result,"FEQ/SET017+1.p","Unknown","","Theorem",0.399962,"equality-heavy","false","93","30","0.158730","4.470899","0.247312","0.476190"
result,"FEQ/SET018+1.p","Unknown","","Theorem",0.381220,"equality-heavy","false","92","30","0.159574","4.478723","0.239130","0.478723"
result,"FEQ/SET072+1.p","Unknown","","Theorem",0.417960,"equality-heavy","false","93","30","0.158730","4.470899","0.247312","0.476190"
result,"FEQ/SET082+1.p","Unknown","","Theorem",0.411694,"equality-heavy","false","91","29","0.155080","4.470588","0.230769","0.486631"
result,"FEQ/SET090+1.p","Unknown","","Theorem",0.394107,"equality-heavy","false","96","34","0.173469","4.464286","0.229167","0.469388"
result,"FEQ/SET095+1.p","Unknown","","Theorem",0.404660,"equality-heavy","false","91","28","0.149733","4.470588","0.230769","0.481283"
result,"FEQ/SET098+1.p","Unknown","","Theorem",0.331064,"equality-heavy","false","92","30","0.157895","4.468421","0.228261","0.494737"
result,"FEQ/SET144+3.p","Unknown","","Timeout",2.907518,"equality-heavy","false","21","10","0.222222","3.888889","0.238095","0.466667"
result,"FEQ/SET156+4.p","Unknown","","Timeout",2.959719,"equality-light","false","32","6","0.088235","3.823529","0.125000","0.500000"
result,"FEQ/SET637+3.p","Unknown","","Theorem",0.089292,"equality-heavy","false","19","7","0.166667","3.595238","0.105263","0.523810"
result,"FEQ/SET649+3.p","Unknown","","Timeout",2.957339,"equality-light","false","54","2","0.010870","3.467391","0.148148","0.663043"
result,"FEQ/SET668+3.p","Unknown","","Timeout",3.773817,"equality-light","false","64","11","0.047414","3.547414","0.093750","0.676724"
result,"FEQ/SET710+4.p","Unknown","","Timeout",2.961733,"equality-light","false","141","13","0.030374","5.619159","0.035461","0.514019"
result,"FEQ/SET756+4.p","Unknown","","Timeout",2.959673,"equality-light","false","141","13","0.030374","5.586449","0.035461","0.514019"
result,"FEQ/SET763+4.p","Unknown","","Timeout",2.959679,"equality-light","false","141","13","0.030374","5.567757","0.035461","0.514019"
result,"FEQ/SEU025+1.p","Unknown","","Theorem",0.227109,"equality-light","false","65","8","0.062016","2.713178","0.461538","0.534884"
result,"FEQ/SEU053+1.p","Unknown","","Theorem",0.147569,"equality-light","false","73","23","0.158621","3.000000","0.479452","0.448276"
result,"FEQ/SEU176+2.p","Unknown","","Timeout",3.024703,"equality-heavy","false","225","176","0.310406","4.306878","0.168889","0.500882"
result,"FEQ/SEU258+2.p","Unknown","","Theorem",2.625350,"equality-heavy","false","670","442","0.206639","3.843852","0.141791","0.600281"
result,"FEQ/SEU299+2.p","Unknown","","Timeout",3.075254,"equality-heavy","false","1754","1854","0.226567","4.383111","0.079818","0.582427"
result,"FEQ/SEU314+2.p","Unknown","","Timeout",2.957940,"equality-heavy","false","3280","5483","0.228373","3.885710","0.051524","0.610188"
result,"FEQ/SEU356+2.p","Unknown","","Timeout",2.918039,"equality-heavy","false","4090","6507","0.228308","4.057542","0.057213","0.618224"
result,"FEQ/SEU390+1.p","Unknown","","Theorem",0.243781,"equality-light","false","154","59","0.088456","3.584708","0.227273","0.604198"
result,"FEQ/SEU419+1.p","Unknown","","Theorem",0.308638,"equality-heavy","false","53","16","0.163265","3.602041","0.471698","0.469388"
result,"FEQ/SEU424+2.p","Unknown","","Timeout",3.018688,"equality-heavy","false","52694","182836","0.308402","5.357747","0.018845","0.497182"
result,"FEQ/SEU425+3.p","Unknown","","Timeout",3.017532,"unknown","false","0","0","0.000000","0.000000","0.000000","0.000000"
result,"FEQ/SEU429+2.p","Unknown","","Timeout",3.013726,"equality-heavy","false","52714","182854","0.308389","5.357804","0.018838","0.497210"
result,"FEQ/SEU429+3.p","Unknown","","Timeout",3.017399,"unknown","false","0","0","0.000000","0.000000","0.000000","0.000000"
result,"FEQ/SEU447+2.p","Unknown","","Timeout",3.016572,"equality-heavy","false","52758","182884","0.308362","5.358234","0.018803","0.497252"
result,"FEQ/SEV517+1.p","Unknown","","Timeout",2.961752,"equality-light","false","138","20","0.042194","4.818565","0.028986","0.369198"
result,"FEQ/SEV522+1.p","Unknown","","Timeout",2.959417,"equality-light","false","138","20","0.042283","4.807611","0.036232","0.367865"
result,"FEQ/SEV551+1.p","Unknown","","Timeout",2.957533,"equality-light","false","80","5","0.026316","3.005263","0.050000","0.568421"
result,"FEQ/SEV554+1.p","Unknown","","Timeout",2.957502,"equality-light","false","80","5","0.026316","3.142105","0.050000","0.573684"
result,"FEQ/SEV556+1.p","Unknown","","Timeout",2.957445,"equality-light","false","80","5","0.026316","3.131579","0.050000","0.573684"
result,"FEQ/SEV560+1.p","Unknown","","Timeout",2.957472,"equality-light","false","80","5","0.026316","3.073684","0.050000","0.573684"
result,"FEQ/SEV562+1.p","Unknown","","Timeout",2.957345,"equality-light","false","80","5","0.026316","3.136842","0.050000","0.573684"
result,"FEQ/SEV565+1.p","Unknown","","Timeout",2.957675,"equality-light","false","80","5","0.026316","3.168421","0.050000","0.568421"
result,"FEQ/SEV572+1.p","Unknown","","Timeout",2.958918,"equality-light","false","80","5","0.026316","3.263158","0.050000","0.568421"
result,"FEQ/SEV579+1.p","Unknown","","Timeout",2.958007,"equality-light","false","80","5","0.026316","3.257895","0.050000","0.573684"
result,"FEQ/SEV580+1.p","Unknown","","Timeout",2.957889,"equality-light","false","80","5","0.026316","3.215789","0.050000","0.573684"
result,"FEQ/SWB012+1.p","Unknown","","Timeout",2.915276,"equality-light","false","1229","295","0.053163","4.132817","0.176566","0.701568"
result,"FEQ/SWB013+1.p","Unknown","","Timeout",2.978780,"equality-light","false","1235","295","0.053115","4.132517","0.181377","0.700756"
result,"FEQ/SWB014+1.p","Unknown","","Timeout",2.978992,"equality-light","false","1224","295","0.053211","4.132756","0.173203","0.702201"
result,"FEQ/SWB020+1.p","Unknown","","Timeout",2.906825,"equality-light","false","1231","295","0.053153","4.132613","0.178716","0.701261"
result,"FEQ/SWB022+1.p","Unknown","","Timeout",2.905580,"equality-light","false","1235","295","0.053096","4.132469","0.180567","0.700864"
result,"FEQ/SWB023+1.p","Unknown","","Timeout",2.978988,"equality-light","false","1223","295","0.053220","4.132780","0.172527","0.702327"
result,"FEQ/SWB025+1.p","Unknown","","Timeout",2.905130,"equality-light","false","1231","295","0.053144","4.132589","0.177904","0.701315"
result,"FEQ/SWB026+1.p","Unknown","","Timeout",2.907472,"equality-light","false","1224","295","0.053220","4.132780","0.174020","0.702147"
result,"FEQ/SWB027+1.p","Unknown","","Timeout",2.911601,"equality-light","false","1222","295","0.053239","4.132828","0.172668","0.702400"
result,"FEQ/SWB028+1.p","Unknown","","Timeout",2.906900,"equality-light","false","1220","295","0.053259","4.132876","0.171311","0.702654"
result,"FEQ/SWB028+2.p","Unknown","","Timeout",2.958065,"equality-light","false","40","4","0.035714","3.598214","0.150000","0.571429"
result,"FEQ/SWB039+1.p","Unknown","","Timeout",2.913828,"equality-light","false","1222","295","0.053201","4.132732","0.171849","0.702615"
result,"FEQ/SWB043+1.p","Unknown","","Timeout",2.911672,"equality-light","false","1219","295","0.053268","4.132900","0.170632","0.702781"
result,"FEQ/SWB045+1.p","Unknown","","Timeout",2.914549,"equality-light","false","1221","295","0.053249","4.132852","0.171990","0.702527"
result,"FEQ/SWB046+1.p","Unknown","","Timeout",2.906848,"equality-light","false","1221","295","0.053249","4.132852","0.171990","0.702527"
result,"FEQ/SWB047+1.p","Unknown","","Timeout",2.911624,"equality-light","false","1218","295","0.053278","4.132924","0.169951","0.702908"
result,"FEQ/SWB050+1.p","Unknown","","Timeout",2.908871,"equality-light","false","1232","295","0.053144","4.132589","0.179383","0.701135"
result,"FEQ/SWB055+1.p","Unknown","","Timeout",2.906208,"equality-light","false","1222","295","0.053201","4.132732","0.171849","0.702615"
result,"FEQ/SWB056+1.p","Unknown","","Timeout",2.908729,"equality-light","false","1223","295","0.053230","4.132804","0.173344","0.702274"
result,"FEQ/SWB058+1.p","Unknown","","Timeout",2.979060,"equality-light","false","1223","295","0.053230","4.132804","0.173344","0.702274"
result,"FEQ/SWB059+1.p","Unknown","","Timeout",2.978552,"equality-light","false","1222","295","0.053201","4.132732","0.171849","0.702615"
result,"FEQ/SWB062+1.p","Unknown","","Timeout",2.911972,"equality-light","false","1236","295","0.053105","4.132493","0.182039","0.700630"
result,"FEQ/SWB067+1.p","Unknown","","Timeout",2.908129,"equality-light","false","1218","295","0.053278","4.132924","0.169951","0.702908"
result,"FEQ/SWB069+1.p","Unknown","","Timeout",2.908878,"equality-light","false","1225","295","0.053144","4.132589","0.173878","0.702396"
result,"FEQ/SWB073+1.p","Unknown","","Timeout",2.910980,"equality-light","false","1217","295","0.053288","4.132948","0.169269","0.703035"
result,"FEQ/SWB075+1.p","Unknown","","Timeout",2.912758,"equality-light","false","1217","295","0.053288","4.132948","0.169269","0.703035"
result,"FEQ/SWB077+1.p","Unknown","","Timeout",2.910491,"equality-light","false","1218","295","0.053278","4.132924","0.169951","0.702908"
result,"FEQ/SWB083+1.p","Unknown","","Timeout",2.910262,"equality-light","false","1220","295","0.053259","4.132876","0.171311","0.702654"
result,"FEQ/SWB086+1.p","Unknown","","Timeout",2.911998,"equality-light","false","1221","295","0.053249","4.133574","0.171990","0.702527"
result,"FEQ/SWB092+1.p","Unknown","","Timeout",2.910861,"equality-light","false","1233","295","0.053134","4.132925","0.180049","0.701009"
result,"FEQ/SWB095+1.p","Unknown","","Timeout",2.907718,"equality-light","false","1223","295","0.053230","4.133526","0.173344","0.702274"
result,"FEQ/SWB097+1.p","Unknown","","Timeout",2.912309,"equality-light","false","1221","295","0.053249","4.133213","0.171990","0.702527"
result,"FEQ/SWB098+1.p","Unknown","","Timeout",2.908478,"equality-light","false","1221","295","0.053249","4.132852","0.171990","0.702527"
result,"FEQ/SWB099+1.p","Unknown","","Timeout",2.908894,"equality-light","false","1221","295","0.053249","4.132852","0.171990","0.702527"
result,"FEQ/SWB100+1.p","Unknown","","Timeout",2.910191,"equality-light","false","1219","295","0.053259","4.132876","0.169811","0.702834"
result,"FEQ/SWB101+1.p","Unknown","","Timeout",2.905215,"equality-light","false","1221","295","0.053249","4.133574","0.171990","0.702527"
result,"FEQ/SWB102+1.p","Unknown","","Timeout",2.908588,"equality-light","false","1224","295","0.053220","4.133502","0.174020","0.702147"
result,"FEQ/SWB103+1.p","Unknown","","Timeout",2.906802,"equality-light","false","1230","295","0.053163","4.133718","0.178049","0.701388"
result,"FEQ/SWB104+1.p","Unknown","","Timeout",2.979557,"equality-light","false","1227","295","0.053191","4.133429","0.176039","0.701767"
result,"FEQ/SWB108+1.p","Unknown","","Timeout",2.978846,"equality-light","false","1221","295","0.053249","4.133213","0.171990","0.702527"
result,"FEQ/SWC005+1.p","Unknown","","Theorem",0.249241,"equality-light","false","201","118","0.158816","2.921938","0.094527","0.650067"
result,"FEQ/SWC199+1.p","Unknown","","Timeout",3.877610,"equality-light","false","199","113","0.155007","2.920439","0.090452","0.647462"
result,"FEQ/SWC386+1.p","Unknown","","Theorem",0.245660,"equality-light","false","205","124","0.167568","2.918919","0.087805","0.635135"
result,"FEQ/SWV034+1.p","Unknown","","Theorem",0.199440,"equality-heavy","false","582","1915","0.302958","5.210252","0.115120","0.742604"
result,"FEQ/SWV053+1.p","Unknown","","Theorem",0.062843,"equality-heavy","false","309","383","0.216018","10.331077","0.194175","0.584884"
result,"FEQ/SWV055+1.p","Unknown","","Theorem",0.055235,"equality-heavy","false","306","373","0.214245","10.314187","0.189542","0.578978"
result,"FEQ/SWV089+1.p","Unknown","","Theorem",0.050319,"equality-heavy","false","289","372","0.218824","10.455882","0.173010","0.581176"
result,"FEQ/SWV090+1.p","Unknown","","Theorem",0.050420,"equality-heavy","false","303","402","0.232504","10.358010","0.211221","0.580104"
result,"FEQ/SWV092+1.p","Unknown","","Theorem",0.053629,"equality-heavy","false","319","530","0.284793","9.924234","0.238245","0.601290"
result,"FEQ/SWV118+1.p","Unknown","","Timeout",3.031198,"unknown","false","0","0","0.000000","0.000000","0.000000","0.000000"
result,"FEQ/SWV198+1.p","Unknown","","Theorem",0.070392,"equality-heavy","false","331","396","0.226934","10.222923","0.274924","0.567908"
result,"FEQ/SWV199+1.p","Unknown","","Theorem",0.069938,"equality-heavy","false","334","402","0.229583","10.198172","0.272455","0.569389"
result,"FEQ/SWV233+1.p","Unknown","","Timeout",3.071428,"equality-heavy","false","32","12","0.179104","4.000000","0.437500","0.537313"
result,"FEQ/SWV234+1.p","Unknown","","Timeout",2.958348,"equality-light","false","26","5","0.092593","4.611111","0.576923","0.537037"
result,"FEQ/SWV234+2.p","Unknown","","Timeout",2.907469,"equality-heavy","false","22","5","0.135135","4.324324","0.681818","0.432432"
result,"FEQ/SWV374+1.p","Unknown","","Theorem",0.071300,"equality-heavy","false","52","33","0.317308","5.480769","0.346154","0.423077"
result,"FEQ/SWV404+1.p","Unknown","","Theorem",0.071250,"equality-heavy","false","55","32","0.296296","5.527778","0.363636","0.425926"
result,"FEQ/SWV408+2.p","Unknown","","Timeout",3.004492,"equality-heavy","false","57","32","0.283186","5.433628","0.350877","0.442478"
result,"FEQ/SWV449+1.p","Unknown","","Timeout",3.073258,"equality-heavy","false","122","100","0.454545","4.245455","0.483607","0.536364"
result,"FEQ/SWV451+1.p","Unknown","","Theorem",0.021535,"equality-heavy","false","127","108","0.471616","4.192140","0.472441","0.537118"
result,"FEQ/SWV452+1.p","Unknown","","Timeout",3.069458,"equality-heavy","false","126","111","0.478448","4.228448","0.436508","0.530172"
result,"FEQ/SWV453+1.p","Unknown","","Timeout",3.020264,"equality-heavy","false","126","111","0.478448","4.228448","0.436508","0.530172"
result,"FEQ/SWV455+1.p","Unknown","","Timeout",3.044404,"equality-heavy","false","122","103","0.457778","4.253333","0.442623","0.573333"
result,"FEQ/SWV457+1.p","Unknown","","Timeout",3.024363,"equality-heavy","false","125","109","0.436000","4.412000","0.440000","0.592000"
result,"FEQ/SWV458+1.p","Unknown","","Timeout",3.040076,"equality-heavy","false","134","135","0.459184","4.561224","0.432836","0.619048"
result,"FEQ/SWV459+1.p","Unknown","","Timeout",3.031861,"equality-heavy","false","134","135","0.459184","4.551020","0.432836","0.622449"
result,"FEQ/SWV460+1.p","Unknown","","Timeout",3.038815,"equality-heavy","false","124","111","0.444000","4.384000","0.435484","0.588000"
result,"FEQ/SWV462+1.p","Unknown","","Timeout",3.057610,"equality-heavy","false","130","129","0.454225","4.605634","0.438462","0.630282"
result,"FEQ/SWV466+1.p","Unknown","","Timeout",3.065675,"equality-heavy","false","134","130","0.451389","4.614583","0.455224","0.618056"
result,"FEQ/SWV468+1.p","Unknown","","Timeout",3.018037,"equality-heavy","false","132","139","0.455738","4.560656","0.416667","0.639344"
result,"FEQ/SWV471+1.p","Unknown","","Timeout",3.068482,"equality-heavy","false","123","125","0.477099","4.431298","0.439024","0.603053"
result,"FEQ/SWV472+1.p","Unknown","","Timeout",3.042269,"equality-heavy","false","127","128","0.481203","4.481203","0.456693","0.597744"
result,"FEQ/SWV473+1.p","Unknown","","Timeout",3.076852,"equality-heavy","false","122","126","0.479087","4.437262","0.426230","0.608365"
result,"FEQ/SWV476+1.p","Unknown","","Theorem",0.034065,"equality-heavy","false","138","164","0.464589","4.713881","0.427536","0.671388"
result,"FEQ/SWV479+1.p","Unknown","","Theorem",0.034019,"equality-heavy","false","138","162","0.460227","4.707386","0.434783","0.673295"
result,"FEQ/SWV480+1.p","Unknown","","Theorem",0.030587,"equality-heavy","false","137","161","0.458689","4.706553","0.430657","0.675214"
result,"FEQ/SWV486+1.p","Unknown","","Theorem",0.158204,"equality-heavy","false","22","13","0.240741","3.666667","0.363636","0.611111"
result,"FEQ/SWV486+2.p","Unknown","","Theorem",0.427612,"equality-heavy","false","23","14","0.229508","3.622951","0.347826","0.639344"
result,"FEQ/SWV487+1.p","Unknown","","Theorem",1.814323,"equality-heavy","false","22","13","0.240741","3.666667","0.363636","0.611111"
result,"FEQ/SWV490+3.p","Unknown","","Timeout",2.906799,"equality-heavy","false","27","21","0.304348","3.579710","0.296296","0.608696"
result,"FEQ/SWV491+4.p","Unknown","","Theorem",0.188703,"equality-heavy","false","26","19","0.283582","3.597015","0.307692","0.641791"
result,"FEQ/SWV492+1.p","Unknown","","Theorem",1.044549,"equality-heavy","false","35","25","0.280899","3.584270","0.114286","0.471910"
result,"FEQ/SWW097+1.p","Unknown","","Timeout",3.104869,"equality-heavy","false","94","84","0.383562","3.534247","0.372340","0.401826"
result,"FEQ/SWW102+1.p","Unknown","","Timeout",3.050208,"equality-heavy","false","94","84","0.383562","3.525114","0.372340","0.401826"
result,"FEQ/SWW238+1.p","Unknown","","Timeout",3.004654,"equality-heavy","false","1792","1090","0.223361","6.073566","0.186942","0.545082"
result,"FEQ/SWW273+1.p","Unknown","","Theorem",1.996115,"equality-heavy","false","1648","1194","0.266875","5.890255","0.165049","0.582030"
result,"FEQ/SWW291+1.p","Unknown","","Timeout",3.309511,"equality-heavy","false","1723","1149","0.236663","5.905870","0.164248","0.589083"
result,"FEQ/SWW297+1.p","Unknown","","Timeout",3.007605,"equality-heavy","false","7539","5831","0.309140","11.340526","0.220719","0.520411"
result,"FEQ/SWW313+1.p","Unknown","","Timeout",3.006559,"equality-heavy","false","7504","5791","0.308114","11.435222","0.219883","0.519659"
result,"FEQ/SWW314+1.p","Unknown","","Timeout",3.008914,"equality-heavy","false","7510","5797","0.308220","11.430561","0.219973","0.519672"
result,"FEQ/SWW315+1.p","Unknown","","Timeout",3.007361,"equality-heavy","false","7506","5792","0.308101","11.433640","0.220091","0.519655"
result,"FEQ/SWW337+1.p","Unknown","","Timeout",3.007092,"equality-heavy","false","7497","5786","0.307700","11.426239","0.219955","0.521059"
result,"FEQ/SWW342+1.p","Unknown","","Timeout",3.007731,"equality-heavy","false","7396","5924","0.323504","11.556247","0.231612","0.519441"
result,"FEQ/SWW345+1.p","Unknown","","Timeout",3.007487,"equality-heavy","false","7388","5910","0.323021","11.527875","0.232133","0.519458"
result,"FEQ/SWW348+1.p","Unknown","","Timeout",3.007322,"equality-heavy","false","7437","5928","0.323563","11.611157","0.233696","0.517766"
result,"FEQ/SWW350+1.p","Unknown","","Timeout",3.007415,"equality-heavy","false","7436","5925","0.323488","11.614490","0.233862","0.517635"
result,"FEQ/SWW374+1.p","Unknown","","Timeout",3.007165,"equality-heavy","false","7493","5972","0.324072","11.392446","0.233952","0.514869"
result,"FEQ/SWW383+1.p","Unknown","","Timeout",3.007032,"equality-heavy","false","7491","5904","0.319896","11.579974","0.232412","0.515767"
result,"FEQ/SWW385+1.p","Unknown","","Timeout",3.006758,"equality-heavy","false","7487","5917","0.320774","11.561151","0.232937","0.516372"
result,"FEQ/SWW386+1.p","Unknown","","Timeout",3.007508,"equality-heavy","false","7489","5910","0.320238","11.568247","0.232741","0.516229"
result,"FEQ/SWW470+1.p","Unknown","","Timeout",3.029736,"equality-heavy","false","218","178","0.370062","7.303534","0.256881","0.459459"
result,"FEQ/SWW470+3.p","Unknown","","Timeout",3.009489,"equality-heavy","false","1924","1451","0.339574","8.383103","0.257796","0.476714"
result,"FEQ/SWW470+6.p","Unknown","","Timeout",2.929656,"equality-heavy","false","829","615","0.318158","26.869633","0.255730","0.505949"
result,"FEQ/SWW470+7.p","Unknown","","Theorem",2.789525,"equality-heavy","false","1611","1090","0.253547","21.658758","0.181875","0.560828"
result,"FEQ/SWW473+1.p","Unknown","","Timeout",3.036583,"equality-heavy","false","548","196","0.163062","5.868552","0.235401","0.502496"
result,"FEQ/SWW473+2.p","Unknown","","Timeout",3.304989,"equality-heavy","false","1356","676","0.198882","5.766696","0.197640","0.542218"
result,"FEQ/SWW473+5.p","Unknown","","Theorem",0.105022,"equality-heavy","false","200","104","0.265306","20.775510","0.330000","0.448980"
result,"FEQ/SWW474+1.p","Unknown","","Timeout",3.025396,"equality-heavy","false","577","363","0.272727","5.320811","0.235702","0.516905"
result,"FEQ/SWW474+2.p","Unknown","","Timeout",3.286678,"equality-heavy","false","1309","845","0.253449","7.017397","0.239114","0.515297"
result,"FEQ/SWW474+7.p","Unknown","","Timeout",2.925066,"equality-heavy","false","1515","1235","0.330656","27.004552","0.215842","0.518608"
result,"FEQ/SWW477+7.p","Unknown","","Timeout",3.013921,"equality-heavy","false","1623","1431","0.399386","141.275747","0.356131","0.499023"
result,"FEQ/SWW478+7.p","Unknown","","Timeout",3.018561,"equality-heavy","false","1590","1311","0.375752","140.635999","0.342138","0.495844"
result,"FEQ/SWW874+1.p","Unknown","","Theorem",0.011789,"equality-heavy","false","38","38","0.760000","45.300000","0.736842","0.260000"
result,"FEQ/SWW878+1.p","Unknown","","Theorem",0.011608,"equality-heavy","false","65","53","0.313609","6.917160","0.200000","0.479290"
result,"FEQ/SWW900+1.p","Unknown","","Theorem",0.016535,"equality-heavy","false","97","87","0.621429","13.507143","0.608247","0.314286"
result,"FEQ/SWW937+1.p","Unknown","","Theorem",0.012455,"equality-heavy","false","66","44","0.232804","9.460317","0.060606","0.523810"
result,"FEQ/SWW956+1.p","Unknown","","Timeout",2.957700,"equality-light","false","94","57","0.448819","3.023622","0.744681","0.700787"
result,"FEQ/SWW958+1.p","Unknown","","Timeout",3.848383,"equality-light","false","277","195","0.540166","3.011080","0.776173","0.761773"
result,"FEQ/SWW963+1.p","Unknown","","Timeout",2.958822,"equality-light","false","196","97","0.302181","3.401869","0.596939","0.629283"
result,"FEQ/SWW967+1.p","Unknown","","Timeout",2.959193,"equality-light","false","175","83","0.279461","3.491582","0.565714","0.636364"
result,"FEQ/SWX022+1.p","Unknown","","Timeout",3.163342,"equality-heavy","false","363","331","0.324510","3.983333","0.044077","0.487255"
result,"FEQ/SWX029+1.p","Unknown","","Timeout",3.009325,"equality-heavy","false","1230","2096","0.440799","5.607992","0.025203","0.382755"
result,"FEQ/SWX034+1.p","Unknown","","Timeout",3.007775,"equality-heavy","false","147","155","0.369928","3.988067","0.040816","0.451074"
result,"FEQ/SWX037+1.p","Unknown","","Timeout",3.003668,"equality-heavy","false","156","168","0.371681","4.064159","0.044872","0.469027"
result,"FEQ/SWX038+1.p","Unknown","","Timeout",3.007190,"equality-heavy","false","156","169","0.378924","4.080717","0.038462","0.464126"
result,"FEQ/SWX044+1.p","Unknown","","Timeout",3.034464,"equality-heavy","false","201","174","0.305800","3.876977","0.029851","0.490334"
result,"FEQ/SWX055+1.p","Unknown","","Timeout",3.004176,"equality-heavy","false","597","545","0.307389","4.145516","0.036851","0.497462"
result,"FEQ/SWX060+1.p","Unknown","","Timeout",3.049157,"equality-heavy","false","579","520","0.301100","4.114071","0.037997","0.495078"
result,"FEQ/SWX070+1.p","Unknown","","Timeout",3.022606,"unknown","false","0","0","0.000000","0.000000","0.000000","0.000000"
result,"FEQ/TOP034+4.p","Unknown","","Timeout",3.022463,"unknown","false","0","0","0.000000","0.000000","0.000000","0.000000"
result,"FNE/BOO109+1.p","Unknown","","Timeout",3.004717,"non-equality","false","3","0","0.000000","12.800000","0.666667","0.600000"
result,"FNE/COM008+1.p","Unknown","","Timeout",3.005017,"non-equality","false","15","0","0.000000","3.333333","0.266667","0.555556"
result,"FNE/CSR026+3.p","Unknown","","Timeout",3.006304,"large-general","false","8007","0","0.000000","2.884397","0.410016","0.391531"
result,"FNE/CSR027+3.p","Unknown","","Timeout",3.006394,"large-general","false","8007","0","0.000000","2.884253","0.409891","0.391578"
result,"FNE/CSR033+3.p","Unknown","","Timeout",3.006913,"large-general","false","8007","0","0.000000","2.884253","0.409891","0.391578"
result,"FNE/CSR034+2.p","Unknown","","Timeout",3.004991,"large-general","false","1133","0","0.000000","2.712106","0.307149","0.428789"
result,"FNE/CSR036+2.p","Unknown","","Timeout",3.006040,"large-general","false","1133","0","0.000000","2.712106","0.307149","0.428789"
result,"FNE/CSR036+3.p","Unknown","","Timeout",3.007268,"large-general","false","8007","0","0.000000","2.884320","0.410016","0.391531"
result,"FNE/CSR039+2.p","Unknown","","Timeout",3.005225,"large-general","false","1133","0","0.000000","2.714140","0.307149","0.428789"
result,"FNE/CSR040+3.p","Unknown","","Timeout",3.007078,"large-general","false","8007","0","0.000000","2.884550","0.410016","0.391454"
result,"FNE/CSR052+3.p","Unknown","","Timeout",3.006694,"large-general","false","8007","0","0.000000","2.884627","0.410016","0.391531"
result,"FNE/CSR056+3.p","Unknown","","Timeout",3.006663,"large-general","false","8007","0","0.000000","2.884320","0.410016","0.391531"
result,"FNE/CSR057+2.p","Unknown","","Timeout",3.005410,"large-general","false","1133","0","0.000000","2.712106","0.307149","0.428789"
result,"FNE/CSR060+2.p","Unknown","","Timeout",3.005179,"large-general","false","1133","0","0.000000","2.713777","0.306267","0.429080"
result,"FNE/CSR061+2.p","Unknown","","Timeout",3.004698,"large-general","false","1133","0","0.000000","2.712106","0.307149","0.428789"
result,"FNE/CSR062+2.p","Unknown","","Theorem",0.697917,"large-general","false","1133","0","0.000000","2.712106","0.307149","0.428789"
result,"FNE/CSR062+3.p","Unknown","","Timeout",3.006116,"large-general","false","8007","0","0.000000","2.884320","0.410016","0.391531"
result,"FNE/CSR073+2.p","Unknown","","Theorem",0.635723,"large-general","false","1133","0","0.000000","2.712106","0.307149","0.428789"
result,"FNE/CSR073+3.p","Unknown","","Timeout",3.006074,"large-general","false","8007","0","0.000000","2.884320","0.410016","0.391531"
result,"FNE/CSR115+31.p","Unknown","","Timeout",3.007445,"large-general","false","10630","0","0.000000","3.076082","0.970837","0.077904"
result,"FNE/CSR115+6.p","Unknown","","Timeout",3.007119,"large-general","false","10712","0","0.000000","3.075465","0.971060","0.077274"
result,"FNE/CSR115+91.p","Unknown","","Timeout",3.007814,"large-general","false","10762","0","0.000000","3.076765","0.971195","0.077022"
result,"FNE/CSR115+98.p","Unknown","","Timeout",3.006281,"large-general","false","10615","0","0.000000","3.076181","0.970796","0.078006"
result,"FNE/CSR116+27.p","Unknown","","Timeout",3.006619,"large-general","false","10746","0","0.000000","3.075028","0.971152","0.077603"
result,"FNE/CSR116+39.p","Unknown","","Timeout",3.007674,"large-general","false","10736","0","0.000000","3.075780","0.971125","0.077670"
result,"FNE/CSR116+6.p","Unknown","","Timeout",3.007492,"large-general","false","10804","0","0.000000","3.075083","0.971307","0.077219"
result,"FNE/GEO167+1.p","Unknown","","Timeout",3.003815,"non-equality","false","30","0","0.000000","3.721519","0.300000","0.544304"
result,"FNE/GEO168+1.p","Unknown","","Timeout",3.003580,"non-equality","false","33","0","0.000000","3.629630","0.272727","0.555556"
result,"FNE/GEO259+1.p","Unknown","","Timeout",3.005139,"non-equality","false","64","0","0.000000","3.556886","0.265625","0.532934"
result,"FNE/KRS189+1.p","Unknown","","Theorem",0.139100,"non-equality","false","111","0","0.000000","4.022305","0.126126","0.535316"
result,"FNE/KRS203+1.p","Unknown","","Timeout",3.004542,"non-equality","false","111","0","0.000000","4.022305","0.126126","0.535316"
result,"FNE/KRS216+1.p","Unknown","","Timeout",3.003990,"non-equality","false","111","0","0.000000","4.022305","0.126126","0.535316"
result,"FNE/KRS217+1.p","Unknown","","Timeout",3.003850,"non-equality","false","111","0","0.000000","4.022305","0.126126","0.535316"
result,"FNE/KRS233+1.p","Unknown","","Timeout",3.003771,"non-equality","false","111","0","0.000000","4.022305","0.126126","0.535316"
result,"FNE/KRS234+1.p","Unknown","","Timeout",3.003529,"non-equality","false","111","0","0.000000","4.022305","0.126126","0.535316"
result,"FNE/KRS251+1.p","Unknown","","Timeout",3.004174,"non-equality","false","111","0","0.000000","4.022305","0.126126","0.535316"
result,"FNE/KRS258+1.p","Unknown","","Timeout",3.004125,"non-equality","false","111","0","0.000000","4.022305","0.126126","0.535316"
result,"FNE/KRS260+1.p","Unknown","","Timeout",3.004257,"non-equality","false","111","0","0.000000","4.022305","0.126126","0.535316"
result,"FNE/KRS261+1.p","Unknown","","Timeout",3.003564,"non-equality","false","111","0","0.000000","4.022305","0.126126","0.535316"
result,"FNE/LCL062+1.p","Unknown","","Timeout",3.004577,"non-equality","false","5","0","0.000000","7.571429","0.800000","0.428571"
result,"FNE/LCL109+1.p","Unknown","","Timeout",3.005377,"non-equality","false","6","0","0.000000","7.500000","0.833333","0.375000"
result,"FNE/LCL365+1.p","Unknown","","Timeout",3.004163,"non-equality","false","5","0","0.000000","7.285714","0.800000","0.428571"
result,"FNE/LCL365+2.p","Unknown","","Timeout",3.004592,"non-equality","false","3","0","0.000000","16.200000","0.666667","0.600000"
result,"FNE/LCL368+1.p","Unknown","","Timeout",3.009731,"non-equality","false","5","0","0.000000","7.142857","0.800000","0.428571"
result,"FNE/LCL368+2.p","Unknown","","Timeout",3.004571,"non-equality","false","3","0","0.000000","16.000000","0.666667","0.600000"
result,"FNE/LCL369+1.p","Unknown","","Timeout",3.004652,"non-equality","false","5","0","0.000000","7.142857","0.800000","0.428571"
result,"FNE/LCL370+2.p","Unknown","","Timeout",3.004861,"non-equality","false","3","0","0.000000","15.200000","0.666667","0.600000"
result,"FNE/LCL373+2.p","Unknown","","Timeout",3.005112,"non-equality","false","3","0","0.000000","15.200000","0.666667","0.600000"
result,"FNE/LCL374+1.p","Unknown","","Timeout",3.009815,"non-equality","false","5","0","0.000000","7.142857","0.800000","0.428571"
result,"FNE/LCL374+2.p","Unknown","","Timeout",3.005375,"non-equality","false","3","0","0.000000","16.000000","0.666667","0.600000"
result,"FNE/LCL376+1.p","Unknown","","Timeout",3.006436,"non-equality","false","5","0","0.000000","7.428571","0.800000","0.428571"
result,"FNE/LCL377+1.p","Unknown","","Timeout",3.004504,"non-equality","false","5","0","0.000000","7.428571","0.800000","0.428571"
result,"FNE/LCL383+1.p","Unknown","","Timeout",3.004436,"non-equality","false","5","0","0.000000","7.142857","0.800000","0.428571"
result,"FNE/LCL383+2.p","Unknown","","Timeout",3.005223,"non-equality","false","3","0","0.000000","16.000000","0.666667","0.600000"
result,"FNE/LCL390+1.p","Unknown","","Timeout",3.008210,"non-equality","false","5","0","0.000000","6.428571","0.800000","0.428571"
result,"FNE/LCL390+2.p","Unknown","","Timeout",3.004916,"non-equality","false","3","0","0.000000","15.000000","0.666667","0.600000"
result,"FNE/LCL392+1.p","Unknown","","Timeout",3.007962,"non-equality","false","5","0","0.000000","7.000000","0.800000","0.428571"
result,"FNE/LCL392+2.p","Unknown","","Timeout",3.004084,"non-equality","false","3","0","0.000000","15.800000","0.666667","0.600000"
result,"FNE/LCL393+2.p","Unknown","","Timeout",3.005758,"non-equality","false","3","0","0.000000","15.800000","0.666667","0.600000"
result,"FNE/LCL394+2.p","Unknown","","Timeout",3.004737,"non-equality","false","3","0","0.000000","16.600000","0.666667","0.600000"
result,"FNE/LCL403+2.p","Unknown","","Timeout",3.004301,"non-equality","false","3","0","0.000000","14.800000","0.666667","0.600000"
result,"FNE/LCL640+1.005.p","Unknown","","Timeout",3.004540,"non-equality","false","83","0","0.000000","3.494118","0.072289","0.725000"
result,"FNE/LCL642+1.010.p","Unknown","","Timeout",2.939625,"large-general","false","4518","0","0.000000","3.114225","0.001328","0.620687"
result,"FNE/LCL642+1.015.p","Unknown","","Timeout",2.980692,"large-general","false","4677","0","0.000000","3.070777","0.001283","0.602730"
result,"FNE/LCL656+1.015.p","Unknown","","Timeout",2.928890,"non-equality","false","172","0","0.000000","3.422841","0.017442","0.920414"
result,"FNE/LCL660+1.015.p","Unknown","","Timeout",2.967213,"large-general","false","4690","0","0.000000","3.070666","0.001066","0.602689"
result,"FNE/LCL660+1.020.p","Unknown","","Timeout",2.927066,"large-general","false","4911","0","0.000000","2.997630","0.001018","0.571420"
result,"FNE/LCL670+1.010.p","Unknown","","Timeout",3.004583,"non-equality","false","122","0","0.000000","3.638095","0.418033","0.806349"
result,"FNE/LCL680+1.005.p","Unknown","","Timeout",3.040254,"non-equality","false","186","0","0.000000","4.078212","0.064516","0.923883"
result,"FNE/LCL682+1.015.p","Unknown","","Timeout",3.024137,"non-equality","false","466","0","0.000000","3.629219","0.027897","0.841424"
result,"FNE/LCL682+1.020.p","Unknown","","Timeout",2.973243,"large-general","false","620","0","0.000000","3.704495","0.020968","0.873552"
result,"FNE/LCL688+1.005.p","Unknown","","Timeout",3.003978,"non-equality","false","109","0","0.000000","3.669916","0.238532","0.770195"
result,"FNE/LCL876+1.p","Unknown","","Timeout",3.003877,"non-equality","false","6","0","0.000000","7.500000","0.833333","0.375000"
result,"FNE/LCL978+1.p","Unknown","","Timeout",3.004827,"non-equality","false","3","0","0.000000","8.400000","0.666667","0.600000"
result,"FNE/LCL981+1.p","Unknown","","Timeout",3.006836,"non-equality","false","3","0","0.000000","8.400000","0.666667","0.600000"
result,"FNE/LCL982+1.p","Unknown","","Theorem",1.696773,"non-equality","false","3","0","0.000000","8.400000","0.666667","0.600000"
result,"FNE/MED007+1.p","Unknown","","Timeout",3.004705,"large-general","false","579","0","0.000000","2.548220","0.006908","0.356991"
result,"FNE/MED009+1.p","Unknown","","Timeout",3.004415,"large-general","false","579","0","0.000000","2.548220","0.006908","0.357227"
result,"FNE/MGT067+1.p","Unknown","","Timeout",3.003843,"non-equality","false","180","0","0.000000","6.824873","0.722222","0.545685"
result,"FNE/NLP260+1.p","Unknown","","Timeout",3.026980,"unknown","false","0","0","0.000000","0.000000","0.000000","0.000000"
result,"FNE/NLP261+1.p","Unknown","","Timeout",3.027081,"unknown","false","0","0","0.000000","0.000000","0.000000","0.000000"
result,"FNE/NLP262+1.p","Unknown","","Timeout",3.024123,"unknown","false","0","0","0.000000","0.000000","0.000000","0.000000"
result,"FNE/NUN056+1.p","Unknown","","Timeout",3.003727,"non-equality","false","43","0","0.000000","3.676768","0.418605","0.545455"
result,"FNE/NUN057+1.p","Unknown","","Timeout",3.003394,"non-equality","false","43","0","0.000000","3.693878","0.418605","0.540816"
result,"FNE/NUN060+1.p","Unknown","","Timeout",3.003188,"non-equality","false","43","0","0.000000","3.726316","0.418605","0.526316"
result,"FNE/NUN066+1.p","Unknown","","Timeout",3.003605,"non-equality","false","50","0","0.000000","3.798077","0.360000","0.413462"
result,"FNE/NUN072+1.p","Unknown","","Timeout",3.003870,"non-equality","false","43","0","0.000000","3.683673","0.418605","0.540816"
result,"FNE/NUN075+1.p","Unknown","","Timeout",3.004652,"non-equality","false","43","0","0.000000","3.603604","0.418605","0.594595"
result,"FNE/NUN081+1.p","Unknown","","Timeout",3.003686,"non-equality","false","43","0","0.000000","3.734043","0.418605","0.521277"
result,"FNE/NUN085+1.p","Unknown","","Timeout",3.003824,"non-equality","false","48","0","0.000000","3.712766","0.500000","0.457447"
result,"FNE/NUN087+1.p","Unknown","","Timeout",3.003617,"non-equality","false","43","0","0.000000","3.739130","0.418605","0.510870"
result,"FNE/SWB012+3.p","Unknown","","Timeout",3.003976,"non-equality","false","260","0","0.000000","3.683274","0.330769","0.657177"
result,"FNE/SWB014+3.p","Unknown","","Timeout",3.004138,"non-equality","false","255","0","0.000000","3.680191","0.317647","0.661098"
result,"FNE/SWV014+1.p","Unknown","","Timeout",3.004180,"non-equality","false","38","0","0.000000","4.289157","0.368421","0.566265"
result,"FNE/SYN353+1.p","Unknown","","Timeout",3.004180,"non-equality","false","17","0","0.000000","5.595745","0.000000","0.489362"
result,"FNE/SYN457+1.p","Unknown","","Timeout",3.003752,"non-equality","false","364","0","0.000000","1.486248","0.000000","0.609037"
result,"FNE/SYN938+1.p","Unknown","","Timeout",3.028972,"unknown","false","0","0","0.000000","0.000000","0.000000","0.000000"
result,"FNE/SYN986+1.004.p","Unknown","","Timeout",3.007732,"non-equality","false","3","0","0.000000","4.222222","0.333333","0.777778"
result,"FNE/SYO604+1.p","Unknown","","Timeout",2.915093,"large-general","false","3264","0","0.000000","3.894063","0.000000","0.243691"
result,"FNE/SYO606+1.p","Unknown","","Timeout",3.004209,"non-equality","false","177","0","0.000000","3.328659","0.000000","0.324277"

section,prover,scope,total,success,timeout,incomplete,unsound,error,avg_time_s
prover_stats,"vip","Tous",500,"99 (19.8%)","396 (79.2%)","0 (0.0%)","0 (0.0%)","0 (0.0%)",2.544047
prover_stats,"vip","Theorem/Unsatisfiable",1,"0 (0.0%)","1 (100.0%)","0 (0.0%)","0 (0.0%)","0 (0.0%)",3.018334
prover_stats,"vip","Theorem (FOF)",1,"0 (0.0%)","1 (100.0%)","0 (0.0%)","0 (0.0%)","0 (0.0%)",3.018334
prover_stats,"vip","Unsatisfiable (CNF)",0,"0 (0.0%)","0 (0.0%)","0 (0.0%)","0 (0.0%)","0 (0.0%)",0.000000
