# bench_date,"2026-05-29_13-30-53"
# problem_dir,"bench/problems/TPTP-v9.2.1/Problems/SYN/"
# home,
# logs_dir,bench/logs
# time_limit_seconds,3
# robust_time_limit,false
# size_limit_gb,
# max_clauses,
# mode,"ordered-fallback"
# casc,
# only_ip,true
# version_ip,"c1be234"

section,problem,expected_status,rating,ip,ip_time_s
result,"SYN000+1.p","Theorem","0.18 v9.1.0","Unsatisfiable",0.004505
result,"SYN000-1.p","Unsatisfiable","0.18 v9.1.0","Unsatisfiable",0.005137
result,"SYN001+1.p","Theorem","0.00 v2.1.0","Unsatisfiable",0.003161
result,"SYN006-1.p","Unsatisfiable","0.00 v6.3.0","Unsatisfiable",0.005234
result,"SYN008-1.p","Unsatisfiable","0.00 v2.0.0","Unsatisfiable",0.003537
result,"SYN009-1.p","Unsatisfiable","0.00 v2.0.0","Unsatisfiable",0.006538
result,"SYN011-1.p","Unsatisfiable","0.00 v2.0.0","Unsatisfiable",0.004624
result,"SYN012-1.p","Unsatisfiable","0.08 v9.1.0","Unsatisfiable",0.018265
result,"SYN013-1.p","Unsatisfiable","0.05 v9.0.0","Timeout",3.003777
result,"SYN014-1.p","Unsatisfiable","0.09 v9.1.0","Unsatisfiable",1.100533
result,"SYN015-1.p","Unsatisfiable","0.09 v9.1.0","Unsatisfiable",0.821399
result,"SYN028-1.p","Unsatisfiable","0.00 v2.0.0","Unsatisfiable",0.005576
result,"SYN029-1.p","Unsatisfiable","0.00 v2.0.0","Unsatisfiable",0.004850
result,"SYN030-1.p","Unsatisfiable","0.00 v2.0.0","Unsatisfiable",0.005648
result,"SYN031-1.p","Unsatisfiable","0.00 v2.0.0","Unsatisfiable",0.004079
result,"SYN032-1.p","Unsatisfiable","0.00 v2.0.0","Unsatisfiable",0.003512
result,"SYN033-1.p","Unsatisfiable","0.00 v2.0.0","Unsatisfiable",0.017780
result,"SYN034-1.p","Unsatisfiable","0.00 v2.0.0","Unsatisfiable",0.003420
result,"SYN035-1.p","Unsatisfiable","0.06 v9.1.0","Unsatisfiable",0.003704
result,"SYN036+1.p","Theorem","0.05 v9.1.0","Timeout",3.019028
result,"SYN036-1.p","Unsatisfiable","0.23 v9.1.0","Timeout",3.009354
result,"SYN037-1.p","Unsatisfiable","0.08 v9.1.0","Timeout",3.004896
result,"SYN038-1.p","Unsatisfiable","0.08 v9.1.0","Unsatisfiable",0.021542
result,"SYN039-1.p","Unsatisfiable","0.08 v9.1.0","Unsatisfiable",2.682069
result,"SYN040+1.p","Theorem","0.00 v2.1.0","Unsatisfiable",0.003729
result,"SYN040-1.p","Unsatisfiable","0.00 v2.0.0","Unsatisfiable",0.004002
result,"SYN041+1.p","Theorem","0.00 v2.3.0","Unsatisfiable",0.003428
result,"SYN041-1.p","Unsatisfiable","0.00 v2.0.0","Unsatisfiable",0.003209
result,"SYN044+1.p","Theorem","0.00 v2.1.0","Unsatisfiable",0.003440
result,"SYN044-1.p","Unsatisfiable","0.00 v2.0.0","Unsatisfiable",0.004274
result,"SYN045+1.p","Theorem","0.00 v2.1.0","Unsatisfiable",0.003065
result,"SYN045-1.p","Unsatisfiable","0.00 v2.0.0","Unsatisfiable",0.004417
result,"SYN046+1.p","Theorem","0.00 v2.1.0","Unsatisfiable",0.003296
result,"SYN046-1.p","Unsatisfiable","0.00 v2.0.0","Unsatisfiable",0.002201
result,"SYN047+1.p","Theorem","0.00 v4.1.0","Unsatisfiable",0.004121
result,"SYN047-1.p","Unsatisfiable","0.00 v2.0.0","Unsatisfiable",0.004043
result,"SYN048+1.p","Theorem","0.00 v5.3.0","Unsatisfiable",0.002290
result,"SYN048-1.p","Unsatisfiable","0.06 v9.1.0","Unsatisfiable",0.003073
result,"SYN049+1.p","Theorem","0.00 v9.1.0","Unsatisfiable",0.003239
result,"SYN049-1.p","Unsatisfiable","0.00 v5.3.0","Unsatisfiable",0.002409
result,"SYN050+1.p","Theorem","0.00 v9.1.0","Unsatisfiable",0.003899
result,"SYN050-1.p","Unsatisfiable","0.06 v9.1.0","Unsatisfiable",0.002745
result,"SYN051+1.p","Theorem","0.00 v5.4.0","Unsatisfiable",0.002981
result,"SYN051-1.p","Unsatisfiable","0.00 v2.0.0","Unsatisfiable",0.003365
result,"SYN052+1.p","Theorem","0.00 v5.3.0","Unsatisfiable",0.004047
result,"SYN052-1.p","Unsatisfiable","0.00 v2.0.0","Unsatisfiable",0.003040
result,"SYN053+1.p","Theorem","0.00 v5.3.0","Unsatisfiable",0.003324
result,"SYN053-1.p","Unsatisfiable","0.00 v2.1.0","Unsatisfiable",0.003722
result,"SYN054+1.p","Theorem","0.00 v5.3.0","Unsatisfiable",0.003334
result,"SYN054-1.p","Unsatisfiable","0.00 v2.0.0","Unsatisfiable",0.003629
result,"SYN055+1.p","ContradictoryAxioms","0.00 v8.1.0","Unsatisfiable",0.003914
result,"SYN055-1.p","Unsatisfiable","0.00 v2.0.0","Unsatisfiable",0.005759
result,"SYN056+1.p","Theorem","0.00 v5.3.0","Unsatisfiable",0.027864
result,"SYN056-1.p","Satisfiable","0.00 v2.1.0","Timeout",3.004704
result,"SYN057+1.p","Theorem","0.00 v5.3.0","Unsatisfiable",0.007719
result,"SYN057-1.p","Unsatisfiable","0.00 v2.0.0","Unsatisfiable",0.007698
result,"SYN058+1.p","Theorem","0.00 v5.3.0","Unsatisfiable",0.003587
result,"SYN058-1.p","Unsatisfiable","0.00 v2.0.0","Unsatisfiable",0.004445
result,"SYN059+1.p","Theorem","0.00 v2.1.0","Unsatisfiable",0.078422
result,"SYN059-1.p","Satisfiable","0.00 v2.2.0","Timeout",3.005184
result,"SYN060+1.p","Theorem","0.00 v5.3.0","Unsatisfiable",0.005646
result,"SYN060-1.p","Unsatisfiable","0.00 v2.0.0","Unsatisfiable",0.004923
result,"SYN061+1.p","Theorem","0.00 v4.1.0","Unsatisfiable",0.003852
result,"SYN061-1.p","Unsatisfiable","0.00 v2.0.0","Unsatisfiable",0.004840
result,"SYN062+1.p","Theorem","0.00 v5.3.0","Unsatisfiable",0.005054
result,"SYN062-1.p","Unsatisfiable","0.00 v2.0.0","Unsatisfiable",0.005551
result,"SYN063+1.p","Theorem","0.00 v5.5.0","Unsatisfiable",0.005630
result,"SYN063-1.p","Unsatisfiable","0.00 v2.0.0","Unsatisfiable",0.004616
result,"SYN064+1.p","Theorem","0.00 v5.5.0","Unsatisfiable",0.002411
result,"SYN064-1.p","Unsatisfiable","0.06 v9.1.0","Unsatisfiable",0.002954
result,"SYN065+1.p","Theorem","0.00 v6.3.0","Unsatisfiable",0.004397
result,"SYN065-1.p","Unsatisfiable","0.00 v6.1.0","Unsatisfiable",0.004077
result,"SYN066+1.p","Theorem","0.05 v9.1.0","Unsatisfiable",0.005041
result,"SYN066-1.p","Unsatisfiable","0.00 v7.1.0","Unsatisfiable",0.004929
result,"SYN067+1.p","Theorem","0.15 v9.1.0","Timeout",3.004201
result,"SYN067-1.p","Unsatisfiable","0.31 v9.1.0","Timeout",3.006503
result,"SYN068+1.p","Theorem","0.00 v5.3.0","Unsatisfiable",0.006340
result,"SYN068-1.p","Unsatisfiable","0.00 v5.4.0","Unsatisfiable",0.005418
result,"SYN069+1.p","ContradictoryAxioms","0.00 v6.3.0","Unsatisfiable",0.008444
result,"SYN069-1.p","Unsatisfiable","0.00 v2.0.0","Unsatisfiable",0.042531
result,"SYN070+1.p","Theorem","0.00 v5.3.0","Unsatisfiable",0.014037
result,"SYN070-1.p","Unsatisfiable","0.00 v6.3.0","Unsatisfiable",0.056436
result,"SYN071+1.p","Theorem","0.00 v5.3.0","Unsatisfiable",0.006298
result,"SYN071-1.p","Unsatisfiable","0.00 v6.1.0","Unsatisfiable",0.005487
result,"SYN072+1.p","Theorem","0.00 v5.3.0","Unsatisfiable",0.007619
result,"SYN072-1.p","Unsatisfiable","0.00 v6.1.0","Unsatisfiable",0.006555
result,"SYN073+1.p","Theorem","0.00 v9.1.0","Unsatisfiable",0.003584
result,"SYN073-1.p","Unsatisfiable","0.00 v2.0.0","Unsatisfiable",0.003157
result,"SYN074+1.p","Theorem","0.18 v9.1.0","Unsatisfiable",0.286843
result,"SYN074-1.p","Unsatisfiable","0.05 v9.1.0","Unsatisfiable",0.169281
result,"SYN075+1.p","Theorem","0.18 v9.1.0","Unsatisfiable",0.162073
result,"SYN075-1.p","Unsatisfiable","0.05 v9.0.0","Timeout",3.005194
result,"SYN076+1.p","Theorem","0.82 v9.1.0","Unsatisfiable",0.066515
result,"SYN076-1.p","Unsatisfiable","0.82 v9.1.0","Unsatisfiable",0.013863
result,"SYN077+1.p","Theorem","0.18 v9.1.0","Unsatisfiable",0.016690
result,"SYN077-1.p","Unsatisfiable","0.09 v9.1.0","Unsatisfiable",0.015058
result,"SYN078+1.p","Theorem","0.06 v9.0.0","Unsatisfiable",0.049106
result,"SYN078-1.p","Satisfiable","0.12 v9.1.0","Timeout",3.005512
result,"SYN079+1.p","Theorem","0.00 v5.3.0","Unsatisfiable",0.006163
result,"SYN079-1.p","Unsatisfiable","0.00 v5.3.0","Unsatisfiable",0.004775
result,"SYN080+1.p","Theorem","0.00 v6.3.0","Unsatisfiable",0.003624
result,"SYN080-1.p","Unsatisfiable","0.04 v9.1.0","Unsatisfiable",0.002137
result,"SYN081+1.p","Theorem","0.00 v9.1.0","Unsatisfiable",0.002117
result,"SYN081-1.p","Unsatisfiable","0.00 v6.3.0","Unsatisfiable",0.003739
result,"SYN082+1.p","Theorem","0.00 v9.1.0","Unsatisfiable",0.008758
result,"SYN082-1.p","Unsatisfiable","0.00 v7.1.0","Unsatisfiable",0.007136
result,"SYN083+1.p","Theorem","0.09 v9.1.0","Unsatisfiable",0.002381
result,"SYN083-1.p","Unsatisfiable","0.04 v9.1.0","Unsatisfiable",0.002539
result,"SYN084+1.p","Theorem","0.00 v9.1.0","Unsatisfiable",0.525426
result,"SYN084-1.p","Satisfiable","0.00 v5.4.0","Timeout",3.005099
result,"SYN103-1.p","Unsatisfiable","0.00 v7.3.0","Unsatisfiable",0.079323
result,"SYN104-1.p","Unsatisfiable","0.00 v7.3.0","Unsatisfiable",0.079211
result,"SYN105-1.p","Unsatisfiable","0.00 v7.3.0","Unsatisfiable",0.105700
result,"SYN106-1.p","Unsatisfiable","0.00 v7.3.0","Unsatisfiable",0.102394
result,"SYN107-1.p","Unsatisfiable","0.00 v7.3.0","Unsatisfiable",1.510002
result,"SYN108-1.p","Unsatisfiable","0.00 v7.3.0","Unsatisfiable",1.480397
result,"SYN109-1.p","Unsatisfiable","0.00 v7.3.0","Timeout",3.008970
result,"SYN110-1.p","Unsatisfiable","0.00 v7.3.0","Timeout",3.008849
result,"SYN111-1.p","Unsatisfiable","0.00 v7.3.0","Timeout",3.008886
result,"SYN112-1.p","Unsatisfiable","0.00 v7.3.0","Unsatisfiable",0.206899
result,"SYN113-1.p","Unsatisfiable","0.00 v7.3.0","Timeout",3.010011
result,"SYN114-1.p","Unsatisfiable","0.00 v7.3.0","Unsatisfiable",0.288962
result,"SYN115-1.p","Unsatisfiable","0.00 v7.3.0","Timeout",3.007991
result,"SYN116-1.p","Unsatisfiable","0.00 v7.3.0","Timeout",3.005089
result,"SYN117-1.p","Unsatisfiable","0.00 v7.3.0","Timeout",3.009163
result,"SYN118-1.p","Unsatisfiable","0.00 v7.3.0","Unsatisfiable",0.089181
result,"SYN119-1.p","Unsatisfiable","0.00 v7.3.0","Unsatisfiable",0.082606
result,"SYN120-1.p","Unsatisfiable","0.00 v7.3.0","Unsatisfiable",0.109569
result,"SYN121-1.p","Unsatisfiable","0.00 v7.3.0","Timeout",3.008884
result,"SYN122-1.p","Unsatisfiable","0.00 v7.3.0","Timeout",3.008746
result,"SYN123-1.p","Unsatisfiable","0.00 v7.3.0","Timeout",3.007579
result,"SYN124-1.p","Unsatisfiable","0.00 v7.3.0","Timeout",3.008373
result,"SYN125-1.p","Unsatisfiable","0.00 v7.3.0","Timeout",3.008147
result,"SYN126-1.p","Unsatisfiable","0.00 v7.3.0","Unsatisfiable",0.475219
result,"SYN127-1.p","Unsatisfiable","0.00 v7.3.0","Unsatisfiable",0.455326
result,"SYN128-1.p","Unsatisfiable","0.00 v7.3.0","Timeout",3.008428
result,"SYN129-1.p","Unsatisfiable","0.00 v7.3.0","Timeout",3.007373
result,"SYN130-1.p","Unsatisfiable","0.00 v7.3.0","Unsatisfiable",0.096923
result,"SYN131-1.p","Unsatisfiable","0.00 v7.3.0","Unsatisfiable",0.094386
result,"SYN132-1.p","Unsatisfiable","0.00 v7.3.0","Unsatisfiable",0.095985
result,"SYN133-1.p","Unsatisfiable","0.00 v7.3.0","Unsatisfiable",0.096982
result,"SYN134-1.p","Unsatisfiable","0.00 v7.3.0","Timeout",3.008630
result,"SYN135-1.p","Unsatisfiable","0.00 v7.3.0","Unsatisfiable",0.337489
result,"SYN136-1.p","Unsatisfiable","0.00 v7.3.0","Unsatisfiable",0.333725
result,"SYN137-1.p","Unsatisfiable","0.00 v7.3.0","Timeout",3.008903
result,"SYN138-1.p","Unsatisfiable","0.00 v7.3.0","Timeout",3.009178
result,"SYN139-1.p","Unsatisfiable","0.00 v7.3.0","Timeout",3.008276
result,"SYN140-1.p","Unsatisfiable","0.00 v7.3.0","Timeout",3.009212
result,"SYN141-1.p","Unsatisfiable","0.00 v7.3.0","Timeout",3.008311
result,"SYN142-1.p","Unsatisfiable","0.00 v7.3.0","Timeout",3.007692
result,"SYN143-1.p","Unsatisfiable","0.00 v7.3.0","Timeout",3.007373
result,"SYN144-1.p","Unsatisfiable","0.00 v7.3.0","Timeout",3.007797
result,"SYN145-1.p","Unsatisfiable","0.00 v7.3.0","Unsatisfiable",0.083782
result,"SYN146-1.p","Unsatisfiable","0.00 v7.3.0","Unsatisfiable",0.187214
result,"SYN147-1.p","Unsatisfiable","0.00 v7.3.0","Unsatisfiable",0.492973
result,"SYN148-1.p","Unsatisfiable","0.00 v7.3.0","Timeout",3.007436
result,"SYN149-1.p","Unsatisfiable","0.00 v7.3.0","Unsatisfiable",0.172722
result,"SYN150-1.p","Unsatisfiable","0.00 v7.3.0","Unsatisfiable",0.222082
result,"SYN151-1.p","Unsatisfiable","0.00 v7.3.0","Unsatisfiable",1.039772
result,"SYN152-1.p","Unsatisfiable","0.00 v7.3.0","Unsatisfiable",0.226492
result,"SYN153-1.p","Unsatisfiable","0.00 v7.3.0","Unsatisfiable",0.377755
result,"SYN154-1.p","Unsatisfiable","0.00 v7.3.0","Unsatisfiable",0.366099
result,"SYN155-1.p","Unsatisfiable","0.00 v7.3.0","Timeout",3.008253
result,"SYN156-1.p","Unsatisfiable","0.00 v7.3.0","Timeout",3.009523
result,"SYN157-1.p","Unsatisfiable","0.00 v7.3.0","Timeout",3.008874
result,"SYN158-1.p","Unsatisfiable","0.00 v7.3.0","Timeout",3.009689
result,"SYN159-1.p","Unsatisfiable","0.00 v7.3.0","Timeout",3.008316
result,"SYN160-1.p","Unsatisfiable","0.00 v7.3.0","Timeout",3.009411
result,"SYN161-1.p","Unsatisfiable","0.00 v7.3.0","Timeout",3.008462
result,"SYN162-1.p","Unsatisfiable","0.00 v7.3.0","Timeout",3.008883
result,"SYN163-1.p","Unsatisfiable","0.00 v7.3.0","Timeout",3.008916
result,"SYN164-1.p","Unsatisfiable","0.00 v7.3.0","Unsatisfiable",0.085033
result,"SYN165-1.p","Unsatisfiable","0.00 v7.3.0","Unsatisfiable",0.191274
result,"SYN166-1.p","Unsatisfiable","0.00 v7.3.0","Timeout",3.007699
result,"SYN167-1.p","Unsatisfiable","0.00 v7.3.0","Unsatisfiable",0.994297
result,"SYN168-1.p","Unsatisfiable","0.00 v7.3.0","Unsatisfiable",0.422843
result,"SYN169-1.p","Unsatisfiable","0.00 v7.3.0","Unsatisfiable",1.020301
result,"SYN170-1.p","Unsatisfiable","0.00 v7.3.0","Timeout",3.008545
result,"SYN171-1.p","Unsatisfiable","0.00 v7.3.0","Timeout",3.009044
result,"SYN172-1.p","Unsatisfiable","0.00 v7.3.0","Unsatisfiable",0.083421
result,"SYN173-1.p","Unsatisfiable","0.00 v7.3.0","Unsatisfiable",2.346745
result,"SYN174-1.p","Unsatisfiable","0.00 v7.3.0","Unsatisfiable",2.354034
result,"SYN175-1.p","Unsatisfiable","0.00 v7.3.0","Unsatisfiable",1.739201
result,"SYN176-1.p","Unsatisfiable","0.00 v7.3.0","Timeout",3.007902
result,"SYN177-1.p","Unsatisfiable","0.00 v7.3.0","Timeout",3.007640
result,"SYN178-1.p","Unsatisfiable","0.00 v7.3.0","Timeout",3.009010
result,"SYN179-1.p","Unsatisfiable","0.00 v7.3.0","Timeout",3.008062
result,"SYN180-1.p","Unsatisfiable","0.00 v7.3.0","Timeout",3.008536
result,"SYN181-1.p","Unsatisfiable","0.00 v7.3.0","Timeout",3.008679
result,"SYN182-1.p","Unsatisfiable","0.00 v7.3.0","Unsatisfiable",1.062177
result,"SYN183-1.p","Unsatisfiable","0.00 v7.3.0","Unsatisfiable",0.477703
result,"SYN184-1.p","Unsatisfiable","0.00 v7.3.0","Unsatisfiable",0.083678
result,"SYN185-1.p","Unsatisfiable","0.00 v7.3.0","Unsatisfiable",0.090655
result,"SYN186-1.p","Unsatisfiable","0.00 v7.3.0","Timeout",3.008243
result,"SYN187-1.p","Unsatisfiable","0.00 v7.3.0","Timeout",3.009091
result,"SYN188-1.p","Unsatisfiable","0.00 v7.3.0","Timeout",3.008635
result,"SYN189-1.p","Unsatisfiable","0.00 v7.3.0","Timeout",3.008990
result,"SYN190-1.p","Unsatisfiable","0.00 v7.3.0","Timeout",3.008749
result,"SYN191-1.p","Unsatisfiable","0.00 v7.3.0","Timeout",3.006448
result,"SYN192-1.p","Unsatisfiable","0.00 v7.3.0","Timeout",3.006229
result,"SYN193-1.p","Unsatisfiable","0.00 v7.3.0","Timeout",3.008403
result,"SYN194-1.p","Unsatisfiable","0.00 v7.3.0","Timeout",3.008017
result,"SYN195-1.p","Unsatisfiable","0.00 v7.3.0","Timeout",3.008783
result,"SYN196-1.p","Unsatisfiable","0.00 v7.3.0","Timeout",3.008257
result,"SYN197-1.p","Unsatisfiable","0.00 v7.3.0","Unsatisfiable",0.130550
result,"SYN198-1.p","Unsatisfiable","0.00 v7.3.0","Timeout",3.008241
result,"SYN199-1.p","Unsatisfiable","0.00 v7.3.0","Timeout",3.009388
result,"SYN200-1.p","Unsatisfiable","0.00 v7.3.0","Timeout",3.008450
result,"SYN201-1.p","Unsatisfiable","0.00 v7.3.0","Timeout",3.007699
result,"SYN202-1.p","Unsatisfiable","0.00 v7.3.0","Timeout",3.007800
result,"SYN203-1.p","Unsatisfiable","0.00 v7.3.0","Timeout",3.007826
result,"SYN204-1.p","Unsatisfiable","0.00 v7.3.0","Timeout",3.008419
result,"SYN205-1.p","Unsatisfiable","0.00 v7.3.0","Timeout",3.008625
result,"SYN206-1.p","Unsatisfiable","0.00 v7.3.0","Timeout",3.007890
result,"SYN207-1.p","Unsatisfiable","0.00 v7.3.0","Timeout",3.007358
result,"SYN208-1.p","Unsatisfiable","0.00 v7.3.0","Timeout",3.007197
result,"SYN209-1.p","Unsatisfiable","0.00 v7.3.0","Timeout",3.007181
result,"SYN210-1.p","Unsatisfiable","0.00 v7.3.0","Timeout",3.007814
result,"SYN211-1.p","Unsatisfiable","0.00 v7.3.0","Timeout",3.008930
result,"SYN212-1.p","Unsatisfiable","0.00 v7.3.0","Timeout",3.008388
result,"SYN213-1.p","Unsatisfiable","0.00 v7.3.0","Timeout",3.006067
result,"SYN214-1.p","Unsatisfiable","0.00 v7.3.0","Timeout",3.007744
result,"SYN215-1.p","Unsatisfiable","0.00 v7.3.0","Timeout",3.008404
result,"SYN216-1.p","Unsatisfiable","0.00 v7.3.0","Timeout",3.008603
result,"SYN217-1.p","Unsatisfiable","0.00 v7.3.0","Timeout",3.007993
result,"SYN218-1.p","Unsatisfiable","0.00 v7.3.0","Timeout",3.009252
result,"SYN219-1.p","Unsatisfiable","0.00 v7.3.0","Timeout",3.008465
result,"SYN220-1.p","Unsatisfiable","0.00 v7.3.0","Timeout",3.008321
result,"SYN221-1.p","Unsatisfiable","0.00 v7.3.0","Timeout",3.008473
result,"SYN222-1.p","Unsatisfiable","0.00 v7.3.0","Timeout",3.009054
result,"SYN223-1.p","Unsatisfiable","0.00 v7.3.0","Timeout",3.008307
result,"SYN224-1.p","Unsatisfiable","0.00 v7.3.0","Timeout",3.007719
result,"SYN225-1.p","Unsatisfiable","0.00 v7.3.0","Timeout",3.008994
result,"SYN226-1.p","Unsatisfiable","0.00 v7.3.0","Timeout",3.008710
result,"SYN227-1.p","Unsatisfiable","0.00 v7.3.0","Timeout",3.008769
result,"SYN228-1.p","Unsatisfiable","0.00 v7.3.0","Timeout",3.007417
result,"SYN229-1.p","Unsatisfiable","0.00 v7.3.0","Timeout",3.008863
result,"SYN230-1.p","Unsatisfiable","0.00 v7.3.0","Timeout",3.008210
result,"SYN231-1.p","Unsatisfiable","0.00 v7.3.0","Timeout",3.008944
result,"SYN232-1.p","Unsatisfiable","0.00 v7.3.0","Timeout",3.008321
result,"SYN233-1.p","Unsatisfiable","0.00 v7.3.0","Timeout",3.008137
result,"SYN234-1.p","Unsatisfiable","0.00 v7.3.0","Timeout",3.008755
result,"SYN235-1.p","Unsatisfiable","0.00 v7.3.0","Timeout",3.008841
result,"SYN236-1.p","Unsatisfiable","0.00 v7.3.0","Timeout",3.007628
result,"SYN237-1.p","Unsatisfiable","0.00 v7.3.0","Unsatisfiable",0.152436
result,"SYN238-1.p","Unsatisfiable","0.00 v7.3.0","Unsatisfiable",0.142466
result,"SYN239-1.p","Unsatisfiable","0.00 v7.3.0","Unsatisfiable",0.146908
result,"SYN240-1.p","Unsatisfiable","0.00 v7.3.0","Unsatisfiable",0.140227
result,"SYN241-1.p","Unsatisfiable","0.00 v7.3.0","Unsatisfiable",0.145022
result,"SYN242-1.p","Unsatisfiable","0.00 v7.3.0","Unsatisfiable",0.138450
result,"SYN243-1.p","Unsatisfiable","0.00 v7.3.0","Unsatisfiable",0.719585
result,"SYN244-1.p","Unsatisfiable","0.00 v7.3.0","Unsatisfiable",0.148969
result,"SYN245-1.p","Unsatisfiable","0.00 v7.3.0","Unsatisfiable",0.140269
result,"SYN246-1.p","Unsatisfiable","0.00 v7.3.0","Unsatisfiable",0.265563
result,"SYN247-1.p","Unsatisfiable","0.00 v7.3.0","Unsatisfiable",0.141961
result,"SYN248-1.p","Unsatisfiable","0.00 v7.3.0","Timeout",3.006102
result,"SYN249-1.p","Unsatisfiable","0.00 v7.3.0","Timeout",3.007381
result,"SYN250-1.p","Unsatisfiable","0.00 v7.3.0","Timeout",3.007161
result,"SYN251-1.p","Unsatisfiable","0.00 v7.3.0","Unsatisfiable",0.694134
result,"SYN252-1.p","Unsatisfiable","0.00 v7.3.0","Timeout",3.007938
result,"SYN253-1.p","Unsatisfiable","0.00 v7.3.0","Timeout",3.007285
result,"SYN254-1.p","Unsatisfiable","0.00 v7.3.0","Timeout",3.007635
result,"SYN255-1.p","Unsatisfiable","0.00 v7.3.0","Unsatisfiable",0.221667
result,"SYN256-1.p","Unsatisfiable","0.00 v7.3.0","Unsatisfiable",1.055166
result,"SYN257-1.p","Unsatisfiable","0.00 v7.3.0","Unsatisfiable",0.092738
result,"SYN258-1.p","Unsatisfiable","0.00 v7.3.0","Unsatisfiable",1.017844
result,"SYN259-1.p","Unsatisfiable","0.00 v7.3.0","Unsatisfiable",1.016600
result,"SYN260-1.p","Unsatisfiable","0.00 v7.3.0","Unsatisfiable",1.039695
result,"SYN261-1.p","Unsatisfiable","0.00 v7.3.0","Unsatisfiable",0.185058
result,"SYN262-1.p","Unsatisfiable","0.00 v7.3.0","Timeout",3.008063
result,"SYN263-1.p","Unsatisfiable","0.00 v7.3.0","Timeout",3.007181
result,"SYN264-1.p","Unsatisfiable","0.00 v7.3.0","Timeout",3.007509
result,"SYN265-1.p","Unsatisfiable","0.00 v7.3.0","Unsatisfiable",0.437840
result,"SYN266-1.p","Unsatisfiable","0.00 v7.3.0","Timeout",3.008493
result,"SYN267-1.p","Unsatisfiable","0.00 v7.3.0","Timeout",3.008385
result,"SYN268-1.p","Unsatisfiable","0.00 v7.3.0","Timeout",3.008483
result,"SYN269-1.p","Unsatisfiable","0.00 v7.3.0","Timeout",3.008964
result,"SYN270-1.p","Unsatisfiable","0.00 v7.3.0","Timeout",3.007731
result,"SYN271-1.p","Unsatisfiable","0.00 v7.3.0","Timeout",3.008384
result,"SYN272-1.p","Unsatisfiable","0.00 v7.3.0","Timeout",3.009133
result,"SYN273-1.p","Unsatisfiable","0.00 v7.3.0","Timeout",3.008755
result,"SYN274-1.p","Unsatisfiable","0.00 v7.3.0","Unsatisfiable",0.076122
result,"SYN275-1.p","Unsatisfiable","0.00 v7.3.0","Unsatisfiable",0.085898
result,"SYN276-1.p","Unsatisfiable","0.00 v7.3.0","Unsatisfiable",0.087093
result,"SYN277-1.p","Unsatisfiable","0.00 v7.3.0","Unsatisfiable",0.204749
result,"SYN278-1.p","Unsatisfiable","0.00 v7.3.0","Unsatisfiable",0.215375
result,"SYN279-1.p","Unsatisfiable","0.00 v7.3.0","Unsatisfiable",2.391419
result,"SYN280-1.p","Unsatisfiable","0.00 v7.3.0","Unsatisfiable",0.195831
result,"SYN281-1.p","Unsatisfiable","0.00 v7.3.0","Unsatisfiable",1.415663
result,"SYN282-1.p","Unsatisfiable","0.00 v7.3.0","Unsatisfiable",0.197774
result,"SYN283-1.p","Unsatisfiable","0.00 v7.3.0","Unsatisfiable",2.448672
result,"SYN284-1.p","Unsatisfiable","0.00 v7.3.0","Unsatisfiable",2.355839
result,"SYN285-1.p","Unsatisfiable","0.00 v7.3.0","Timeout",3.008461
result,"SYN286-1.p","Unsatisfiable","0.00 v7.3.0","Unsatisfiable",2.387156
result,"SYN287-1.p","Unsatisfiable","0.00 v7.3.0","Unsatisfiable",0.193551
result,"SYN288-1.p","Unsatisfiable","0.00 v7.3.0","Unsatisfiable",0.197095
result,"SYN289-1.p","Unsatisfiable","0.00 v7.3.0","Unsatisfiable",2.398971
result,"SYN290-1.p","Unsatisfiable","0.00 v7.3.0","Unsatisfiable",1.375424
result,"SYN291-1.p","Unsatisfiable","0.00 v7.3.0","Unsatisfiable",0.194305
result,"SYN292-1.p","Unsatisfiable","0.00 v7.3.0","Unsatisfiable",1.425895
result,"SYN293-1.p","Unsatisfiable","0.00 v7.3.0","Timeout",3.008398
result,"SYN294-1.p","Unsatisfiable","0.00 v7.3.0","Timeout",3.008097
result,"SYN295-1.p","Unsatisfiable","0.00 v7.3.0","Unsatisfiable",0.197776
result,"SYN296-1.p","Unsatisfiable","0.00 v7.3.0","Unsatisfiable",2.416433
result,"SYN297-1.p","Unsatisfiable","0.00 v7.3.0","Unsatisfiable",0.210667
result,"SYN298-1.p","Unsatisfiable","0.00 v7.3.0","Timeout",3.007878
result,"SYN299-1.p","Unsatisfiable","0.00 v7.3.0","Timeout",3.008932
result,"SYN300-1.p","Unsatisfiable","0.00 v7.3.0","Timeout",3.007587
result,"SYN301-1.p","Unsatisfiable","0.00 v7.3.0","Timeout",3.008793
result,"SYN303-1.p","Satisfiable","0.00 v8.2.0","Timeout",3.005018
result,"SYN304-1.p","Satisfiable","0.00 v3.1.0","GaveUp",0.007110
result,"SYN305-1.p","Satisfiable","0.60 v9.1.0","GaveUp",0.003654
result,"SYN306-1.p","Satisfiable","0.00 v5.4.0","Timeout",3.006565
result,"SYN307-1.p","Satisfiable","0.00 v7.3.0","Timeout",3.004204
result,"SYN308-1.p","Satisfiable","0.00 v3.1.0","GaveUp",0.005759
result,"SYN309-1.p","Satisfiable","0.00 v3.1.0","GaveUp",0.003360
result,"SYN310-1.p","Unsatisfiable","0.00 v5.5.0","Timeout",3.004671
result,"SYN311-1.p","Unsatisfiable","0.06 v9.1.0","Timeout",3.005441
result,"SYN312-1.p","Unsatisfiable","0.12 v9.1.0","Timeout",3.004646
result,"SYN315+1.p","Theorem","0.00 v5.3.0","Unsatisfiable",0.006016
result,"SYN315-1.p","Unsatisfiable","0.00 v2.0.0","Unsatisfiable",0.004815
result,"SYN316+1.p","CounterSatisfiable","0.00 v5.4.0","Timeout",3.004391
result,"SYN316-1.p","Satisfiable","0.00 v5.4.0","Timeout",3.006037
result,"SYN317+1.p","Theorem","0.00 v4.1.0","Unsatisfiable",0.006585
result,"SYN317-1.p","Satisfiable","0.00 v2.0.0","GaveUp",0.004596
result,"SYN318+1.p","Theorem","0.05 v9.1.0","Unsatisfiable",0.004155
result,"SYN318-1.p","Unsatisfiable","0.00 v2.0.0","Unsatisfiable",0.002913
result,"SYN319+1.p","Theorem","0.05 v9.1.0","Unsatisfiable",0.002957
result,"SYN319-1.p","Unsatisfiable","0.00 v7.1.0","Unsatisfiable",0.002648
result,"SYN320+1.p","CounterSatisfiable","0.00 v5.4.0","GaveUp",0.001835
result,"SYN320-1.p","Satisfiable","0.00 v3.1.0","GaveUp",0.001717
result,"SYN321+1.p","Theorem","0.10 v9.1.0","Unsatisfiable",0.002834
result,"SYN321-1.p","Unsatisfiable","0.00 v5.5.0","Unsatisfiable",0.003287
result,"SYN322+1.p","CounterSatisfiable","0.00 v4.1.0","GaveUp",0.003266
result,"SYN322-1.p","Satisfiable","0.00 v2.0.0","GaveUp",0.003277
result,"SYN323+1.p","Theorem","0.00 v5.5.0","Unsatisfiable",0.003196
result,"SYN323-1.p","Unsatisfiable","0.00 v2.0.0","Unsatisfiable",0.003366
result,"SYN324+1.p","CounterSatisfiable","0.00 v5.4.0","Timeout",3.004628
result,"SYN324-1.p","Satisfiable","0.00 v5.4.0","Timeout",3.005830
result,"SYN325+1.p","Theorem","0.05 v9.1.0","Unsatisfiable",0.005825
result,"SYN325-1.p","Unsatisfiable","0.00 v7.1.0","Unsatisfiable",0.004467
result,"SYN326+1.p","Theorem","0.00 v9.1.0","Unsatisfiable",0.004705
result,"SYN326-1.p","Unsatisfiable","0.00 v2.0.0","Unsatisfiable",0.003254
result,"SYN327+1.p","Theorem","0.00 v3.7.0","Unsatisfiable",0.003824
result,"SYN327-1.p","Unsatisfiable","0.00 v7.1.0","Unsatisfiable",0.005871
result,"SYN328+1.p","Theorem","0.00 v9.1.0","Unsatisfiable",0.027224
result,"SYN328-1.p","Unsatisfiable","0.23 v9.1.0","Unsatisfiable",0.035495
result,"SYN329+1.p","CounterSatisfiable","0.00 v5.4.0","GaveUp",0.003448
result,"SYN329-1.p","Satisfiable","0.00 v5.5.0","GaveUp",0.002217
result,"SYN330+1.p","CounterSatisfiable","0.00 v9.1.0","Timeout",3.003410
result,"SYN330-1.p","Satisfiable","0.00 v5.4.0","Timeout",3.005613
result,"SYN331+1.p","Theorem","0.00 v9.1.0","Unsatisfiable",0.007416
result,"SYN331-1.p","Unsatisfiable","0.00 v2.0.0","Unsatisfiable",0.007144
result,"SYN332+1.p","Theorem","0.00 v9.1.0","Unsatisfiable",0.317840
result,"SYN332-1.p","Unsatisfiable","0.00 v6.3.0","Unsatisfiable",0.307861
result,"SYN333+1.p","Theorem","0.00 v7.0.0","Unsatisfiable",0.005806
result,"SYN333-1.p","Unsatisfiable","0.06 v9.1.0","Unsatisfiable",0.005411
result,"SYN334+1.p","Theorem","0.05 v9.1.0","Unsatisfiable",0.018643
result,"SYN334-1.p","Unsatisfiable","0.08 v9.1.0","Unsatisfiable",0.016225
result,"SYN335+1.p","CounterSatisfiable","0.67 v9.1.0","Timeout",3.003586
result,"SYN335-1.p","Satisfiable","0.00 v6.3.0","Timeout",3.005653
result,"SYN336+1.p","Theorem","0.00 v9.1.0","Unsatisfiable",0.004930
result,"SYN336-1.p","Unsatisfiable","0.00 v5.3.0","Unsatisfiable",0.003734
result,"SYN337+1.p","CounterSatisfiable","0.00 v4.1.0","GaveUp",0.003590
result,"SYN337-1.p","Satisfiable","0.00 v2.5.0","GaveUp",0.002397
result,"SYN338+1.p","Theorem","0.00 v7.0.0","Unsatisfiable",0.002221
result,"SYN338-1.p","Unsatisfiable","0.06 v9.1.0","Unsatisfiable",0.001874
result,"SYN339+1.p","Theorem","0.00 v9.1.0","Unsatisfiable",0.002715
result,"SYN339-1.p","Unsatisfiable","0.00 v5.3.0","Unsatisfiable",0.002201
result,"SYN340+1.p","Theorem","0.05 v9.1.0","Unsatisfiable",0.003023
result,"SYN340-1.p","Unsatisfiable","0.00 v5.3.0","Unsatisfiable",0.001728
result,"SYN341+1.p","Theorem","0.00 v9.1.0","Unsatisfiable",0.002132
result,"SYN341-1.p","Unsatisfiable","0.00 v5.3.0","Unsatisfiable",0.001953
result,"SYN342+1.p","CounterSatisfiable","0.00 v4.1.0","GaveUp",0.002095
result,"SYN342-1.p","Satisfiable","0.00 v2.5.0","GaveUp",0.001941
result,"SYN343+1.p","Theorem","0.05 v9.1.0","Unsatisfiable",0.002166
result,"SYN343-1.p","Unsatisfiable","0.00 v2.0.0","Unsatisfiable",0.002449
result,"SYN344+1.p","CounterSatisfiable","0.00 v5.4.0","GaveUp",0.004294
result,"SYN344-1.p","Satisfiable","0.00 v5.5.0","GaveUp",0.004662
result,"SYN345+1.p","Theorem","0.00 v9.1.0","Unsatisfiable",0.004734
result,"SYN345-1.p","Unsatisfiable","0.08 v9.1.0","Unsatisfiable",0.006469
result,"SYN346+1.p","Theorem","0.00 v5.3.0","Unsatisfiable",0.003494
result,"SYN346-1.p","Unsatisfiable","0.00 v5.3.0","Unsatisfiable",0.002649
result,"SYN347+1.p","Theorem","0.00 v9.1.0","Unsatisfiable",0.012825
result,"SYN347-1.p","Unsatisfiable","0.00 v2.0.0","Unsatisfiable",0.008915
result,"SYN348+1.p","CounterSatisfiable","0.00 v6.2.0","GaveUp",0.078849
result,"SYN348-1.p","Satisfiable","0.00 v3.1.0","GaveUp",0.027282
result,"SYN349+1.p","Theorem","0.00 v9.1.0","Unsatisfiable",0.011814
result,"SYN349-1.p","Unsatisfiable","0.08 v9.1.0","Unsatisfiable",0.007738
result,"SYN350+1.p","Theorem","0.00 v9.1.0","Unsatisfiable",0.008456
result,"SYN350-1.p","Unsatisfiable","0.00 v2.0.0","Unsatisfiable",0.009400
result,"SYN351+1.p","Theorem","0.05 v9.1.0","Unsatisfiable",0.005551
result,"SYN351-1.p","Satisfiable","0.00 v5.4.0","Timeout",3.003546
result,"SYN352+1.p","Theorem","0.00 v9.1.0","Unsatisfiable",0.015448
result,"SYN352-1.p","Unsatisfiable","0.00 v7.1.0","Unsatisfiable",0.019432
result,"SYN353+1.p","Theorem","0.45 v9.1.0","Timeout",3.004498
result,"SYN353-1.p","Unsatisfiable","0.38 v9.1.0","Timeout",3.005549
result,"SYN354+1.p","Theorem","0.05 v9.1.0","Unsatisfiable",0.008629
result,"SYN354-1.p","Unsatisfiable","0.00 v7.1.0","Unsatisfiable",0.007915
result,"SYN355+1.p","Theorem","0.00 v5.3.0","Unsatisfiable",0.004001
result,"SYN356+1.p","Theorem","0.00 v5.3.0","Unsatisfiable",0.003362
result,"SYN357+1.p","Theorem","0.00 v3.2.0","Unsatisfiable",0.003051
result,"SYN358+1.p","Theorem","0.00 v6.0.0","Unsatisfiable",0.004073
result,"SYN359+1.p","Theorem","0.00 v5.3.0","Unsatisfiable",0.002501
result,"SYN360+1.p","Theorem","0.00 v9.1.0","Unsatisfiable",0.003289
result,"SYN361+1.p","Theorem","0.00 v6.4.0","Unsatisfiable",0.003194
result,"SYN362+1.p","Theorem","0.00 v6.3.0","Unsatisfiable",0.002358
result,"SYN363+1.p","Theorem","0.00 v6.3.0","Unsatisfiable",0.003100
result,"SYN364+1.p","Theorem","0.00 v9.1.0","Unsatisfiable",0.004999
result,"SYN365+1.p","Theorem","0.00 v9.1.0","Unsatisfiable",0.009168
result,"SYN366+1.p","Theorem","0.00 v5.3.0","Unsatisfiable",0.003673
result,"SYN367+1.p","Theorem","0.00 v5.3.0","Unsatisfiable",0.003494
result,"SYN368+1.p","Theorem","0.00 v4.1.0","Unsatisfiable",0.002482
result,"SYN369+1.p","Theorem","0.00 v9.1.0","Unsatisfiable",0.002253
result,"SYN370+1.p","Theorem","0.00 v9.1.0","Unsatisfiable",0.002142
result,"SYN371+1.p","Theorem","0.00 v9.1.0","Unsatisfiable",0.003182
result,"SYN372+1.p","Theorem","0.00 v5.3.0","Unsatisfiable",0.002832
result,"SYN373+1.p","Theorem","0.00 v5.3.0","Unsatisfiable",0.004263
result,"SYN374+1.p","Theorem","0.00 v9.1.0","Unsatisfiable",0.049317
result,"SYN375+1.p","Theorem","0.00 v9.1.0","Unsatisfiable",0.185224
result,"SYN376+1.p","Theorem","0.00 v5.4.0","Unsatisfiable",0.004227
result,"SYN377+1.p","Theorem","0.05 v9.1.0","Unsatisfiable",0.134098
result,"SYN378+1.p","Theorem","0.00 v5.3.0","Unsatisfiable",0.004610
result,"SYN379+1.p","Theorem","0.00 v5.4.0","Unsatisfiable",0.003690
result,"SYN380+1.p","Theorem","0.00 v9.1.0","Unsatisfiable",0.003609
result,"SYN381+1.p","Theorem","0.00 v6.3.0","Unsatisfiable",0.002883
result,"SYN382+1.p","Theorem","0.00 v5.3.0","Unsatisfiable",0.002000
result,"SYN383+1.p","Theorem","0.00 v9.1.0","Unsatisfiable",0.001785
result,"SYN384+1.p","Theorem","0.00 v9.1.0","Unsatisfiable",0.001545
result,"SYN385+1.p","Theorem","0.00 v5.3.0","Unsatisfiable",0.001952
result,"SYN386+1.p","Theorem","0.10 v9.1.0","Unsatisfiable",0.019220
result,"SYN387+1.p","Theorem","0.00 v2.1.0","Unsatisfiable",0.002311
result,"SYN388+1.p","Theorem","0.00 v2.1.0","Unsatisfiable",0.003033
result,"SYN389+1.p","Theorem","0.00 v4.1.0","Unsatisfiable",0.002821
result,"SYN390+1.p","Theorem","0.00 v2.1.0","Unsatisfiable",0.001954
result,"SYN391+1.p","Theorem","0.00 v2.1.0","Unsatisfiable",0.002513
result,"SYN392+1.p","Theorem","0.00 v4.0.0","Unsatisfiable",0.003810
result,"SYN394+1.p","Theorem","0.00 v5.3.0","Unsatisfiable",0.002728
result,"SYN395+1.p","Theorem","0.00 v5.3.0","Unsatisfiable",0.002465
result,"SYN396+1.p","Theorem","0.00 v5.3.0","Unsatisfiable",0.003608
result,"SYN397+1.p","Theorem","0.00 v6.1.0","Unsatisfiable",0.002480
result,"SYN398+1.p","Theorem","0.00 v5.3.0","Unsatisfiable",0.003306
result,"SYN399+1.p","Theorem","0.00 v5.4.0","Unsatisfiable",0.003148
result,"SYN400+1.p","Theorem","0.00 v4.0.1","Unsatisfiable",0.002145
result,"SYN401+1.p","Theorem","0.00 v5.3.0","Unsatisfiable",0.002347
result,"SYN402+1.p","Theorem","0.00 v5.3.0","Unsatisfiable",0.002625
result,"SYN403+1.p","Theorem","0.00 v5.3.0","Unsatisfiable",0.003731
result,"SYN404+1.p","Theorem","0.00 v5.5.0","Unsatisfiable",0.002529
result,"SYN405+1.p","Theorem","0.00 v5.3.0","Unsatisfiable",0.002513
result,"SYN406+1.p","Theorem","0.00 v5.3.0","Unsatisfiable",0.003442
result,"SYN407+1.p","Theorem","0.00 v5.3.0","Unsatisfiable",0.003814
result,"SYN408+1.p","Theorem","0.00 v5.3.0","Unsatisfiable",0.002398
result,"SYN409+1.p","Theorem","0.00 v5.3.0","Unsatisfiable",0.002678
result,"SYN410+1.p","Theorem","0.00 v4.1.0","Unsatisfiable",0.002362
result,"SYN411+1.p","Theorem","0.00 v5.3.0","Unsatisfiable",0.004142
result,"SYN412+1.p","Theorem","0.00 v5.3.0","Unsatisfiable",0.002313
result,"SYN413+1.p","Theorem","0.05 v9.1.0","Unsatisfiable",0.007262
result,"SYN414+1.p","CounterSatisfiable","0.00 v5.3.0","Timeout",3.004569
result,"SYN415+1.p","Theorem","0.12 v9.1.0","Unsatisfiable",2.432497
result,"SYN416+1.p","Theorem","0.00 v4.1.0","Unsatisfiable",0.004672
result,"SYN417+1.p","Theorem","0.09 v9.1.0","Timeout",3.003658
result,"SYN418+1.p","CounterSatisfiable","0.00 v5.5.0","Timeout",3.015835
result,"SYN418-1.p","Satisfiable","0.00 v7.3.0","Timeout",3.009045
result,"SYN419+1.p","CounterSatisfiable","0.00 v5.5.0","Timeout",3.013312
result,"SYN419-1.p","Satisfiable","0.00 v7.3.0","Timeout",3.009034
result,"SYN420+1.p","CounterSatisfiable","0.00 v6.1.0","Timeout",3.020884
result,"SYN420-1.p","Satisfiable","0.00 v7.3.0","Timeout",3.010011
result,"SYN421+1.p","CounterSatisfiable","0.00 v5.5.0","Timeout",3.018395
result,"SYN421-1.p","Satisfiable","0.00 v7.3.0","Timeout",3.009278
result,"SYN422+1.p","CounterSatisfiable","0.00 v5.5.0","Timeout",3.015815
result,"SYN422-1.p","Satisfiable","0.00 v7.3.0","Timeout",3.009201
result,"SYN423+1.p","CounterSatisfiable","0.00 v5.5.0","Timeout",3.016584
result,"SYN423-1.p","Satisfiable","0.00 v7.3.0","Timeout",3.010838
result,"SYN424+1.p","CounterSatisfiable","0.00 v6.2.0","Timeout",3.028799
result,"SYN424-1.p","Satisfiable","0.00 v7.3.0","Timeout",3.010909
result,"SYN425+1.p","CounterSatisfiable","0.00 v5.5.0","Timeout",3.017937
result,"SYN425-1.p","Satisfiable","0.00 v7.3.0","Timeout",3.008286
result,"SYN426+1.p","CounterSatisfiable","0.00 v6.2.0","Timeout",3.023016
result,"SYN426-1.p","Satisfiable","0.00 v7.3.0","Timeout",3.011239
result,"SYN427+1.p","CounterSatisfiable","0.00 v6.2.0","Timeout",3.030967
result,"SYN427-1.p","Satisfiable","0.00 v7.3.0","Timeout",3.011374
result,"SYN428+1.p","CounterSatisfiable","0.00 v5.5.0","Timeout",3.016069
result,"SYN428-1.p","Satisfiable","0.00 v7.3.0","Timeout",3.010486
result,"SYN429+1.p","CounterSatisfiable","0.00 v5.5.0","Timeout",3.018951
result,"SYN429-1.p","Satisfiable","0.00 v7.3.0","Timeout",3.011897
result,"SYN430+1.p","CounterSatisfiable","0.00 v4.1.0","Timeout",3.006265
result,"SYN430-1.p","Satisfiable","0.00 v2.2.1","Timeout",3.006443
result,"SYN431+1.p","CounterSatisfiable","0.00 v4.1.0","Timeout",3.005831
result,"SYN431-1.p","Satisfiable","0.00 v6.2.0","Timeout",3.005436
result,"SYN432+1.p","CounterSatisfiable","0.00 v4.1.0","Timeout",3.006083
result,"SYN432-1.p","Satisfiable","0.00 v2.2.1","Timeout",3.006134
result,"SYN433+1.p","CounterSatisfiable","0.00 v4.1.0","Timeout",3.006515
result,"SYN433-1.p","Satisfiable","0.00 v2.2.1","Timeout",3.004085
result,"SYN434+1.p","CounterSatisfiable","0.00 v5.5.0","Timeout",3.006486
result,"SYN434-1.p","Satisfiable","0.00 v7.3.0","Timeout",3.007059
result,"SYN435+1.p","CounterSatisfiable","0.00 v5.5.0","Timeout",3.006917
result,"SYN435-1.p","Satisfiable","0.00 v7.3.0","Timeout",3.006673
result,"SYN436+1.p","Theorem","0.00 v6.1.0","Timeout",3.006887
result,"SYN436-1.p","Unsatisfiable","0.00 v7.0.0","Timeout",3.006461
result,"SYN437+1.p","CounterSatisfiable","0.00 v5.5.0","Timeout",3.007144
result,"SYN437-1.p","Satisfiable","0.00 v7.3.0","Timeout",3.006927
result,"SYN438+1.p","CounterSatisfiable","0.00 v5.5.0","Timeout",3.006537
result,"SYN438-1.p","Satisfiable","0.00 v7.3.0","Timeout",3.006231
result,"SYN439+1.p","Theorem","0.00 v7.0.0","Timeout",3.007258
result,"SYN439-1.p","Unsatisfiable","0.00 v7.3.0","Timeout",3.006841
result,"SYN440+1.p","Theorem","0.00 v7.0.0","Timeout",3.007286
result,"SYN440-1.p","Unsatisfiable","0.00 v7.3.0","Timeout",3.008028
result,"SYN441+1.p","CounterSatisfiable","0.00 v5.5.0","Timeout",3.007045
result,"SYN441-1.p","Satisfiable","0.00 v7.3.0","Timeout",3.007540
result,"SYN442+1.p","Theorem","0.00 v6.1.0","Timeout",3.007079
result,"SYN442-1.p","Unsatisfiable","0.00 v7.0.0","Timeout",3.006481
result,"SYN443+1.p","Theorem","0.00 v5.5.0","Timeout",3.006637
result,"SYN443-1.p","Unsatisfiable","0.00 v7.0.0","Timeout",3.007497
result,"SYN444+1.p","Theorem","0.00 v6.1.0","Timeout",3.006201
result,"SYN444-1.p","Unsatisfiable","0.00 v7.0.0","Timeout",3.006599
result,"SYN445+1.p","Theorem","0.00 v6.1.0","Timeout",3.005843
result,"SYN445-1.p","Unsatisfiable","0.00 v7.0.0","Timeout",3.005798
result,"SYN446+1.p","CounterSatisfiable","0.00 v5.5.0","Timeout",3.005981
result,"SYN446-1.p","Satisfiable","0.00 v7.3.0","Timeout",3.006860
result,"SYN447+1.p","Theorem","0.00 v6.1.0","Timeout",3.007906
result,"SYN447-1.p","Unsatisfiable","0.00 v7.0.0","Timeout",3.007943
result,"SYN448+1.p","Theorem","0.00 v6.1.0","Timeout",3.006780
result,"SYN448-1.p","Unsatisfiable","0.00 v7.0.0","Timeout",3.007711
result,"SYN449+1.p","CounterSatisfiable","0.00 v6.1.0","Timeout",3.007023
result,"SYN449-1.p","Satisfiable","0.00 v7.3.0","Timeout",3.007045
result,"SYN450+1.p","Theorem","0.00 v5.5.0","Timeout",3.005657
result,"SYN450-1.p","Unsatisfiable","0.00 v7.0.0","Timeout",3.006718
result,"SYN451+1.p","Theorem","0.00 v6.1.0","Timeout",3.006961
result,"SYN451-1.p","Unsatisfiable","0.00 v7.0.0","Timeout",3.007099
result,"SYN452+1.p","Theorem","0.00 v6.1.0","Timeout",3.007364
result,"SYN452-1.p","Unsatisfiable","0.00 v7.0.0","Timeout",3.005874
result,"SYN453+1.p","CounterSatisfiable","0.00 v5.5.0","Timeout",3.007857
result,"SYN453-1.p","Satisfiable","0.00 v7.3.0","Timeout",3.008329
result,"SYN454+1.p","Theorem","0.00 v6.1.0","Timeout",3.007314
result,"SYN454-1.p","Unsatisfiable","0.00 v7.0.0","Timeout",3.007206
result,"SYN455+1.p","Theorem","0.00 v6.1.0","Timeout",3.007019
result,"SYN455-1.p","Unsatisfiable","0.00 v7.0.0","Timeout",3.007049
result,"SYN456+1.p","CounterSatisfiable","0.00 v5.5.0","Timeout",3.006537
result,"SYN456-1.p","Satisfiable","0.00 v7.3.0","Timeout",3.006292
result,"SYN457+1.p","Theorem","0.33 v9.1.0","Timeout",3.007946
result,"SYN457-1.p","Unsatisfiable","0.00 v7.3.0","Timeout",3.007759
result,"SYN458+1.p","Theorem","0.00 v6.1.0","Timeout",3.006467
result,"SYN458-1.p","Unsatisfiable","0.00 v7.0.0","Timeout",3.006848
result,"SYN459+1.p","Theorem","0.00 v6.1.0","Timeout",3.005235
result,"SYN459-1.p","Unsatisfiable","0.00 v7.0.0","Timeout",3.005965
result,"SYN460+1.p","Theorem","0.00 v6.1.0","Timeout",3.007829
result,"SYN460-1.p","Unsatisfiable","0.00 v7.0.0","Timeout",3.008419
result,"SYN461+1.p","Theorem","0.00 v6.1.0","Timeout",3.007513
result,"SYN461-1.p","Unsatisfiable","0.00 v7.0.0","Timeout",3.007454
result,"SYN462+1.p","Theorem","0.00 v6.1.0","Timeout",3.006502
result,"SYN462-1.p","Unsatisfiable","0.00 v7.0.0","Timeout",3.006328
result,"SYN463+1.p","CounterSatisfiable","0.00 v5.5.0","Timeout",3.006967
result,"SYN463-1.p","Satisfiable","0.00 v7.3.0","Timeout",3.006330
result,"SYN464+1.p","CounterSatisfiable","0.00 v5.5.0","Timeout",3.007365
result,"SYN464-1.p","Satisfiable","0.00 v7.3.0","Timeout",3.009241
result,"SYN465+1.p","Theorem","0.00 v5.5.0","Timeout",3.006920
result,"SYN465-1.p","Unsatisfiable","0.00 v7.0.0","Timeout",3.006625
result,"SYN466+1.p","Theorem","0.00 v6.1.0","Timeout",3.006899
result,"SYN466-1.p","Unsatisfiable","0.00 v7.0.0","Timeout",3.007714
result,"SYN467+1.p","Theorem","0.00 v5.5.0","Timeout",3.007137
result,"SYN467-1.p","Unsatisfiable","0.00 v7.0.0","Timeout",3.006992
result,"SYN468+1.p","Theorem","0.00 v6.1.0","Timeout",3.005785
result,"SYN468-1.p","Unsatisfiable","0.00 v7.0.0","Timeout",3.007186
result,"SYN469+1.p","Theorem","0.00 v5.5.0","Timeout",3.006883
result,"SYN469-1.p","Unsatisfiable","0.00 v7.0.0","Timeout",3.006833
result,"SYN470+1.p","Theorem","0.00 v6.1.0","Timeout",3.007403
result,"SYN470-1.p","Unsatisfiable","0.00 v7.0.0","Timeout",3.007367
result,"SYN471+1.p","Theorem","0.00 v5.5.0","Timeout",3.007155
result,"SYN471-1.p","Unsatisfiable","0.00 v7.0.0","Timeout",3.007160
result,"SYN472+1.p","Theorem","0.00 v5.5.0","Timeout",3.006644
result,"SYN472-1.p","Unsatisfiable","0.00 v7.0.0","Timeout",3.007283
result,"SYN473+1.p","Theorem","0.00 v5.5.0","Timeout",3.006936
result,"SYN473-1.p","Unsatisfiable","0.00 v7.0.0","Timeout",3.006724
result,"SYN474+1.p","Theorem","0.00 v6.1.0","Timeout",3.006883
result,"SYN474-1.p","Unsatisfiable","0.00 v7.0.0","Timeout",3.006796
result,"SYN475+1.p","Theorem","0.00 v5.5.0","Timeout",3.007448
result,"SYN475-1.p","Unsatisfiable","0.00 v7.0.0","Timeout",3.007219
result,"SYN476+1.p","Theorem","0.00 v6.1.0","Timeout",3.006566
result,"SYN476-1.p","Unsatisfiable","0.00 v7.0.0","Timeout",3.007211
result,"SYN477+1.p","Theorem","0.00 v6.1.0","Timeout",3.006989
result,"SYN477-1.p","Unsatisfiable","0.00 v7.0.0","Timeout",3.007180
result,"SYN478+1.p","Theorem","0.00 v6.1.0","Timeout",3.005590
result,"SYN478-1.p","Unsatisfiable","0.00 v7.0.0","Timeout",3.007464
result,"SYN479+1.p","Theorem","0.00 v6.1.0","Timeout",3.006752
result,"SYN479-1.p","Unsatisfiable","0.00 v7.0.0","Timeout",3.007137
result,"SYN480+1.p","Theorem","0.00 v5.5.0","Timeout",3.006922
result,"SYN480-1.p","Unsatisfiable","0.00 v7.0.0","Timeout",3.005305
result,"SYN481+1.p","Theorem","0.00 v6.1.0","Timeout",3.005174
result,"SYN481-1.p","Unsatisfiable","0.00 v7.0.0","Timeout",3.007888
result,"SYN482+1.p","Theorem","0.00 v5.5.0","Timeout",3.006387
result,"SYN482-1.p","Unsatisfiable","0.00 v7.0.0","Timeout",3.005223
result,"SYN483+1.p","Theorem","0.00 v6.1.0","Timeout",3.006169
result,"SYN483-1.p","Unsatisfiable","0.00 v7.0.0","Timeout",3.006202
result,"SYN484+1.p","Theorem","0.00 v5.5.0","Timeout",3.006940
result,"SYN484-1.p","Unsatisfiable","0.00 v7.0.0","Timeout",3.007221
result,"SYN485+1.p","Theorem","0.00 v5.5.0","Timeout",3.006858
result,"SYN485-1.p","Unsatisfiable","0.00 v7.0.0","Timeout",3.007066
result,"SYN486+1.p","Theorem","0.00 v6.1.0","Timeout",3.007234
result,"SYN486-1.p","Unsatisfiable","0.00 v7.0.0","Timeout",3.007591
result,"SYN487+1.p","Theorem","0.00 v6.1.0","Timeout",3.006130
result,"SYN487-1.p","Unsatisfiable","0.00 v7.0.0","Timeout",3.007070
result,"SYN488+1.p","Theorem","0.00 v6.1.0","Timeout",3.007196
result,"SYN488-1.p","Unsatisfiable","0.00 v7.0.0","Timeout",3.006834
result,"SYN489+1.p","Theorem","0.00 v5.5.0","Timeout",3.006608
result,"SYN489-1.p","Unsatisfiable","0.00 v7.0.0","Timeout",3.006184
result,"SYN490+1.p","CounterSatisfiable","0.00 v4.1.0","Timeout",3.004288
result,"SYN490-1.p","Satisfiable","0.00 v2.2.0","Timeout",3.005766
result,"SYN491+1.p","CounterSatisfiable","0.00 v5.5.0","Timeout",3.004661
result,"SYN491-1.p","Satisfiable","0.00 v2.2.0","Timeout",3.004779
result,"SYN492+1.p","CounterSatisfiable","0.00 v5.4.0","Timeout",3.005875
result,"SYN492-1.p","Satisfiable","0.00 v2.2.0","Timeout",3.006183
result,"SYN493+1.p","CounterSatisfiable","0.00 v4.1.0","Timeout",3.006422
result,"SYN493-1.p","Satisfiable","0.00 v2.2.0","Timeout",3.005957
result,"SYN494+1.p","CounterSatisfiable","0.00 v4.1.0","Timeout",3.005616
result,"SYN494-1.p","Satisfiable","0.00 v2.2.0","Timeout",3.005271
result,"SYN495+1.p","CounterSatisfiable","0.00 v4.1.0","Timeout",3.004833
result,"SYN495-1.p","Satisfiable","0.00 v2.1.0","Timeout",3.005403
result,"SYN496+1.p","CounterSatisfiable","0.00 v6.1.0","Timeout",3.005168
result,"SYN496-1.p","Satisfiable","0.00 v2.2.0","Timeout",3.005232
result,"SYN497+1.p","CounterSatisfiable","0.00 v4.1.0","Timeout",3.005960
result,"SYN497-1.p","Satisfiable","0.00 v2.2.0","Timeout",3.005428
result,"SYN498+1.p","Theorem","0.00 v6.1.0","Timeout",3.006727
result,"SYN498-1.p","Unsatisfiable","0.00 v7.0.0","Timeout",3.007030
result,"SYN499+1.p","Theorem","0.00 v6.1.0","Timeout",3.005825
result,"SYN499-1.p","Unsatisfiable","0.00 v7.0.0","Timeout",3.007263
result,"SYN500+1.p","Theorem","0.00 v6.1.0","Timeout",3.007893
result,"SYN500-1.p","Unsatisfiable","0.00 v7.0.0","Timeout",3.006509
result,"SYN501+1.p","Theorem","0.00 v6.1.0","Timeout",3.007316
result,"SYN501-1.p","Unsatisfiable","0.00 v7.0.0","Timeout",3.007273
result,"SYN502+1.p","Theorem","0.00 v6.1.0","Timeout",3.007227
result,"SYN502-1.p","Unsatisfiable","0.00 v7.0.0","Timeout",3.007204
result,"SYN503+1.p","Theorem","0.00 v5.5.0","Timeout",3.007814
result,"SYN503-1.p","Unsatisfiable","0.00 v7.0.0","Timeout",3.007119
result,"SYN504+1.p","Theorem","0.00 v6.1.0","Timeout",3.007772
result,"SYN504-1.p","Unsatisfiable","0.00 v7.0.0","Timeout",3.007044
result,"SYN505+1.p","Theorem","0.00 v5.5.0","Timeout",3.007090
result,"SYN505-1.p","Unsatisfiable","0.00 v7.0.0","Timeout",3.007213
result,"SYN506+1.p","Theorem","0.00 v6.1.0","Timeout",3.006914
result,"SYN506-1.p","Unsatisfiable","0.00 v7.0.0","Timeout",3.005964
result,"SYN507+1.p","Theorem","0.00 v6.1.0","Timeout",3.005503
result,"SYN507-1.p","Unsatisfiable","0.00 v7.0.0","Timeout",3.005978
result,"SYN508+1.p","Theorem","0.00 v6.1.0","Timeout",3.006312
result,"SYN508-1.p","Unsatisfiable","0.00 v7.0.0","Timeout",3.006187
result,"SYN509+1.p","Theorem","0.00 v5.5.0","Timeout",3.006526
result,"SYN509-1.p","Unsatisfiable","0.00 v7.0.0","Timeout",3.006172
result,"SYN510+1.p","Theorem","0.00 v6.1.0","Timeout",3.005954
result,"SYN510-1.p","Unsatisfiable","0.00 v7.0.0","Timeout",3.005978
result,"SYN511+1.p","Theorem","0.00 v6.1.0","Timeout",3.006268
result,"SYN511-1.p","Unsatisfiable","0.00 v7.0.0","Timeout",3.006507
result,"SYN512+1.p","Theorem","0.00 v6.1.0","Timeout",3.006298
result,"SYN512-1.p","Unsatisfiable","0.00 v7.0.0","Timeout",3.007247
result,"SYN513+1.p","CounterSatisfiable","0.00 v6.2.0","Timeout",3.014609
result,"SYN513-1.p","Satisfiable","0.00 v7.3.0","Timeout",3.008580
result,"SYN514+1.p","CounterSatisfiable","0.00 v5.5.0","Timeout",3.009272
result,"SYN514-1.p","Satisfiable","0.00 v7.3.0","Timeout",3.007327
result,"SYN515+1.p","CounterSatisfiable","0.00 v4.1.0","Timeout",3.008992
result,"SYN515-1.p","Satisfiable","0.00 v2.2.1","Timeout",3.007238
result,"SYN516+1.p","CounterSatisfiable","0.00 v4.1.0","Timeout",3.006843
result,"SYN516-1.p","Satisfiable","0.00 v2.1.0","Timeout",3.005987
result,"SYN517+1.p","CounterSatisfiable","0.00 v5.5.0","Timeout",3.006913
result,"SYN517-1.p","Satisfiable","0.00 v2.2.0","Timeout",3.005926
result,"SYN518+1.p","CounterSatisfiable","0.00 v5.5.0","Timeout",3.021176
result,"SYN518-1.p","Satisfiable","0.00 v7.3.0","Timeout",3.009293
result,"SYN519+1.p","CounterSatisfiable","0.00 v6.2.0","Timeout",3.014911
result,"SYN519-1.p","Satisfiable","0.00 v7.3.0","Timeout",3.008023
result,"SYN520+1.p","CounterSatisfiable","0.00 v6.2.0","Timeout",3.017404
result,"SYN520-1.p","Satisfiable","0.00 v7.3.0","Timeout",3.010255
result,"SYN521+1.p","CounterSatisfiable","0.00 v4.1.0","Timeout",3.009195
result,"SYN521-1.p","Satisfiable","0.00 v2.2.1","Timeout",3.006749
result,"SYN522+1.p","CounterSatisfiable","0.00 v4.1.0","Timeout",3.008664
result,"SYN522-1.p","Satisfiable","0.00 v5.0.0","Timeout",3.005395
result,"SYN523+1.p","CounterSatisfiable","0.00 v4.1.0","Timeout",3.005897
result,"SYN523-1.p","Satisfiable","0.00 v2.1.0","Timeout",3.005026
result,"SYN524+1.p","CounterSatisfiable","0.00 v4.1.0","Timeout",3.005833
result,"SYN524-1.p","Satisfiable","0.00 v2.2.1","Timeout",3.005834
result,"SYN525+1.p","CounterSatisfiable","0.00 v6.0.0","Timeout",3.005834
result,"SYN525-1.p","Satisfiable","0.00 v2.2.1","Timeout",3.005473
result,"SYN526+1.p","CounterSatisfiable","0.00 v4.1.0","Timeout",3.006844
result,"SYN526-1.p","Satisfiable","0.00 v2.2.1","Timeout",3.005611
result,"SYN527+1.p","CounterSatisfiable","0.00 v4.1.0","Timeout",3.005204
result,"SYN527-1.p","Satisfiable","0.00 v2.1.0","Timeout",3.005210
result,"SYN528+1.p","CounterSatisfiable","0.00 v4.1.0","Timeout",3.006761
result,"SYN528-1.p","Satisfiable","0.00 v2.2.1","Timeout",3.006530
result,"SYN529+1.p","CounterSatisfiable","0.00 v4.1.0","Timeout",3.008148
result,"SYN529-1.p","Satisfiable","0.00 v2.2.1","Timeout",3.006634
result,"SYN530+1.p","CounterSatisfiable","0.00 v4.1.0","Timeout",3.007130
result,"SYN530-1.p","Satisfiable","0.00 v7.3.0","Timeout",3.006377
result,"SYN531+1.p","CounterSatisfiable","0.00 v4.1.0","Timeout",3.006864
result,"SYN531-1.p","Satisfiable","0.00 v2.2.0","Timeout",3.006334
result,"SYN532+1.p","CounterSatisfiable","0.00 v5.5.0","Timeout",3.010994
result,"SYN532-1.p","Satisfiable","0.00 v2.2.1","Timeout",3.005134
result,"SYN533+1.p","CounterSatisfiable","0.00 v5.5.0","Timeout",3.005630
result,"SYN533-1.p","Satisfiable","0.00 v2.2.1","Timeout",3.005620
result,"SYN534+1.p","CounterSatisfiable","0.00 v4.1.0","Timeout",3.005671
result,"SYN534-1.p","Satisfiable","0.00 v2.2.0","Timeout",3.005243
result,"SYN535+1.p","CounterSatisfiable","0.00 v4.1.0","Timeout",3.006350
result,"SYN535-1.p","Satisfiable","0.00 v2.2.1","Timeout",3.005205
result,"SYN536+1.p","CounterSatisfiable","0.00 v4.1.0","Timeout",3.006148
result,"SYN536-1.p","Satisfiable","0.00 v2.4.0","Timeout",3.004873
result,"SYN537+1.p","CounterSatisfiable","0.00 v4.1.0","Timeout",3.005465
result,"SYN537-1.p","Satisfiable","0.00 v2.2.1","Timeout",3.006786
result,"SYN538+1.p","CounterSatisfiable","0.00 v4.1.0","Timeout",3.008745
result,"SYN538-1.p","Satisfiable","0.00 v5.0.0","Timeout",3.007355
result,"SYN539+1.p","CounterSatisfiable","0.00 v4.1.0","Timeout",3.008984
result,"SYN539-1.p","Satisfiable","0.00 v3.1.0","Timeout",3.007177
result,"SYN540+1.p","CounterSatisfiable","0.00 v5.5.0","Timeout",3.007410
result,"SYN540-1.p","Satisfiable","0.00 v6.2.0","Timeout",3.006033
result,"SYN541+1.p","CounterSatisfiable","0.00 v4.1.0","Timeout",3.006935
result,"SYN541-1.p","Satisfiable","0.00 v3.2.0","Timeout",3.005882
result,"SYN542+1.p","CounterSatisfiable","0.00 v5.5.0","Timeout",3.006994
result,"SYN542-1.p","Satisfiable","0.00 v7.3.0","Timeout",3.006638
result,"SYN543+1.p","CounterSatisfiable","0.00 v5.5.0","Timeout",3.007717
result,"SYN543-1.p","Satisfiable","0.00 v7.3.0","Timeout",3.008137
result,"SYN544+1.p","CounterSatisfiable","0.00 v6.0.0","Timeout",3.016000
result,"SYN544-1.p","Satisfiable","0.00 v6.2.0","Timeout",3.009739
result,"SYN545+1.p","CounterSatisfiable","0.00 v5.5.0","Timeout",3.012226
result,"SYN545-1.p","Satisfiable","0.00 v7.3.0","Timeout",3.008856
result,"SYN546+1.p","CounterSatisfiable","0.00 v5.5.0","Timeout",3.015187
result,"SYN546-1.p","Satisfiable","0.00 v7.3.0","Timeout",3.009888
result,"SYN547+1.p","CounterSatisfiable","0.00 v5.5.0","Timeout",3.015536
result,"SYN547-1.p","Satisfiable","0.00 v7.3.0","Timeout",3.010147
result,"SYN548+1.p","Theorem","0.25 v9.1.0","Timeout",3.005693
result,"SYN549+1.p","Theorem","0.15 v9.1.0","Timeout",3.005627
result,"SYN550+1.p","Theorem","0.15 v9.1.0","Timeout",3.006021
result,"SYN551+1.p","Theorem","0.09 v9.1.0","Timeout",3.005672
result,"SYN552-1.p","Satisfiable","0.00 v6.1.0","GaveUp",0.005137
result,"SYN553-1.p","Unsatisfiable","0.06 v9.1.0","Timeout",3.005612
result,"SYN554-1.p","Unsatisfiable","0.00 v2.5.0","Unsatisfiable",0.243875
result,"SYN555-1.p","Unsatisfiable","0.00 v5.3.0","Timeout",3.004384
result,"SYN556-1.p","Unsatisfiable","0.29 v9.1.0","Timeout",3.005597
result,"SYN557-1.p","Unsatisfiable","0.06 v9.1.0","Unsatisfiable",0.195918
result,"SYN558-1.p","Unsatisfiable","0.06 v9.1.0","Timeout",3.004124
result,"SYN559-1.p","Unsatisfiable","0.06 v9.1.0","Timeout",3.005566
result,"SYN560-1.p","Unsatisfiable","0.00 v9.1.0","Timeout",3.005737
result,"SYN561-1.p","Unsatisfiable","0.06 v9.1.0","Timeout",3.005383
result,"SYN562-1.p","Unsatisfiable","0.06 v9.1.0","Timeout",3.007250
result,"SYN563-1.p","Unsatisfiable","0.06 v9.1.0","Timeout",3.006363
result,"SYN564-1.p","Unsatisfiable","0.06 v9.1.0","Timeout",3.005646
result,"SYN565-1.p","Unsatisfiable","0.06 v9.1.0","Timeout",3.006156
result,"SYN566-1.p","Unsatisfiable","0.06 v9.1.0","Timeout",3.005998
result,"SYN567-1.p","Unsatisfiable","0.00 v2.5.0","Timeout",3.006177
result,"SYN568-1.p","Unsatisfiable","0.00 v2.6.0","Timeout",3.006116
result,"SYN569-1.p","Unsatisfiable","0.06 v9.1.0","Timeout",3.005532
result,"SYN570-1.p","Unsatisfiable","0.00 v5.4.0","Timeout",3.005907
result,"SYN571-1.p","Unsatisfiable","0.08 v9.1.0","Timeout",3.005584
result,"SYN572-1.p","Unsatisfiable","0.18 v9.1.0","Timeout",3.007059
result,"SYN573-1.p","Unsatisfiable","0.00 v9.1.0","Timeout",3.006755
result,"SYN574-1.p","Unsatisfiable","0.00 v6.3.0","Timeout",3.006212
result,"SYN575-1.p","Unsatisfiable","0.00 v7.1.0","Timeout",3.005181
result,"SYN576-1.p","Unsatisfiable","0.23 v9.1.0","Timeout",3.005822
result,"SYN577-1.p","Unsatisfiable","0.18 v9.1.0","Timeout",3.005948
result,"SYN578-1.p","Unsatisfiable","0.00 v7.1.0","Timeout",3.005489
result,"SYN579-1.p","Unsatisfiable","0.00 v7.1.0","Timeout",3.006257
result,"SYN580-1.p","Unsatisfiable","0.00 v6.3.0","Timeout",3.005575
result,"SYN581-1.p","Unsatisfiable","0.00 v2.5.0","Timeout",3.005999
result,"SYN582-1.p","Unsatisfiable","0.00 v2.5.0","Timeout",3.006773
result,"SYN583-1.p","Unsatisfiable","0.00 v5.0.0","Timeout",3.005480
result,"SYN584-1.p","Unsatisfiable","0.00 v6.1.0","Timeout",3.006120
result,"SYN585-1.p","Unsatisfiable","0.08 v9.1.0","Timeout",3.005608
result,"SYN586-1.p","Unsatisfiable","0.08 v9.1.0","Timeout",3.006150
result,"SYN587-1.p","Unsatisfiable","0.00 v6.0.0","Timeout",3.005770
result,"SYN588-1.p","Unsatisfiable","0.06 v9.1.0","Timeout",3.006380
result,"SYN589-1.p","Unsatisfiable","0.06 v9.1.0","Timeout",3.006059
result,"SYN590-1.p","Unsatisfiable","0.00 v5.3.0","Timeout",3.005585
result,"SYN591-1.p","Unsatisfiable","0.00 v7.1.0","Timeout",3.005698
result,"SYN592-1.p","Unsatisfiable","0.00 v7.1.0","Timeout",3.006115
result,"SYN593-1.p","Unsatisfiable","0.00 v2.5.0","Timeout",3.006393
result,"SYN594-1.p","Unsatisfiable","0.00 v2.5.0","Timeout",3.006369
result,"SYN595-1.p","Unsatisfiable","0.00 v9.1.0","Timeout",3.005883
result,"SYN596-1.p","Unsatisfiable","0.00 v5.3.0","Timeout",3.005889
result,"SYN597-1.p","Unsatisfiable","0.41 v9.1.0","Timeout",3.006107
result,"SYN598-1.p","Unsatisfiable","0.24 v9.1.0","Timeout",3.005986
result,"SYN599-1.p","Unsatisfiable","0.29 v9.1.0","Timeout",3.006910
result,"SYN600-1.p","Unsatisfiable","0.24 v9.1.0","Timeout",3.006354
result,"SYN601-1.p","Unsatisfiable","0.24 v9.1.0","Timeout",3.005813
result,"SYN602-1.p","Unsatisfiable","0.18 v9.1.0","Timeout",3.006161
result,"SYN603-1.p","Unsatisfiable","0.18 v9.1.0","Timeout",3.005749
result,"SYN604-1.p","Unsatisfiable","0.00 v9.1.0","Timeout",3.006565
result,"SYN605-1.p","Unsatisfiable","0.00 v9.1.0","Timeout",3.005675
result,"SYN606-1.p","Unsatisfiable","0.00 v9.1.0","Timeout",3.005757
result,"SYN607-1.p","Unsatisfiable","0.00 v9.1.0","Timeout",3.006393
result,"SYN608-1.p","Unsatisfiable","0.00 v9.1.0","Timeout",3.006301
result,"SYN609-1.p","Unsatisfiable","0.08 v9.1.0","Timeout",3.006282
result,"SYN610-1.p","Unsatisfiable","0.08 v9.1.0","Timeout",3.006719
result,"SYN611-1.p","Unsatisfiable","0.08 v9.1.0","Timeout",3.005924
result,"SYN612-1.p","Unsatisfiable","0.08 v9.1.0","Timeout",3.006105
result,"SYN613-1.p","Unsatisfiable","0.00 v5.0.0","Timeout",3.005579
result,"SYN614-1.p","Unsatisfiable","0.47 v9.0.0","Timeout",3.006073
result,"SYN615-1.p","Unsatisfiable","0.71 v9.1.0","Timeout",3.006798
result,"SYN616-1.p","Unsatisfiable","0.53 v9.1.0","Timeout",3.005928
result,"SYN617-1.p","Unsatisfiable","0.59 v9.1.0","Timeout",3.005699
result,"SYN618-1.p","Unsatisfiable","0.00 v5.3.0","Timeout",3.006274
result,"SYN619-1.p","Unsatisfiable","0.08 v9.1.0","Timeout",3.005665
result,"SYN620-1.p","Unsatisfiable","0.00 v6.3.0","Timeout",3.005275
result,"SYN621-1.p","Unsatisfiable","0.08 v9.1.0","Timeout",3.006191
result,"SYN622-1.p","Unsatisfiable","0.00 v9.1.0","Timeout",3.006088
result,"SYN623-1.p","Unsatisfiable","0.00 v7.0.0","Timeout",3.005437
result,"SYN624-1.p","Unsatisfiable","0.08 v9.1.0","Timeout",3.005483
result,"SYN625-1.p","Unsatisfiable","0.00 v7.1.0","Timeout",3.005171
result,"SYN626-1.p","Unsatisfiable","0.00 v2.5.0","Timeout",3.005540
result,"SYN627-1.p","Unsatisfiable","0.00 v5.0.0","Timeout",3.005765
result,"SYN628-1.p","Unsatisfiable","0.29 v9.1.0","Timeout",3.006151
result,"SYN629-1.p","Unsatisfiable","0.47 v9.1.0","Timeout",3.005869
result,"SYN630-1.p","Unsatisfiable","0.00 v4.0.0","Timeout",3.005727
result,"SYN631-1.p","Unsatisfiable","0.24 v9.1.0","Timeout",3.006078
result,"SYN632-1.p","Unsatisfiable","0.00 v5.3.0","Timeout",3.005772
result,"SYN633-1.p","Unsatisfiable","0.08 v9.1.0","Timeout",3.006565
result,"SYN634-1.p","Unsatisfiable","0.08 v9.1.0","Timeout",3.006574
result,"SYN635-1.p","Unsatisfiable","0.08 v9.1.0","Timeout",3.005907
result,"SYN636-1.p","Unsatisfiable","0.08 v9.1.0","Timeout",3.006044
result,"SYN637-1.p","Unsatisfiable","0.00 v8.1.0","Timeout",3.005500
result,"SYN638-1.p","Unsatisfiable","0.00 v8.1.0","Timeout",3.006004
result,"SYN639-1.p","Unsatisfiable","0.24 v9.1.0","Timeout",3.006370
result,"SYN640-1.p","Unsatisfiable","0.24 v9.1.0","Timeout",3.006117
result,"SYN641-1.p","Unsatisfiable","0.00 v7.1.0","Timeout",3.005673
result,"SYN642-1.p","Unsatisfiable","0.00 v7.1.0","Timeout",3.006213
result,"SYN643-1.p","Unsatisfiable","0.00 v7.1.0","Timeout",3.006398
result,"SYN644-1.p","Unsatisfiable","0.15 v9.1.0","Timeout",3.006662
result,"SYN645-1.p","Unsatisfiable","0.15 v9.1.0","Timeout",3.006599
result,"SYN646-1.p","Unsatisfiable","0.24 v9.1.0","Timeout",3.006538
result,"SYN647-1.p","Unsatisfiable","0.24 v9.1.0","Timeout",3.005812
result,"SYN648-1.p","Unsatisfiable","0.08 v9.1.0","Timeout",3.005746
result,"SYN649-1.p","Unsatisfiable","0.06 v9.1.0","Timeout",3.005449
result,"SYN650-1.p","Unsatisfiable","0.23 v9.1.0","Timeout",3.005760
result,"SYN651-1.p","Unsatisfiable","0.00 v5.4.0","Timeout",3.005119
result,"SYN652-1.p","Unsatisfiable","0.00 v5.4.0","Timeout",3.005706
result,"SYN653-1.p","Unsatisfiable","0.12 v9.1.0","Timeout",3.006398
result,"SYN654-1.p","Unsatisfiable","0.06 v9.1.0","Timeout",3.006006
result,"SYN655-1.p","Unsatisfiable","0.06 v9.1.0","Timeout",3.005669
result,"SYN656-1.p","Unsatisfiable","0.00 v7.1.0","Timeout",3.005740
result,"SYN657-1.p","Unsatisfiable","0.08 v9.1.0","Timeout",3.006177
result,"SYN658-1.p","Unsatisfiable","0.08 v9.1.0","Timeout",3.005920
result,"SYN659-1.p","Unsatisfiable","0.00 v5.5.0","Timeout",3.006429
result,"SYN660-1.p","Unsatisfiable","0.00 v7.1.0","Timeout",3.006360
result,"SYN661-1.p","Unsatisfiable","0.00 v7.4.0","Timeout",3.006202
result,"SYN662-1.p","Unsatisfiable","0.00 v7.1.0","Timeout",3.006167
result,"SYN663-1.p","Unsatisfiable","0.00 v5.0.0","Timeout",3.006266
result,"SYN664-1.p","Unsatisfiable","0.00 v7.1.0","Timeout",3.007021
result,"SYN665-1.p","Unsatisfiable","0.00 v7.1.0","Timeout",3.006285
result,"SYN666-1.p","Unsatisfiable","0.00 v2.5.0","Timeout",3.006047
result,"SYN667-1.p","Unsatisfiable","0.00 v2.5.0","Timeout",3.006682
result,"SYN668-1.p","Unsatisfiable","0.00 v2.5.0","Timeout",3.006190
result,"SYN669-1.p","Unsatisfiable","0.00 v2.5.0","Timeout",3.005131
result,"SYN670-1.p","Unsatisfiable","0.00 v2.5.0","Timeout",3.005512
result,"SYN671-1.p","Unsatisfiable","0.00 v2.5.0","Timeout",3.005969
result,"SYN672-1.p","Unsatisfiable","0.00 v5.2.0","Timeout",3.005987
result,"SYN673-1.p","Unsatisfiable","0.08 v9.1.0","Timeout",3.006182
result,"SYN674-1.p","Unsatisfiable","0.00 v5.0.0","Timeout",3.006165
result,"SYN675-1.p","Unsatisfiable","0.00 v5.0.0","Timeout",3.005800
result,"SYN676-1.p","Unsatisfiable","0.00 v5.0.0","Timeout",3.006818
result,"SYN677-1.p","Unsatisfiable","0.08 v9.1.0","Timeout",3.006039
result,"SYN678-1.p","Unsatisfiable","0.00 v5.0.0","Timeout",3.005586
result,"SYN679-1.p","Unsatisfiable","0.00 v7.0.0","Timeout",3.006207
result,"SYN680-1.p","Unsatisfiable","0.00 v5.0.0","Timeout",3.006012
result,"SYN681-1.p","Unsatisfiable","0.00 v5.0.0","Timeout",3.006973
result,"SYN682-1.p","Unsatisfiable","0.00 v5.0.0","Timeout",3.006715
result,"SYN683-1.p","Unsatisfiable","0.00 v5.0.0","Timeout",3.006417
result,"SYN684-1.p","Unsatisfiable","0.00 v5.0.0","Timeout",3.006377
result,"SYN685-1.p","Unsatisfiable","0.08 v9.1.0","Timeout",3.005449
result,"SYN686-1.p","Unsatisfiable","0.00 v5.4.0","Timeout",3.006406
result,"SYN687-1.p","Unsatisfiable","0.08 v9.1.0","Timeout",3.006723
result,"SYN688-1.p","Unsatisfiable","0.00 v8.1.0","Timeout",3.006586
result,"SYN689-1.p","Unsatisfiable","0.00 v8.1.0","Timeout",3.007095
result,"SYN690-1.p","Unsatisfiable","0.23 v9.1.0","Timeout",3.006569
result,"SYN691-1.p","Unsatisfiable","0.00 v5.4.0","Timeout",3.006114
result,"SYN692-1.p","Unsatisfiable","0.15 v9.1.0","Timeout",3.006094
result,"SYN693-1.p","Unsatisfiable","0.08 v9.1.0","Timeout",3.006471
result,"SYN694-1.p","Unsatisfiable","0.15 v9.1.0","Timeout",3.006687
result,"SYN695-1.p","Unsatisfiable","0.15 v9.1.0","Timeout",3.006957
result,"SYN696-1.p","Unsatisfiable","0.15 v9.1.0","Timeout",3.006782
result,"SYN697-1.p","Unsatisfiable","0.08 v9.1.0","Timeout",3.006839
result,"SYN698-1.p","Unsatisfiable","0.15 v9.1.0","Timeout",3.006792
result,"SYN699-1.p","Unsatisfiable","0.15 v9.1.0","Timeout",3.006642
result,"SYN700-1.p","Unsatisfiable","0.15 v9.1.0","Timeout",3.007369
result,"SYN701-1.p","Unsatisfiable","0.08 v9.1.0","Timeout",3.006931
result,"SYN702-1.p","Unsatisfiable","0.00 v8.1.0","Timeout",3.005927
result,"SYN703-1.p","Unsatisfiable","0.00 v8.1.0","Timeout",3.006338
result,"SYN704-1.p","Unsatisfiable","0.18 v9.1.0","Timeout",3.006434
result,"SYN705-1.p","Unsatisfiable","0.00 v8.1.0","Timeout",3.006103
result,"SYN706-1.p","Unsatisfiable","0.00 v8.1.0","Timeout",3.004086
result,"SYN707-1.p","Unsatisfiable","0.24 v9.1.0","Timeout",3.006357
result,"SYN708-1.p","Unsatisfiable","0.24 v9.1.0","Timeout",3.006977
result,"SYN709-1.p","Unsatisfiable","0.00 v8.1.0","Timeout",3.006266
result,"SYN710-1.p","Unsatisfiable","0.00 v6.3.0","Timeout",3.006270
result,"SYN711-1.p","Unsatisfiable","0.29 v9.1.0","Timeout",3.006890
result,"SYN712-1.p","Unsatisfiable","0.00 v8.1.0","Timeout",3.006365
result,"SYN713-1.p","Unsatisfiable","0.00 v7.1.0","Timeout",3.005252
result,"SYN714-1.p","Unsatisfiable","0.00 v5.5.0","Timeout",3.006321
result,"SYN715-1.p","Unsatisfiable","0.00 v5.4.0","Timeout",3.005772
result,"SYN716-1.p","Unsatisfiable","0.00 v8.1.0","Timeout",3.006255
result,"SYN717-1.p","Unsatisfiable","0.00 v7.4.0","Timeout",3.005625
result,"SYN718-1.p","Unsatisfiable","0.31 v9.1.0","Timeout",3.005790
result,"SYN719-1.p","Unsatisfiable","0.06 v9.1.0","Timeout",3.005427
result,"SYN720-1.p","Satisfiable","0.00 v3.2.0","Timeout",3.007278
result,"SYN721+1.p","Theorem","0.00 v2.5.0","Unsatisfiable",0.005088
result,"SYN721-1.p","Unsatisfiable","0.00 v2.5.0","Unsatisfiable",0.004808
result,"SYN722+1.p","Theorem","0.00 v5.5.0","Unsatisfiable",0.026899
result,"SYN723+1.p","Theorem","0.20 v9.0.0","Error",85.624597
result,"SYN724+1.p","Theorem","0.00 v4.0.1","Unsatisfiable",0.015821
result,"SYN724-1.p","Unsatisfiable","0.00 v2.5.0","Unsatisfiable",0.004468
result,"SYN725+1.p","CounterSatisfiable","0.00 v4.1.0","GaveUp",0.003103
result,"SYN726+1.p","Theorem","0.00 v5.3.0","Unsatisfiable",0.293389
result,"SYN726-1.p","Unsatisfiable","0.00 v2.5.0","Unsatisfiable",0.293857
result,"SYN727+1.p","Theorem","0.00 v6.3.0","Unsatisfiable",0.004112
result,"SYN727-1.p","Unsatisfiable","0.00 v5.4.0","Unsatisfiable",0.003594
result,"SYN728+1.p","Theorem","0.00 v9.1.0","Unsatisfiable",0.004761
result,"SYN728-1.p","Unsatisfiable","0.00 v7.1.0","Unsatisfiable",0.005177
result,"SYN729+1.p","Theorem","0.00 v9.1.0","Unsatisfiable",0.011150
result,"SYN729-1.p","Unsatisfiable","0.00 v5.3.0","Unsatisfiable",0.012503
result,"SYN730+1.p","Theorem","0.00 v9.1.0","Unsatisfiable",0.002529
result,"SYN731+1.p","Theorem","0.00 v9.1.0","Unsatisfiable",0.003520
result,"SYN731-1.p","Unsatisfiable","0.00 v5.3.0","Unsatisfiable",0.003224
result,"SYN732+1.p","Theorem","0.00 v9.1.0","Unsatisfiable",0.002179
result,"SYN733+1.p","Theorem","0.05 v9.1.0","Unsatisfiable",0.002490
result,"SYN734-1.p","Satisfiable","0.00 v5.4.0","Timeout",3.003734
result,"SYN735-1.p","Satisfiable","0.00 v3.1.0","Timeout",3.005485
result,"SYN736-1.p","Satisfiable","0.00 v5.5.0","Timeout",3.004832
result,"SYN737-1.p","Satisfiable","0.00 v5.5.0","Timeout",3.004635
result,"SYN738-1.p","Satisfiable","0.00 v3.1.0","Timeout",3.005917
result,"SYN739-1.p","Satisfiable","0.00 v5.4.0","Timeout",3.005583
result,"SYN740-1.p","Satisfiable","0.00 v3.1.0","Timeout",3.005355
result,"SYN741-1.p","Satisfiable","0.00 v5.4.0","Timeout",3.006709
result,"SYN742-1.p","Satisfiable","0.00 v5.4.0","Timeout",3.006487
result,"SYN743-1.p","Satisfiable","0.00 v3.5.0","Timeout",3.006407
result,"SYN744-1.p","Satisfiable","0.00 v3.1.0","Timeout",3.005779
result,"SYN745-1.p","Satisfiable","0.00 v5.5.0","Timeout",3.006612
result,"SYN746-1.p","Satisfiable","0.00 v5.5.0","Timeout",3.005341
result,"SYN747-1.p","Satisfiable","0.00 v5.5.0","Timeout",3.005789
result,"SYN748-1.p","Satisfiable","0.00 v5.4.0","Timeout",3.006033
result,"SYN749-1.p","Satisfiable","0.00 v5.4.0","Timeout",3.006077
result,"SYN750-1.p","Satisfiable","0.00 v5.5.0","Timeout",3.005897
result,"SYN751-1.p","Satisfiable","0.00 v5.5.0","Timeout",3.006122
result,"SYN752-1.p","Satisfiable","0.00 v5.4.0","Timeout",3.005551
result,"SYN753-1.p","Satisfiable","0.00 v5.5.0","Timeout",3.005455
result,"SYN754-1.p","Satisfiable","0.00 v5.5.0","Timeout",3.005296
result,"SYN755-1.p","Unsatisfiable","0.15 v9.1.0","Timeout",3.005451
result,"SYN756-1.p","Satisfiable","0.00 v3.1.0","Timeout",3.005248
result,"SYN757-1.p","Satisfiable","0.00 v5.4.0","Timeout",3.005246
result,"SYN758-1.p","Unsatisfiable","0.31 v9.1.0","Timeout",3.005633
result,"SYN759-1.p","Unsatisfiable","0.23 v9.1.0","Timeout",3.005748
result,"SYN760-1.p","Satisfiable","0.00 v5.4.0","Timeout",3.005982
result,"SYN761-1.p","Satisfiable","0.00 v5.5.0","Timeout",3.005623
result,"SYN762-1.p","Unsatisfiable","0.31 v9.1.0","Timeout",3.005408
result,"SYN763-1.p","Satisfiable","0.00 v5.4.0","Timeout",3.005626
result,"SYN764-1.p","Satisfiable","0.00 v5.5.0","Timeout",3.005454
result,"SYN765-1.p","Satisfiable","0.00 v5.5.0","Timeout",3.005907
result,"SYN766-1.p","Satisfiable","0.00 v5.5.0","Timeout",3.005853
result,"SYN767-1.p","Satisfiable","0.00 v5.5.0","Timeout",3.006507
result,"SYN768-1.p","Satisfiable","0.00 v5.5.0","Timeout",3.004948
result,"SYN769-1.p","Satisfiable","0.00 v5.4.0","Timeout",3.003506
result,"SYN770-1.p","Satisfiable","0.00 v5.5.0","Timeout",3.004690
result,"SYN771-1.p","Satisfiable","0.00 v5.5.0","Timeout",3.004103
result,"SYN772-1.p","Satisfiable","0.00 v3.1.0","Timeout",3.005187
result,"SYN773-1.p","Satisfiable","0.00 v5.4.0","Timeout",3.005339
result,"SYN774-1.p","Satisfiable","0.00 v5.4.0","Timeout",3.005825
result,"SYN775-1.p","Satisfiable","0.00 v5.5.0","Timeout",3.005152
result,"SYN776-1.p","Satisfiable","0.00 v5.5.0","Timeout",3.005947
result,"SYN777-1.p","Satisfiable","0.00 v5.5.0","Timeout",3.005320
result,"SYN778-1.p","Satisfiable","0.00 v5.5.0","Timeout",3.005575
result,"SYN779-1.p","Satisfiable","0.00 v5.5.0","Timeout",3.006238
result,"SYN780-1.p","Satisfiable","0.00 v5.4.0","Timeout",3.005212
result,"SYN781-1.p","Satisfiable","0.00 v5.4.0","Timeout",3.005576
result,"SYN782-1.p","Satisfiable","0.00 v5.5.0","Timeout",3.005433
result,"SYN783-1.p","Satisfiable","0.00 v5.5.0","Timeout",3.005868
result,"SYN784-1.p","Unsatisfiable","0.15 v9.1.0","Timeout",3.005137
result,"SYN785-1.p","Satisfiable","0.00 v5.4.0","Timeout",3.005431
result,"SYN786-1.p","Satisfiable","0.00 v5.4.0","Timeout",3.006444
result,"SYN787-1.p","Satisfiable","0.00 v5.5.0","Timeout",3.005643
result,"SYN788-1.p","Satisfiable","0.00 v8.1.0","Timeout",3.006225
result,"SYN789-1.p","Satisfiable","0.00 v8.1.0","Timeout",3.005552
result,"SYN790-1.p","Satisfiable","0.00 v5.5.0","Timeout",3.005442
result,"SYN791-1.p","Satisfiable","0.00 v5.5.0","Timeout",3.005940
result,"SYN792-1.p","Satisfiable","0.00 v5.5.0","Timeout",3.005433
result,"SYN793-1.p","Satisfiable","0.00 v5.5.0","Timeout",3.005381
result,"SYN794-1.p","Satisfiable","0.00 v5.4.0","Timeout",3.005505
result,"SYN795-1.p","Satisfiable","0.00 v5.5.0","Timeout",3.005476
result,"SYN796-1.p","Unsatisfiable","0.15 v9.1.0","Timeout",3.005425
result,"SYN797-1.p","Satisfiable","0.00 v5.5.0","Timeout",3.005601
result,"SYN798-1.p","Satisfiable","0.00 v5.4.0","Timeout",3.006592
result,"SYN799-1.p","Satisfiable","0.00 v5.5.0","Timeout",3.005478
result,"SYN800-1.p","Satisfiable","0.00 v5.5.0","Timeout",3.005815
result,"SYN801-1.p","Satisfiable","0.00 v5.5.0","Timeout",3.005715
result,"SYN802-1.p","Unsatisfiable","0.46 v9.1.0","Timeout",3.006798
result,"SYN803-1.p","Satisfiable","0.00 v5.5.0","Timeout",3.005895
result,"SYN804-1.p","Satisfiable","0.00 v5.5.0","Timeout",3.005504
result,"SYN805-1.p","Satisfiable","0.00 v5.5.0","Timeout",3.005869
result,"SYN806-1.p","Satisfiable","0.00 v5.5.0","Timeout",3.005827
result,"SYN807-1.p","Satisfiable","0.00 v5.5.0","Timeout",3.005290
result,"SYN808-1.p","Satisfiable","0.00 v5.5.0","Timeout",3.005461
result,"SYN809-1.p","Satisfiable","0.00 v5.5.0","Timeout",3.005956
result,"SYN810-1.p","Satisfiable","0.00 v5.5.0","Timeout",3.005705
result,"SYN811-1.p","Satisfiable","0.00 v7.3.0","Timeout",3.072795
result,"SYN812-1.p","Satisfiable","0.00 v7.3.0","Timeout",3.594863
result,"SYN813-1.p","Unsatisfiable","0.12 v9.1.0","Timeout",3.034224
result,"SYN814-1.p","Satisfiable","0.00 v7.3.0","Timeout",3.087452
result,"SYN815-1.p","Satisfiable","0.00 v7.3.0","Timeout",3.241745
result,"SYN816-1.p","Satisfiable","0.00 v7.3.0","Timeout",3.232361
result,"SYN817-1.p","Satisfiable","0.00 v7.3.0","Timeout",3.252519
result,"SYN818-1.p","Satisfiable","0.00 v7.3.0","Timeout",3.799694
result,"SYN819-1.p","Unsatisfiable","0.12 v9.1.0","Timeout",3.039501
result,"SYN820-1.p","Unsatisfiable","0.12 v9.1.0","Timeout",3.031476
result,"SYN821-1.p","Satisfiable","0.00 v7.3.0","Timeout",3.276543
result,"SYN822-1.p","Satisfiable","0.00 v7.3.0","Timeout",3.283279
result,"SYN823-1.p","Satisfiable","0.00 v7.3.0","Timeout",3.025234
result,"SYN824-1.p","Satisfiable","0.00 v7.3.0","Timeout",3.164546
result,"SYN825-1.p","Satisfiable","0.00 v7.3.0","Timeout",3.512714
result,"SYN826-1.p","Satisfiable","0.00 v7.3.0","Timeout",3.549832
result,"SYN827-1.p","Satisfiable","0.00 v7.3.0","Timeout",3.027443
result,"SYN828-1.p","Satisfiable","0.00 v7.3.0","Timeout",3.233715
result,"SYN829-1.p","Satisfiable","0.00 v7.3.0","Timeout",3.728909
result,"SYN830-1.p","Satisfiable","0.00 v7.3.0","Timeout",3.800291
result,"SYN831-1.p","Satisfiable","0.00 v7.3.0","Timeout",3.747717
result,"SYN832-1.p","Satisfiable","0.00 v7.3.0","Timeout",3.663621
result,"SYN833-1.p","Unsatisfiable","0.12 v9.1.0","Timeout",3.029033
result,"SYN834-1.p","Unsatisfiable","0.12 v9.1.0","Timeout",3.032598
result,"SYN835-1.p","Satisfiable","0.00 v7.3.0","Timeout",3.029849
result,"SYN836-1.p","Unsatisfiable","0.12 v9.1.0","Timeout",3.031053
result,"SYN837-1.p","Unsatisfiable","0.25 v9.1.0","Timeout",3.077446
result,"SYN838-1.p","Satisfiable","0.00 v7.3.0","Timeout",3.272538
result,"SYN839-1.p","Satisfiable","0.00 v7.3.0","Timeout",3.853923
result,"SYN840-1.p","Satisfiable","0.00 v7.3.0","Timeout",3.852666
result,"SYN841-1.p","Satisfiable","0.00 v7.3.0","Timeout",3.871738
result,"SYN842-1.p","Satisfiable","0.00 v7.3.0","Timeout",3.956744
result,"SYN843-1.p","Unsatisfiable","0.12 v9.1.0","Timeout",3.035620
result,"SYN844-1.p","Unsatisfiable","0.12 v9.1.0","Timeout",3.042260
result,"SYN845-1.p","Unsatisfiable","0.12 v9.1.0","Timeout",3.035959
result,"SYN846-1.p","Unsatisfiable","0.25 v9.1.0","Timeout",3.079856
result,"SYN847-1.p","Unsatisfiable","0.12 v9.1.0","Timeout",3.081405
result,"SYN848-1.p","Unsatisfiable","0.12 v9.1.0","Timeout",3.080976
result,"SYN849-1.p","Unsatisfiable","0.12 v9.1.0","Timeout",3.082279
result,"SYN850-1.p","Unsatisfiable","0.25 v9.1.0","Timeout",3.281371
result,"SYN851-1.p","Satisfiable","0.00 v7.3.0","Timeout",3.269963
result,"SYN852-1.p","Satisfiable","0.00 v7.3.0","Timeout",3.969892
result,"SYN853-1.p","Satisfiable","0.00 v7.3.0","Timeout",3.949122
result,"SYN854-1.p","Satisfiable","0.00 v7.3.0","Timeout",3.952964
result,"SYN855-1.p","Satisfiable","0.00 v7.3.0","Timeout",3.904275
result,"SYN856-1.p","Unsatisfiable","0.12 v9.1.0","Timeout",3.034067
result,"SYN857-1.p","Unsatisfiable","0.12 v9.1.0","Timeout",3.035669
result,"SYN858-1.p","Unsatisfiable","0.12 v9.1.0","Timeout",3.091015
result,"SYN859-1.p","Unsatisfiable","0.12 v9.1.0","Timeout",3.081460
result,"SYN860-1.p","Unsatisfiable","0.12 v9.1.0","Timeout",3.084587
result,"SYN861-1.p","Unsatisfiable","0.25 v9.1.0","Timeout",3.275708
result,"SYN862-1.p","Unsatisfiable","0.25 v9.1.0","Timeout",3.287679
result,"SYN863-1.p","Satisfiable","0.00 v7.3.0","Timeout",3.268292
result,"SYN864-1.p","Satisfiable","0.00 v7.3.0","Timeout",3.287225
result,"SYN865-1.p","Unsatisfiable","0.25 v9.1.0","Timeout",3.287966
result,"SYN866-1.p","Unsatisfiable","0.25 v9.1.0","Timeout",3.273182
result,"SYN867-1.p","Satisfiable","0.00 v7.3.0","Timeout",3.009242
result,"SYN868-1.p","Satisfiable","0.00 v7.3.0","Timeout",3.010895
result,"SYN869-1.p","Unsatisfiable","0.12 v9.1.0","Timeout",3.009184
result,"SYN870-1.p","Satisfiable","0.00 v7.3.0","Timeout",3.009471
result,"SYN871-1.p","Unsatisfiable","0.12 v9.1.0","Timeout",3.009252
result,"SYN872-1.p","Satisfiable","0.00 v7.3.0","Timeout",3.038835
result,"SYN873-1.p","Unsatisfiable","0.12 v9.1.0","Timeout",3.010499
result,"SYN874-1.p","Unsatisfiable","0.12 v9.1.0","Timeout",3.009823
result,"SYN875-1.p","Unsatisfiable","0.12 v9.1.0","Timeout",3.011169
result,"SYN876-1.p","Unsatisfiable","0.12 v9.1.0","Timeout",3.015082
result,"SYN877-1.p","Unsatisfiable","0.12 v9.1.0","Timeout",3.011579
result,"SYN878-1.p","Unsatisfiable","0.12 v9.1.0","Timeout",3.012131
result,"SYN879-1.p","Unsatisfiable","0.12 v9.1.0","Timeout",3.012449
result,"SYN880-1.p","Unsatisfiable","0.12 v9.1.0","Timeout",3.015633
result,"SYN881-1.p","Unsatisfiable","0.12 v9.1.0","Timeout",3.014499
result,"SYN882-1.p","Unsatisfiable","0.12 v9.1.0","Timeout",3.015053
result,"SYN883-1.p","Unsatisfiable","0.12 v9.1.0","Timeout",3.018990
result,"SYN884-1.p","Unsatisfiable","0.12 v9.1.0","Timeout",3.021553
result,"SYN885-1.p","Unsatisfiable","0.25 v9.1.0","Timeout",3.022244
result,"SYN886-1.p","Unsatisfiable","0.12 v9.1.0","Timeout",3.027705
result,"SYN887-1.p","Unsatisfiable","0.12 v9.1.0","Timeout",3.029627
result,"SYN888-1.p","Satisfiable","0.00 v7.3.0","Timeout",3.054756
result,"SYN889-1.p","Unsatisfiable","0.12 v9.1.0","Timeout",3.012848
result,"SYN890-1.p","Unsatisfiable","0.12 v9.1.0","Timeout",3.012916
result,"SYN891-1.p","Unsatisfiable","0.12 v9.1.0","Timeout",3.011828
result,"SYN892-1.p","Unsatisfiable","0.12 v9.1.0","Timeout",3.013017
result,"SYN893-1.p","Unsatisfiable","0.12 v9.1.0","Timeout",3.017393
result,"SYN894-1.p","Unsatisfiable","0.12 v9.1.0","Timeout",3.019720
result,"SYN895-1.p","Unsatisfiable","0.12 v9.1.0","Timeout",3.019989
result,"SYN896-1.p","Unsatisfiable","0.12 v9.1.0","Timeout",3.015813
result,"SYN897-1.p","Unsatisfiable","0.25 v9.1.0","Timeout",3.026454
result,"SYN898-1.p","Unsatisfiable","0.12 v9.1.0","Timeout",3.026596
result,"SYN899-1.p","Unsatisfiable","0.12 v9.1.0","Timeout",3.036170
result,"SYN900-1.p","Unsatisfiable","0.12 v9.1.0","Timeout",3.024391
result,"SYN901-1.p","Unsatisfiable","0.25 v9.1.0","Timeout",3.051133
result,"SYN902-1.p","Satisfiable","0.00 v7.3.0","Timeout",3.045791
result,"SYN903-1.p","Satisfiable","0.00 v5.5.0","Timeout",3.011361
result,"SYN904-1.p","Satisfiable","0.00 v5.4.0","Timeout",3.010146
result,"SYN905-1.p","Satisfiable","0.00 v5.4.0","Timeout",3.011799
result,"SYN906-1.p","Satisfiable","0.00 v6.3.0","Timeout",3.009618
result,"SYN907-1.p","Satisfiable","0.00 v6.3.0","Timeout",3.010478
result,"SYN908-1.p","Satisfiable","0.00 v6.3.0","Timeout",3.014171
result,"SYN909-1.p","Satisfiable","0.00 v5.4.0","Timeout",3.012252
result,"SYN910-1.p","Satisfiable","0.00 v5.5.0","Timeout",3.015963
result,"SYN911-1.p","Satisfiable","0.00 v6.3.0","Timeout",3.015304
result,"SYN912-1.p","Satisfiable","0.00 v5.4.0","Timeout",3.017014
result,"SYN913-1.p","Satisfiable","0.00 v6.3.0","Timeout",3.014201
result,"SYN914-1.p","Unsatisfiable","0.85 v9.1.0","Timeout",3.005419
result,"SYN915+1.p","Theorem","0.00 v4.1.0","Unsatisfiable",0.003751
result,"SYN915-1.p","Unsatisfiable","0.00 v3.3.0","Unsatisfiable",0.003479
result,"SYN916+1.p","CounterSatisfiable","0.00 v4.1.0","GaveUp",0.002998
result,"SYN916-1.p","Satisfiable","0.33 v5.4.0","GaveUp",0.002953
result,"SYN917+1.p","Theorem","0.15 v9.1.0","Error",107.280281
result,"SYN918+1.p","Theorem","0.00 v9.1.0","Unsatisfiable",0.028209
result,"SYN919+1.p","Theorem","0.00 v5.3.0","Unsatisfiable",0.004783
result,"SYN920+1.p","Theorem","0.00 v5.3.0","Unsatisfiable",0.009921
result,"SYN921+1.p","Theorem","0.00 v5.3.0","Unsatisfiable",0.002552
result,"SYN922+1.p","Theorem","0.00 v5.3.0","Unsatisfiable",0.003805
result,"SYN923+1.p","Theorem","0.00 v5.3.0","Unsatisfiable",0.003418
result,"SYN924+1.p","Theorem","0.00 v5.3.0","Unsatisfiable",0.004831
result,"SYN925+1.p","Theorem","0.00 v5.3.0","Unsatisfiable",0.002040
result,"SYN926+1.p","Theorem","0.00 v5.3.0","Unsatisfiable",0.002078
result,"SYN927+1.p","Theorem","0.00 v5.3.0","Unsatisfiable",0.001876
result,"SYN928+1.p","Theorem","0.00 v5.5.0","Unsatisfiable",0.001767
result,"SYN929+1.p","Theorem","0.00 v5.3.0","Unsatisfiable",0.001681
result,"SYN930+1.p","Theorem","0.00 v5.3.0","Unsatisfiable",0.002540
result,"SYN931+1.p","Theorem","0.00 v5.5.0","Unsatisfiable",0.003303
result,"SYN932+1.p","Theorem","0.00 v4.0.1","Unsatisfiable",0.002186
result,"SYN933+1.p","Theorem","0.00 v4.0.1","Unsatisfiable",0.001752
result,"SYN934+1.p","Theorem","0.00 v5.3.0","Unsatisfiable",0.003835
result,"SYN935+1.p","Theorem","0.00 v5.3.0","Unsatisfiable",0.002430
result,"SYN936+1.p","Theorem","0.00 v5.3.0","Unsatisfiable",0.002757
result,"SYN937+1.p","Theorem","0.00 v5.3.0","Unsatisfiable",0.003069
result,"SYN938+1.p","Theorem","0.30 v9.1.0","Error",48.505750
result,"SYN939+1.p","Theorem","0.00 v9.1.0","Unsatisfiable",0.020942
result,"SYN940+1.p","Theorem","0.00 v9.1.0","Unsatisfiable",0.004310
result,"SYN941+1.p","Theorem","0.05 v9.1.0","Unsatisfiable",0.005388
result,"SYN942+1.p","Theorem","0.00 v5.3.0","Unsatisfiable",0.004962
result,"SYN943+1.p","Theorem","0.00 v9.1.0","Unsatisfiable",0.005286
result,"SYN944+1.p","Theorem","0.00 v5.3.0","Unsatisfiable",0.004768
result,"SYN945+1.p","Theorem","0.00 v5.3.0","Unsatisfiable",0.003205
result,"SYN946+1.p","Theorem","0.00 v5.3.0","Unsatisfiable",0.002690
result,"SYN947+1.p","Theorem","0.05 v9.1.0","Unsatisfiable",0.002678
result,"SYN948+1.p","Theorem","0.00 v9.1.0","Unsatisfiable",0.003027
result,"SYN949+1.p","Theorem","0.00 v5.3.0","Unsatisfiable",0.005393
result,"SYN950+1.p","Theorem","0.00 v5.4.0","Unsatisfiable",0.004284
result,"SYN951+1.p","Theorem","0.00 v5.3.0","Unsatisfiable",0.003933
result,"SYN952+1.p","Theorem","0.00 v5.3.0","Unsatisfiable",0.003087
result,"SYN953+1.p","Theorem","0.00 v5.3.0","Unsatisfiable",0.002627
result,"SYN954+1.p","Theorem","0.00 v5.3.0","Unsatisfiable",0.003989
result,"SYN955+1.p","Theorem","0.00 v5.3.0","Unsatisfiable",0.002935
result,"SYN956+1.p","Theorem","0.00 v5.3.0","Unsatisfiable",0.002449
result,"SYN957+1.p","Theorem","0.00 v5.3.0","Unsatisfiable",0.002576
result,"SYN958+1.p","Theorem","0.00 v5.3.0","Unsatisfiable",0.002375
result,"SYN959+1.p","Theorem","0.00 v5.3.0","Unsatisfiable",0.002715
result,"SYN960+1.p","Theorem","0.00 v5.3.0","Unsatisfiable",0.002818
result,"SYN961+1.p","Theorem","0.00 v5.3.0","Unsatisfiable",0.003080
result,"SYN962+1.p","Theorem","0.00 v5.3.0","Unsatisfiable",0.002584
result,"SYN963+1.p","Theorem","0.00 v5.3.0","Unsatisfiable",0.002967
result,"SYN964+1.p","Theorem","0.00 v5.3.0","Unsatisfiable",0.002418
result,"SYN965+1.p","Theorem","0.05 v9.1.0","Unsatisfiable",0.005309
result,"SYN966+1.p","Theorem","0.00 v9.1.0","Unsatisfiable",0.163605
result,"SYN967+1.p","Theorem","0.00 v5.3.0","Unsatisfiable",0.005315
result,"SYN968+1.p","Theorem","0.00 v5.3.0","Unsatisfiable",0.003470
result,"SYN969+1.p","Theorem","0.00 v5.3.0","Unsatisfiable",0.004798
result,"SYN970+1.p","Theorem","0.00 v5.3.0","Unsatisfiable",0.003484
result,"SYN971+1.p","Theorem","0.00 v9.1.0","Unsatisfiable",0.001981
result,"SYN972+1.p","Theorem","0.00 v5.4.0","Unsatisfiable",0.002188
result,"SYN973+1.p","Theorem","0.00 v5.3.0","Unsatisfiable",0.001734
result,"SYN974+1.p","Theorem","0.00 v5.3.0","Unsatisfiable",0.001822
result,"SYN975+1.p","Theorem","0.00 v5.3.0","Unsatisfiable",0.001656
result,"SYN976+1.p","Theorem","0.00 v5.3.0","Unsatisfiable",0.001800
result,"SYN977+1.p","Theorem","0.00 v4.1.0","Unsatisfiable",0.001741
result,"SYN978+1.p","Theorem","0.00 v3.1.0","Unsatisfiable",0.002897
result,"SYN979+1.p","Theorem","0.00 v5.3.0","Unsatisfiable",0.004128
result,"SYN980+1.p","Theorem","0.00 v9.1.0","Unsatisfiable",0.004038
result,"SYN981+1.p","Theorem","0.00 v5.3.0","Unsatisfiable",0.002661
result,"SYN982-1.p","Unsatisfiable","0.41 v9.1.0","Timeout",3.003849

section,prover,scope,total,success,timeout,incomplete,unsound,error,avg_time_s
prover_stats,"ip","Tous",1165,"681 (58.5%)","481 (41.3%)","0 (0.0%)","0 (0.0%)","3 (0.3%)",2.232118
prover_stats,"ip","Theorem/Unsatisfiable",863,"379 (43.9%)","481 (55.7%)","0 (0.0%)","0 (0.0%)","3 (0.3%)",2.029534
prover_stats,"ip","Theorem (FOF)",276,"205 (74.3%)","68 (24.6%)","0 (0.0%)","0 (0.0%)","3 (1.1%)",1.635970
prover_stats,"ip","Unsatisfiable (CNF)",587,"174 (29.6%)","413 (70.4%)","0 (0.0%)","0 (0.0%)","0 (0.0%)",2.214583
