# bench_date,"2026-05-29_15-16-46"
# problem_dir,"/home/etudiant/Cours/stage/TPTP-v9.2.1/Problems/SYN/"
# home,
# logs_dir,"bench_logs_original_repro"
# time_limit_seconds,3
# robust_time_limit,true
# size_limit_gb,
# max_clauses,
# mode,"ordered-fallback"
# casc,
# only_ip,true
# version_ip,"d864328"

section,problem,expected_status,rating,ip,ip_time_s
result,"SYN000+1.p","Theorem","0.18 v9.1.0","Unsatisfiable",0.010462
result,"SYN000+2.p","Satisfiable","0.83 v9.0.0","Error",0.006338
result,"SYN000-1.p","Unsatisfiable","0.18 v9.1.0","Unsatisfiable",0.007055
result,"SYN000-2.p","Satisfiable","0.75 v9.1.0","Error",0.006160
result,"SYN000-3.p","Satisfiable","? v8.0.0","Error",0.006222
result,"SYN000^1.p","Theorem","0.22 v9.1.0","Error",0.006086
result,"SYN000^2.p","Satisfiable","? v9.2.1","Error",0.006026
result,"SYN000^3.p","Satisfiable","1.00 v7.1.0","Error",0.007220
result,"SYN000^6.p","Unknown","1.00 v9.0.0","Error",0.006125
result,"SYN000^7.p","Unknown","1.00 v9.0.0","Error",0.007184
result,"SYN000_1.p","Theorem","0.12 v9.1.0","Error",0.006602
result,"SYN000_2.p","Satisfiable","1.00 v9.1.0","Error",0.006618
result,"SYN000_3.p","Satisfiable","0.75 v9.0.0","Error",0.006717
result,"SYN000_4.p","Satisfiable","1.00 v9.1.0","Error",0.006377
result,"SYN000_5.p","Theorem","0.62 v7.5.0","Error",0.006430
result,"SYN000_6.p","Unknown","1.00 v9.0.0","Error",0.006661
result,"SYN000_7.p","Unknown","1.00 v9.0.0","Error",0.006383
result,"SYN001+1.p","Theorem","0.00 v2.1.0","Unsatisfiable",0.007346
result,"SYN001-1.005.p","Unsatisfiable","0.00 v2.1.0","Unsatisfiable",0.024978
result,"SYN001^4.001.p","CounterSatisfiable","0.67 v9.0.0","Error",0.008011
result,"SYN001^4.002.p","CounterSatisfiable","0.67 v9.0.0","Error",0.007646
result,"SYN001^4.003.p","CounterSatisfiable","0.67 v9.0.0","Error",0.007427
result,"SYN001^4.004.p","CounterSatisfiable","0.67 v9.0.0","Error",0.008103
result,"SYN002-1.007.008.p","Unsatisfiable","0.00 v6.3.0","Unsatisfiable",0.027931
result,"SYN003-1.006.p","Unsatisfiable","0.00 v2.1.0","Unsatisfiable",0.014670
result,"SYN004-1.007.p","Unsatisfiable","0.00 v2.1.0","Unsatisfiable",0.013233
result,"SYN005-1.010.p","Unsatisfiable","0.00 v2.1.0","Unsatisfiable",0.034349
result,"SYN006-1.p","Unsatisfiable","0.00 v6.3.0","Unsatisfiable",0.009926
result,"SYN007+1.014.p","Theorem","0.00 v7.3.0","Error",5.079234
result,"SYN007^4.014.p","CounterSatisfiable","1.00 v4.0.0","Error",0.007235
result,"SYN008-1.p","Unsatisfiable","0.00 v2.0.0","Unsatisfiable",0.011438
result,"SYN009-1.p","Unsatisfiable","0.00 v2.0.0","Unsatisfiable",0.013140
result,"SYN009-2.p","Unsatisfiable","0.00 v2.5.0","Unsatisfiable",0.011135
result,"SYN009-3.p","Unsatisfiable","0.00 v2.5.0","Unsatisfiable",0.024703
result,"SYN009-4.p","Unsatisfiable","0.00 v2.5.0","Unsatisfiable",0.018381
result,"SYN010-1.005.005.p","Unsatisfiable","0.00 v2.1.0","Unsatisfiable",0.678426
result,"SYN011-1.p","Unsatisfiable","0.00 v2.0.0","Unsatisfiable",0.014747
result,"SYN012-1.p","Unsatisfiable","0.08 v9.1.0","Unsatisfiable",0.028714
result,"SYN013-1.p","Unsatisfiable","0.05 v9.0.0","Timeout",3.008296
result,"SYN014-1.p","Unsatisfiable","0.09 v9.1.0","Unsatisfiable",2.760863
result,"SYN014-2.p","Unsatisfiable","0.00 v2.2.1","Unsatisfiable",0.018884
result,"SYN015-1.p","Unsatisfiable","0.09 v9.1.0","Unsatisfiable",2.475018
result,"SYN015-2.p","Unsatisfiable","0.00 v7.4.0","Timeout",3.009642
result,"SYN028-1.p","Unsatisfiable","0.00 v2.0.0","Unsatisfiable",0.009634
result,"SYN029-1.p","Unsatisfiable","0.00 v2.0.0","Unsatisfiable",0.008307
result,"SYN030-1.p","Unsatisfiable","0.00 v2.0.0","Unsatisfiable",0.011092
result,"SYN031-1.p","Unsatisfiable","0.00 v2.0.0","Unsatisfiable",0.010053
result,"SYN032-1.p","Unsatisfiable","0.00 v2.0.0","Unsatisfiable",0.009202
result,"SYN033-1.p","Unsatisfiable","0.00 v2.0.0","Unsatisfiable",0.029081
result,"SYN034-1.p","Unsatisfiable","0.00 v2.0.0","Unsatisfiable",0.010283
result,"SYN035-1.p","Unsatisfiable","0.06 v9.1.0","Unsatisfiable",0.008656
result,"SYN036+1.p","Theorem","0.05 v9.1.0","Timeout",3.031840
result,"SYN036+2.p","Theorem","0.10 v9.1.0","Timeout",3.032279
result,"SYN036-1.p","Unsatisfiable","0.23 v9.1.0","Timeout",3.011754
result,"SYN036-2.p","Satisfiable","0.00 v3.5.0","Timeout",3.012689
result,"SYN036-3.p","Unsatisfiable","0.08 v9.1.0","Timeout",3.008795
result,"SYN036-4.p","Unsatisfiable","0.15 v9.1.0","Timeout",3.009000
result,"SYN036^5.p","Theorem","0.25 v8.2.0","Error",0.007424
result,"SYN036^7.p","Theorem","1.00 v7.1.0","Error",0.007101
result,"SYN037-1.p","Unsatisfiable","0.08 v9.1.0","Timeout",3.007999
result,"SYN037-2.p","Unsatisfiable","0.08 v9.1.0","Unsatisfiable",0.684137
result,"SYN038-1.p","Unsatisfiable","0.08 v9.1.0","Unsatisfiable",0.034945
result,"SYN039-1.p","Unsatisfiable","0.08 v9.1.0","Timeout",3.009636
result,"SYN040+1.p","Theorem","0.00 v2.1.0","Unsatisfiable",0.008450
result,"SYN040-1.p","Unsatisfiable","0.00 v2.0.0","Unsatisfiable",0.007320
result,"SYN040^4.p","CounterSatisfiable","0.67 v9.0.0","Error",0.006528
result,"SYN041+1.p","Theorem","0.00 v2.3.0","Unsatisfiable",0.006793
result,"SYN041-1.p","Unsatisfiable","0.00 v2.0.0","Unsatisfiable",0.007280
result,"SYN041^4.p","Theorem","0.11 v9.1.0","Error",0.006594
result,"SYN044+1.p","Theorem","0.00 v2.1.0","Unsatisfiable",0.008495
result,"SYN044-1.p","Unsatisfiable","0.00 v2.0.0","Unsatisfiable",0.007773
result,"SYN044^4.p","Theorem","0.11 v9.1.0","Error",0.007176
result,"SYN045+1.p","Theorem","0.00 v2.1.0","Unsatisfiable",0.007321
result,"SYN045-1.p","Unsatisfiable","0.00 v2.0.0","Unsatisfiable",0.007861
result,"SYN045^4.p","Theorem","0.11 v9.1.0","Error",0.006601
result,"SYN045^7.p","Theorem","0.11 v9.1.0","Error",0.006846
result,"SYN046+1.p","Theorem","0.00 v2.1.0","Unsatisfiable",0.007598
result,"SYN046-1.p","Unsatisfiable","0.00 v2.0.0","Unsatisfiable",0.006754
result,"SYN046^4.p","CounterSatisfiable","0.67 v9.0.0","Error",0.006919
result,"SYN047+1.p","Theorem","0.00 v4.1.0","Unsatisfiable",0.008365
result,"SYN047-1.p","Unsatisfiable","0.00 v2.0.0","Unsatisfiable",0.007963
result,"SYN047^4.p","CounterSatisfiable","0.67 v9.0.0","Error",0.006926
result,"SYN048+1.p","Theorem","0.00 v5.3.0","Unsatisfiable",0.006882
result,"SYN048-1.p","Unsatisfiable","0.06 v9.1.0","Unsatisfiable",0.006466
result,"SYN049+1.p","Theorem","0.00 v9.1.0","Unsatisfiable",0.006997
result,"SYN049-1.p","Unsatisfiable","0.00 v5.3.0","Unsatisfiable",0.007068
result,"SYN049^5.p","Theorem","0.08 v9.1.0","Error",0.006450
result,"SYN050+1.p","Theorem","0.00 v9.1.0","Unsatisfiable",0.008744
result,"SYN050-1.p","Unsatisfiable","0.06 v9.1.0","Unsatisfiable",0.007758
result,"SYN051+1.p","Theorem","0.00 v5.4.0","Unsatisfiable",0.007947
result,"SYN051-1.p","Unsatisfiable","0.00 v2.0.0","Unsatisfiable",0.007971
result,"SYN051^5.p","Theorem","0.08 v9.1.0","Error",0.006839
result,"SYN052+1.p","Theorem","0.00 v5.3.0","Unsatisfiable",0.006992
result,"SYN052-1.p","Unsatisfiable","0.00 v2.0.0","Unsatisfiable",0.008269
result,"SYN052^7.p","Theorem","0.11 v9.1.0","Error",0.006273
result,"SYN053+1.p","Theorem","0.00 v5.3.0","Unsatisfiable",0.008153
result,"SYN053-1.p","Unsatisfiable","0.00 v2.1.0","Unsatisfiable",0.007743
result,"SYN054+1.p","Theorem","0.00 v5.3.0","Unsatisfiable",0.008052
result,"SYN054-1.p","Unsatisfiable","0.00 v2.0.0","Unsatisfiable",0.007796
result,"SYN055+1.p","ContradictoryAxioms","0.00 v8.1.0","Unsatisfiable",0.008999
result,"SYN055-1.p","Unsatisfiable","0.00 v2.0.0","Unsatisfiable",0.012550
result,"SYN055^5.p","Theorem","0.08 v9.1.0","Error",0.007510
result,"SYN056+1.p","Theorem","0.00 v5.3.0","Unsatisfiable",0.053252
result,"SYN056-1.p","Satisfiable","0.00 v2.1.0","GaveUp",0.132066
result,"SYN056^5.p","Theorem","0.08 v9.1.0","Error",0.007388
result,"SYN057+1.p","Theorem","0.00 v5.3.0","Unsatisfiable",0.014157
result,"SYN057-1.p","Unsatisfiable","0.00 v2.0.0","Unsatisfiable",0.013682
result,"SYN057^5.p","Theorem","0.00 v6.2.0","Error",0.008019
result,"SYN058+1.p","Theorem","0.00 v5.3.0","Unsatisfiable",0.010029
result,"SYN058-1.p","Unsatisfiable","0.00 v2.0.0","Unsatisfiable",0.009699
result,"SYN058^5.p","Theorem","0.00 v6.2.0","Error",0.006388
result,"SYN059+1.p","Theorem","0.00 v2.1.0","Unsatisfiable",0.080191
result,"SYN059-1.p","Satisfiable","0.00 v2.2.0","GaveUp",0.053710
result,"SYN059^5.p","Theorem","0.08 v9.1.0","Error",0.008829
result,"SYN060+1.p","Theorem","0.00 v5.3.0","Unsatisfiable",0.008533
result,"SYN060-1.p","Unsatisfiable","0.00 v2.0.0","Unsatisfiable",0.008092
result,"SYN061+1.p","Theorem","0.00 v4.1.0","Unsatisfiable",0.007963
result,"SYN061-1.p","Unsatisfiable","0.00 v2.0.0","Unsatisfiable",0.007985
result,"SYN062+1.p","Theorem","0.00 v5.3.0","Unsatisfiable",0.009262
result,"SYN062-1.p","Unsatisfiable","0.00 v2.0.0","Unsatisfiable",0.010205
result,"SYN063+1.p","Theorem","0.00 v5.5.0","Unsatisfiable",0.010403
result,"SYN063-1.p","Unsatisfiable","0.00 v2.0.0","Unsatisfiable",0.010547
result,"SYN063-2.p","Unsatisfiable","0.00 v2.0.0","Unsatisfiable",0.007314
result,"SYN064+1.p","Theorem","0.00 v5.5.0","Unsatisfiable",0.007363
result,"SYN064-1.p","Unsatisfiable","0.06 v9.1.0","Unsatisfiable",0.006815
result,"SYN064^5.p","Theorem","0.08 v9.1.0","Error",0.007157
result,"SYN065+1.p","Theorem","0.00 v6.3.0","Unsatisfiable",0.008213
result,"SYN065-1.p","Unsatisfiable","0.00 v6.1.0","Unsatisfiable",0.009612
result,"SYN066+1.p","Theorem","0.05 v9.1.0","Unsatisfiable",0.008900
result,"SYN066-1.p","Unsatisfiable","0.00 v7.1.0","Unsatisfiable",0.009502
result,"SYN067+1.p","Theorem","0.15 v9.1.0","Timeout",3.010157
result,"SYN067-1.p","Unsatisfiable","0.31 v9.1.0","Timeout",3.009897
result,"SYN067-2.p","Unsatisfiable","0.31 v9.1.0","Timeout",3.010021
result,"SYN067-3.p","Unsatisfiable","0.15 v9.1.0","Timeout",3.009495
result,"SYN068+1.p","Theorem","0.00 v5.3.0","Unsatisfiable",0.011618
result,"SYN068-1.p","Unsatisfiable","0.00 v5.4.0","Unsatisfiable",0.010790
result,"SYN069+1.p","ContradictoryAxioms","0.00 v6.3.0","Unsatisfiable",0.013980
result,"SYN069-1.p","Unsatisfiable","0.00 v2.0.0","Unsatisfiable",0.111180
result,"SYN070+1.p","Theorem","0.00 v5.3.0","Unsatisfiable",0.028716
result,"SYN070-1.p","Unsatisfiable","0.00 v6.3.0","Unsatisfiable",0.071558
result,"SYN071+1.p","Theorem","0.00 v5.3.0","Unsatisfiable",0.011527
result,"SYN071-1.p","Unsatisfiable","0.00 v6.1.0","Unsatisfiable",0.010055
result,"SYN072+1.p","Theorem","0.00 v5.3.0","Unsatisfiable",0.012339
result,"SYN072-1.p","Unsatisfiable","0.00 v6.1.0","Unsatisfiable",0.012856
result,"SYN073+1.p","Theorem","0.00 v9.1.0","Unsatisfiable",0.007634
result,"SYN073-1.p","Unsatisfiable","0.00 v2.0.0","Unsatisfiable",0.007443
result,"SYN074+1.p","Theorem","0.18 v9.1.0","Unsatisfiable",0.534696
result,"SYN074-1.p","Unsatisfiable","0.05 v9.1.0","Unsatisfiable",0.325500
result,"SYN075+1.p","Theorem","0.18 v9.1.0","Unsatisfiable",0.297543
result,"SYN075-1.p","Unsatisfiable","0.05 v9.0.0","Timeout",3.008803
result,"SYN076+1.p","Theorem","0.82 v9.1.0","Unsatisfiable",0.137153
result,"SYN076-1.p","Unsatisfiable","0.82 v9.1.0","Unsatisfiable",0.020909
result,"SYN077+1.p","Theorem","0.18 v9.1.0","Unsatisfiable",0.032495
result,"SYN077-1.p","Unsatisfiable","0.09 v9.1.0","Unsatisfiable",0.032616
result,"SYN078+1.p","Theorem","0.06 v9.0.0","Unsatisfiable",0.099983
result,"SYN078-1.p","Satisfiable","0.12 v9.1.0","Timeout",3.008398
result,"SYN079+1.p","Theorem","0.00 v5.3.0","Unsatisfiable",0.009474
result,"SYN079-1.p","Unsatisfiable","0.00 v5.3.0","Unsatisfiable",0.008811
result,"SYN080+1.p","Theorem","0.00 v6.3.0","Unsatisfiable",0.006997
result,"SYN080-1.p","Unsatisfiable","0.04 v9.1.0","Unsatisfiable",0.008335
result,"SYN081+1.p","Theorem","0.00 v9.1.0","Unsatisfiable",0.007198
result,"SYN081-1.p","Unsatisfiable","0.00 v6.3.0","Unsatisfiable",0.006562
result,"SYN082+1.p","Theorem","0.00 v9.1.0","Unsatisfiable",0.015535
result,"SYN082-1.p","Unsatisfiable","0.00 v7.1.0","Unsatisfiable",0.014024
result,"SYN083+1.p","Theorem","0.09 v9.1.0","Unsatisfiable",0.008124
result,"SYN083-1.p","Unsatisfiable","0.04 v9.1.0","Unsatisfiable",0.007139
result,"SYN084+1.p","Theorem","0.00 v9.1.0","Unsatisfiable",0.048174
result,"SYN084-1.p","Satisfiable","0.00 v5.4.0","Timeout",3.008477
result,"SYN084-2.p","Unsatisfiable","0.00 v2.0.0","Unsatisfiable",0.022838
result,"SYN085-1.010.p","Unsatisfiable","0.33 v5.5.0","Unsatisfiable",0.018004
result,"SYN086-1.003.p","Satisfiable","0.00 v2.1.0","GaveUp",0.043467
result,"SYN087-1.003.p","Satisfiable","0.00 v2.1.0","GaveUp",0.202136
result,"SYN088-1.010.p","Unsatisfiable","0.00 v2.1.0","Unsatisfiable",0.054085
result,"SYN089-1.002.p","Unsatisfiable","0.33 v5.5.0","Unsatisfiable",0.007959
result,"SYN090-1.008.p","Unsatisfiable","0.33 v5.5.0","Unsatisfiable",0.040243
result,"SYN091-1.003.p","Satisfiable","0.00 v2.1.0","GaveUp",0.131523
result,"SYN092-1.003.p","Satisfiable","0.00 v2.1.0","GaveUp",0.653107
result,"SYN093-1.002.p","Unsatisfiable","0.33 v5.5.0","Unsatisfiable",0.018688
result,"SYN094-1.005.p","Unsatisfiable","0.33 v5.5.0","Unsatisfiable",0.194162
result,"SYN095-1.002.p","Unsatisfiable","0.00 v2.1.0","Unsatisfiable",0.009749
result,"SYN096-1.008.p","Unsatisfiable","0.00 v2.1.0","Unsatisfiable",0.146693
result,"SYN097-1.002.p","Unsatisfiable","0.33 v5.5.0","Unsatisfiable",0.034479
result,"SYN098-1.002.p","Unsatisfiable","0.33 v5.5.0","Unsatisfiable",0.115729
result,"SYN099-1.003.p","Unsatisfiable","0.00 v2.1.0","Unsatisfiable",0.020079
result,"SYN100-1.005.p","Unsatisfiable","0.00 v2.1.0","Unsatisfiable",0.062815
result,"SYN101-1.002.002.p","Unsatisfiable","0.00 v2.1.0","Unsatisfiable",0.020010
result,"SYN102-1.007.007.p","Unsatisfiable","0.00 v2.3.0","Timeout",3.009304
result,"SYN103-1.p","Unsatisfiable","0.00 v7.3.0","Unsatisfiable",0.141318
result,"SYN104-1.p","Unsatisfiable","0.00 v7.3.0","Unsatisfiable",0.134847
result,"SYN105-1.p","Unsatisfiable","0.00 v7.3.0","Unsatisfiable",0.156090
result,"SYN106-1.p","Unsatisfiable","0.00 v7.3.0","Unsatisfiable",0.149588
result,"SYN107-1.p","Unsatisfiable","0.00 v7.3.0","Unsatisfiable",1.610007
result,"SYN108-1.p","Unsatisfiable","0.00 v7.3.0","Unsatisfiable",1.612359
result,"SYN109-1.p","Unsatisfiable","0.00 v7.3.0","Timeout",3.013941
result,"SYN110-1.p","Unsatisfiable","0.00 v7.3.0","Timeout",3.012406
result,"SYN111-1.p","Unsatisfiable","0.00 v7.3.0","Timeout",3.014391
result,"SYN112-1.p","Unsatisfiable","0.00 v7.3.0","Unsatisfiable",0.287508
result,"SYN113-1.p","Unsatisfiable","0.00 v7.3.0","Timeout",3.012394
result,"SYN114-1.p","Unsatisfiable","0.00 v7.3.0","Unsatisfiable",0.317497
result,"SYN115-1.p","Unsatisfiable","0.00 v7.3.0","Timeout",3.011432
result,"SYN116-1.p","Unsatisfiable","0.00 v7.3.0","Timeout",3.012006
result,"SYN116-10.p","Unsatisfiable","0.09 v9.1.0","Error",0.150452
result,"SYN117-1.p","Unsatisfiable","0.00 v7.3.0","Timeout",3.011749
result,"SYN118-1.p","Unsatisfiable","0.00 v7.3.0","Unsatisfiable",0.137648
result,"SYN119-1.p","Unsatisfiable","0.00 v7.3.0","Unsatisfiable",0.123568
result,"SYN120-1.p","Unsatisfiable","0.00 v7.3.0","Unsatisfiable",0.152749
result,"SYN121-1.p","Unsatisfiable","0.00 v7.3.0","Timeout",3.012296
result,"SYN122-1.p","Unsatisfiable","0.00 v7.3.0","Timeout",3.015717
result,"SYN123-1.p","Unsatisfiable","0.00 v7.3.0","Timeout",3.012470
result,"SYN124-1.p","Unsatisfiable","0.00 v7.3.0","Timeout",3.012782
result,"SYN125-1.p","Unsatisfiable","0.00 v7.3.0","Timeout",3.017811
result,"SYN126-1.p","Unsatisfiable","0.00 v7.3.0","Unsatisfiable",0.477725
result,"SYN127-1.p","Unsatisfiable","0.00 v7.3.0","Unsatisfiable",0.456228
result,"SYN128-1.p","Unsatisfiable","0.00 v7.3.0","Timeout",3.012216
result,"SYN129-1.p","Unsatisfiable","0.00 v7.3.0","Timeout",3.012626
result,"SYN130-1.p","Unsatisfiable","0.00 v7.3.0","Unsatisfiable",0.135749
result,"SYN131-1.p","Unsatisfiable","0.00 v7.3.0","Unsatisfiable",0.134525
result,"SYN132-1.p","Unsatisfiable","0.00 v7.3.0","Unsatisfiable",0.160006
result,"SYN133-1.p","Unsatisfiable","0.00 v7.3.0","Unsatisfiable",0.148521
result,"SYN134-1.p","Unsatisfiable","0.00 v7.3.0","Timeout",3.011749
result,"SYN135-1.p","Unsatisfiable","0.00 v7.3.0","Unsatisfiable",0.387406
result,"SYN136-1.p","Unsatisfiable","0.00 v7.3.0","Unsatisfiable",0.384760
result,"SYN137-1.p","Unsatisfiable","0.00 v7.3.0","Timeout",3.013476
result,"SYN138-1.p","Unsatisfiable","0.00 v7.3.0","Timeout",3.012558
result,"SYN139-1.p","Unsatisfiable","0.00 v7.3.0","Timeout",3.014726
result,"SYN140-1.p","Unsatisfiable","0.00 v7.3.0","Timeout",3.012162
result,"SYN141-1.p","Unsatisfiable","0.00 v7.3.0","Timeout",3.011675
result,"SYN142-1.p","Unsatisfiable","0.00 v7.3.0","Timeout",3.012476
result,"SYN143-1.p","Unsatisfiable","0.00 v7.3.0","Timeout",3.012501
result,"SYN143-10.p","Unsatisfiable","0.13 v9.1.0","Timeout",1.453173
result,"SYN144-1.p","Unsatisfiable","0.00 v7.3.0","Timeout",3.012411
result,"SYN145-1.p","Unsatisfiable","0.00 v7.3.0","Unsatisfiable",0.137479
result,"SYN146-1.p","Unsatisfiable","0.00 v7.3.0","Unsatisfiable",0.216404
result,"SYN147-1.p","Unsatisfiable","0.00 v7.3.0","Unsatisfiable",0.472176
result,"SYN148-1.p","Unsatisfiable","0.00 v7.3.0","Timeout",3.012930
result,"SYN149-1.p","Unsatisfiable","0.00 v7.3.0","Unsatisfiable",0.208299
result,"SYN150-1.p","Unsatisfiable","0.00 v7.3.0","Unsatisfiable",0.262553
result,"SYN151-1.p","Unsatisfiable","0.00 v7.3.0","Unsatisfiable",0.809897
result,"SYN152-1.p","Unsatisfiable","0.00 v7.3.0","Unsatisfiable",0.265519
result,"SYN153-1.p","Unsatisfiable","0.00 v7.3.0","Unsatisfiable",0.386208
result,"SYN154-1.p","Unsatisfiable","0.00 v7.3.0","Unsatisfiable",0.379642
result,"SYN155-1.p","Unsatisfiable","0.00 v7.3.0","Timeout",3.012600
result,"SYN156-1.p","Unsatisfiable","0.00 v7.3.0","Timeout",3.011860
result,"SYN157-1.p","Unsatisfiable","0.00 v7.3.0","Timeout",3.013361
result,"SYN158-1.p","Unsatisfiable","0.00 v7.3.0","Timeout",3.012770
result,"SYN159-1.p","Unsatisfiable","0.00 v7.3.0","Timeout",3.012726
result,"SYN160-1.p","Unsatisfiable","0.00 v7.3.0","Timeout",3.012748
result,"SYN161-1.p","Unsatisfiable","0.00 v7.3.0","Timeout",3.011041
result,"SYN162-1.p","Unsatisfiable","0.00 v7.3.0","Timeout",3.013179
result,"SYN163-1.p","Unsatisfiable","0.00 v7.3.0","Timeout",3.013345
result,"SYN164-1.p","Unsatisfiable","0.00 v7.3.0","Unsatisfiable",0.127888
result,"SYN165-1.p","Unsatisfiable","0.00 v7.3.0","Unsatisfiable",0.240892
result,"SYN166-1.p","Unsatisfiable","0.00 v7.3.0","Timeout",3.012847
result,"SYN167-1.p","Unsatisfiable","0.00 v7.3.0","Unsatisfiable",0.831151
result,"SYN168-1.p","Unsatisfiable","0.00 v7.3.0","Unsatisfiable",0.429429
result,"SYN169-1.p","Unsatisfiable","0.00 v7.3.0","Unsatisfiable",0.790684
result,"SYN170-1.p","Unsatisfiable","0.00 v7.3.0","Timeout",3.011663
result,"SYN170-10.p","Unsatisfiable","0.09 v8.2.0","Error",0.141619
result,"SYN171-1.p","Unsatisfiable","0.00 v7.3.0","Timeout",3.013059
result,"SYN172-1.p","Unsatisfiable","0.00 v7.3.0","Unsatisfiable",0.140577
result,"SYN173-1.p","Unsatisfiable","0.00 v7.3.0","Unsatisfiable",1.661113
result,"SYN174-1.p","Unsatisfiable","0.00 v7.3.0","Unsatisfiable",1.662209
result,"SYN175-1.p","Unsatisfiable","0.00 v7.3.0","Unsatisfiable",1.700389
result,"SYN176-1.p","Unsatisfiable","0.00 v7.3.0","Timeout",3.011849
result,"SYN177-1.p","Unsatisfiable","0.00 v7.3.0","Timeout",3.011233
result,"SYN178-1.p","Unsatisfiable","0.00 v7.3.0","Timeout",3.014032
result,"SYN179-1.p","Unsatisfiable","0.00 v7.3.0","Timeout",3.012588
result,"SYN180-1.p","Unsatisfiable","0.00 v7.3.0","Timeout",3.011894
result,"SYN181-1.p","Unsatisfiable","0.00 v7.3.0","Timeout",3.012037
result,"SYN182-1.p","Unsatisfiable","0.00 v7.3.0","Unsatisfiable",0.843208
result,"SYN183-1.p","Unsatisfiable","0.00 v7.3.0","Unsatisfiable",0.472491
result,"SYN184-1.p","Unsatisfiable","0.00 v7.3.0","Unsatisfiable",0.136596
result,"SYN185-1.p","Unsatisfiable","0.00 v7.3.0","Unsatisfiable",0.136214
result,"SYN186-1.p","Unsatisfiable","0.00 v7.3.0","Timeout",3.012600
result,"SYN187-1.p","Unsatisfiable","0.00 v7.3.0","Timeout",3.011948
result,"SYN188-1.p","Unsatisfiable","0.00 v7.3.0","Timeout",3.012260
result,"SYN189-1.p","Unsatisfiable","0.00 v7.3.0","Timeout",3.012771
result,"SYN190-1.p","Unsatisfiable","0.00 v7.3.0","Timeout",3.012252
result,"SYN191-1.p","Unsatisfiable","0.00 v7.3.0","Timeout",3.012453
result,"SYN192-1.p","Unsatisfiable","0.00 v7.3.0","Timeout",3.013013
result,"SYN193-1.p","Unsatisfiable","0.00 v7.3.0","Timeout",3.011841
result,"SYN193-10.p","Unsatisfiable","0.09 v9.1.0","Error",0.141615
result,"SYN194-1.p","Unsatisfiable","0.00 v7.3.0","Timeout",3.012749
result,"SYN195-1.p","Unsatisfiable","0.00 v7.3.0","Timeout",3.014060
result,"SYN196-1.p","Unsatisfiable","0.00 v7.3.0","Unsatisfiable",2.828751
result,"SYN197-1.p","Unsatisfiable","0.00 v7.3.0","Unsatisfiable",0.174490
result,"SYN198-1.p","Unsatisfiable","0.00 v7.3.0","Timeout",3.011704
result,"SYN199-1.p","Unsatisfiable","0.00 v7.3.0","Unsatisfiable",3.004666
result,"SYN200-1.p","Unsatisfiable","0.00 v7.3.0","Timeout",3.012399
result,"SYN201-1.p","Unsatisfiable","0.00 v7.3.0","Timeout",3.011565
result,"SYN202-1.p","Unsatisfiable","0.00 v7.3.0","Timeout",3.013376
result,"SYN203-1.p","Unsatisfiable","0.00 v7.3.0","Timeout",3.011636
result,"SYN204-1.p","Unsatisfiable","0.00 v7.3.0","Timeout",3.012178
result,"SYN205-1.p","Unsatisfiable","0.00 v7.3.0","Timeout",3.011600
result,"SYN206-1.p","Unsatisfiable","0.00 v7.3.0","Timeout",3.011898
result,"SYN207-1.p","Unsatisfiable","0.00 v7.3.0","Timeout",3.012258
result,"SYN208-1.p","Unsatisfiable","0.00 v7.3.0","Timeout",3.011858
result,"SYN209-1.p","Unsatisfiable","0.00 v7.3.0","Timeout",3.012998
result,"SYN210-1.p","Unsatisfiable","0.00 v7.3.0","Timeout",3.011868
result,"SYN211-1.p","Unsatisfiable","0.00 v7.3.0","Timeout",3.011980
result,"SYN212-1.p","Unsatisfiable","0.00 v7.3.0","Timeout",3.012593
result,"SYN213-1.p","Unsatisfiable","0.00 v7.3.0","Timeout",3.011801
result,"SYN214-1.p","Unsatisfiable","0.00 v7.3.0","Timeout",3.012425
result,"SYN214-10.p","Unsatisfiable","0.09 v9.1.0","Timeout",1.303618
result,"SYN215-1.p","Unsatisfiable","0.00 v7.3.0","Timeout",3.011818
result,"SYN216-1.p","Unsatisfiable","0.00 v7.3.0","Timeout",3.011915
result,"SYN217-1.p","Unsatisfiable","0.00 v7.3.0","Timeout",3.012184
result,"SYN218-1.p","Unsatisfiable","0.00 v7.3.0","Timeout",3.012229
result,"SYN219-1.p","Unsatisfiable","0.00 v7.3.0","Timeout",3.012496
result,"SYN220-1.p","Unsatisfiable","0.00 v7.3.0","Timeout",3.012821
result,"SYN221-1.p","Unsatisfiable","0.00 v7.3.0","Timeout",3.012375
result,"SYN222-1.p","Unsatisfiable","0.00 v7.3.0","Timeout",3.011649
result,"SYN223-1.p","Unsatisfiable","0.00 v7.3.0","Timeout",3.012800
result,"SYN224-1.p","Unsatisfiable","0.00 v7.3.0","Timeout",3.013057
result,"SYN225-1.p","Unsatisfiable","0.00 v7.3.0","Timeout",3.012187
result,"SYN226-1.p","Unsatisfiable","0.00 v7.3.0","Timeout",3.011681
result,"SYN227-1.p","Unsatisfiable","0.00 v7.3.0","Timeout",3.011867
result,"SYN228-1.p","Unsatisfiable","0.00 v7.3.0","Timeout",3.013171
result,"SYN229-1.p","Unsatisfiable","0.00 v7.3.0","Timeout",3.012449
result,"SYN230-1.p","Unsatisfiable","0.00 v7.3.0","Timeout",3.012676
result,"SYN231-1.p","Unsatisfiable","0.00 v7.3.0","Timeout",3.011554
result,"SYN232-1.p","Unsatisfiable","0.00 v7.3.0","Timeout",3.012480
result,"SYN233-1.p","Unsatisfiable","0.00 v7.3.0","Timeout",3.012147
result,"SYN234-1.p","Unsatisfiable","0.00 v7.3.0","Timeout",3.014243
result,"SYN235-1.p","Unsatisfiable","0.00 v7.3.0","Timeout",3.012359
result,"SYN236-1.p","Unsatisfiable","0.00 v7.3.0","Timeout",3.013588
result,"SYN237-1.p","Unsatisfiable","0.00 v7.3.0","Unsatisfiable",0.193838
result,"SYN238-1.p","Unsatisfiable","0.00 v7.3.0","Unsatisfiable",0.193475
result,"SYN239-1.p","Unsatisfiable","0.00 v7.3.0","Unsatisfiable",0.199226
result,"SYN240-1.p","Unsatisfiable","0.00 v7.3.0","Unsatisfiable",0.204483
result,"SYN241-1.p","Unsatisfiable","0.00 v7.3.0","Unsatisfiable",0.180372
result,"SYN242-1.p","Unsatisfiable","0.00 v7.3.0","Unsatisfiable",0.186413
result,"SYN243-1.p","Unsatisfiable","0.00 v7.3.0","Unsatisfiable",0.606092
result,"SYN244-1.p","Unsatisfiable","0.00 v7.3.0","Unsatisfiable",0.204154
result,"SYN245-1.p","Unsatisfiable","0.00 v7.3.0","Unsatisfiable",0.189477
result,"SYN246-1.p","Unsatisfiable","0.00 v7.3.0","Unsatisfiable",0.329979
result,"SYN247-1.p","Unsatisfiable","0.00 v7.3.0","Unsatisfiable",0.194740
result,"SYN248-1.p","Unsatisfiable","0.00 v7.3.0","Timeout",3.011136
result,"SYN249-1.p","Unsatisfiable","0.00 v7.3.0","Timeout",3.012326
result,"SYN250-1.p","Unsatisfiable","0.00 v7.3.0","Timeout",3.012768
result,"SYN251-1.p","Unsatisfiable","0.00 v7.3.0","Unsatisfiable",0.630948
result,"SYN252-1.p","Unsatisfiable","0.00 v7.3.0","Timeout",3.011505
result,"SYN253-1.p","Unsatisfiable","0.00 v7.3.0","Timeout",3.011061
result,"SYN254-1.p","Unsatisfiable","0.00 v7.3.0","Timeout",3.016578
result,"SYN255-1.p","Unsatisfiable","0.00 v7.3.0","Unsatisfiable",0.260204
result,"SYN256-1.p","Unsatisfiable","0.00 v7.3.0","Unsatisfiable",0.865894
result,"SYN257-1.p","Unsatisfiable","0.00 v7.3.0","Unsatisfiable",0.142665
result,"SYN258-1.p","Unsatisfiable","0.00 v7.3.0","Unsatisfiable",0.899823
result,"SYN259-1.p","Unsatisfiable","0.00 v7.3.0","Unsatisfiable",0.880969
result,"SYN260-1.p","Unsatisfiable","0.00 v7.3.0","Unsatisfiable",0.836010
result,"SYN261-1.p","Unsatisfiable","0.00 v7.3.0","Unsatisfiable",0.233438
result,"SYN262-1.p","Unsatisfiable","0.00 v7.3.0","Timeout",3.011344
result,"SYN263-1.p","Unsatisfiable","0.00 v7.3.0","Timeout",3.012450
result,"SYN264-1.p","Unsatisfiable","0.00 v7.3.0","Timeout",3.012083
result,"SYN265-1.p","Unsatisfiable","0.00 v7.3.0","Unsatisfiable",0.455433
result,"SYN266-1.p","Unsatisfiable","0.00 v7.3.0","Timeout",3.012042
result,"SYN267-1.p","Unsatisfiable","0.00 v7.3.0","Timeout",3.016585
result,"SYN268-1.p","Unsatisfiable","0.00 v7.3.0","Timeout",3.016263
