# bench_date,"2026-05-29_14-05-28"
# problem_dir,"tests/integration"
# home,
# logs_dir,"bench_logs"
# time_limit_seconds,2
# robust_time_limit,false
# size_limit_gb,
# max_clauses,
# mode,
# casc,
# only_ip,true
# version_ip,"d864328"

section,problem,expected_status,rating,ip,ip_time_s
result,"fof_unsat_01.p","Unknown","","Error",0.001178
result,"sat_01.p","Unknown","","Error",0.001314
result,"unsat_01.p","Unknown","","Error",0.001182

section,prover,scope,total,success,timeout,incomplete,unsound,error,avg_time_s
prover_stats,"ip","Tous",3,"0 (0.0%)","0 (0.0%)","0 (0.0%)","0 (0.0%)","3 (100.0%)",0.001225
prover_stats,"ip","Theorem/Unsatisfiable",0,"0 (0.0%)","0 (0.0%)","0 (0.0%)","0 (0.0%)","0 (0.0%)",0.000000
prover_stats,"ip","Theorem (FOF)",0,"0 (0.0%)","0 (0.0%)","0 (0.0%)","0 (0.0%)","0 (0.0%)",0.000000
prover_stats,"ip","Unsatisfiable (CNF)",0,"0 (0.0%)","0 (0.0%)","0 (0.0%)","0 (0.0%)","0 (0.0%)",0.000000
