# bench_date,"2026-05-17_18-21-10"
# problem_dir,"/home/delahayed/problems/casc/casc-30-2025/Problems/FOF"
# home,"/home/delahaye/ip/bench/problems/casc/casc-30-2025/Problems/FOF"
# logs_dir,"/home/delahayed/benchs-ip/logs"
# time_limit_seconds,3
# robust_time_limit,true
# size_limit_gb,
# max_clauses,
# mode,"ordered-fallback"
# casc,"casc-30-2025_fof"
# only_ip,false
# version_ip,"c7cb440"
# version_vampire,"Vampire 5.0.1 (Release build, commit 9eeba91d1 on 2026-05-09 07:13:19 +0100)"
# version_e,"E 3.3.2 Countess Grey (37fde70d516b57cb64294f8fe39bc16ece8198f8)"
# version_zenon,"zenon version 0.8.5 [a270] 2020-10-23"

section,problem,expected_status,rating,ip,ip_time_s,vampire,vampire_time_s,e,e_time_s,zenon,zenon_time_s
result,"FEQ/AGT005+1.p","Unknown","","Timeout",3.107763,"Theorem",0.103312,"Timeout",3.045195,"Timeout",3.389696
result,"FEQ/AGT011+2.p","Unknown","","Timeout",3.053166,"Theorem",0.098330,"Timeout",3.049343,"Timeout",3.068858
result,"FEQ/AGT013+1.p","Unknown","","Timeout",3.016659,"Theorem",0.115031,"Timeout",3.048653,"Timeout",3.463358
result,"FEQ/AGT013+2.p","Unknown","","Timeout",3.013578,"Theorem",0.109466,"Timeout",3.042749,"Timeout",3.070471
result,"FEQ/AGT023+2.p","Unknown","","Timeout",3.013567,"Theorem",0.106864,"Timeout",3.059144,"Timeout",3.550026
result,"FEQ/ALG049+1.p","Unknown","","Error",5.061653,"Theorem",0.233828,"Theorem",0.548446,"Timeout",3.230505
result,"FEQ/ALG102+1.p","Unknown","","Error",4.946935,"Theorem",1.218794,"Timeout",3.036638,"Timeout",3.125900
result,"FEQ/ALG104+1.p","Unknown","","Error",5.020512,"Theorem",0.219133,"Timeout",3.039286,"Timeout",3.302459
result,"FEQ/ALG107+1.p","Unknown","","Timeout",3.101204,"Theorem",0.195117,"Theorem",0.076180,"Timeout",3.149687
result,"FEQ/ALG127+1.p","Unknown","","Error",4.714110,"Theorem",0.198751,"Theorem",0.508117,"Timeout",3.306381
result,"FEQ/ALG210+2.p","Unknown","","Timeout",3.018132,"Theorem",0.038751,"Theorem",0.008977,"Timeout",3.575409
result,"FEQ/ALG215+2.p","Unknown","","Timeout",4.848254,"Theorem",1.168714,"Timeout",3.049503,"Timeout",5.470458
result,"FEQ/ALG215+4.p","Unknown","","Error",5.007552,"Timeout",3.008982,"Timeout",7.860575,"Timeout",4.203457
result,"FEQ/ALG216+4.p","Unknown","","Error",5.086768,"Theorem",2.556670,"Timeout",3.179704,"Timeout",3.237514
result,"FEQ/BIO005+1.p","Unknown","","Error",0.074662,"Timeout",2.936309,"Timeout",3.077512,"Error",0.054296
result,"FEQ/BIO006+1.p","Unknown","","Error",0.023840,"Timeout",2.957133,"Timeout",3.044459,"Error",0.062103
result,"FEQ/CAT034+2.p","Unknown","","Timeout",3.586472,"Theorem",0.672105,"Timeout",3.067805,"Timeout",4.111390
result,"FEQ/COM125+1.p","Unknown","","Timeout",3.419715,"Theorem",0.053943,"Theorem",0.179803,"Unsatisfiable",0.039857
result,"FEQ/COM126+1.p","Unknown","","Timeout",3.401371,"Theorem",0.739322,"Theorem",0.272728,"Timeout",3.601714
result,"FEQ/COM127+1.p","Unknown","","Timeout",3.404872,"Theorem",0.092252,"Theorem",0.052172,"Timeout",3.188033
result,"FEQ/COM130+1.p","Unknown","","Timeout",3.403839,"Theorem",0.041638,"Theorem",0.024811,"Timeout",12.189788
result,"FEQ/COM131+1.p","Unknown","","Timeout",3.409163,"Timeout",2.985511,"Theorem",0.104474,"Timeout",11.331404
result,"FEQ/COM133+1.p","Unknown","","Timeout",3.403134,"Theorem",0.057955,"Theorem",0.045703,"Unsatisfiable",0.733816
result,"FEQ/COM135+1.p","Unknown","","Timeout",3.414480,"Theorem",0.136482,"Theorem",0.040996,"Timeout",4.073304
result,"FEQ/COM141+1.p","Unknown","","Timeout",3.405970,"Theorem",0.052120,"Theorem",0.037539,"Unsatisfiable",0.036609
result,"FEQ/COM142+1.p","Unknown","","Timeout",3.402827,"Theorem",0.142861,"Theorem",0.171768,"Timeout",3.044588
result,"FEQ/COM143+1.p","Unknown","","Timeout",3.402654,"Theorem",0.089371,"Theorem",0.038853,"Timeout",3.243889
result,"FEQ/COM149+1.p","Unknown","","Timeout",3.437110,"Theorem",0.094020,"Theorem",0.033669,"Timeout",3.483518
result,"FEQ/CSR003+1.p","Unknown","","Timeout",3.044195,"Timeout",2.941412,"Theorem",0.906312,"Timeout",3.121790
result,"FEQ/CSR006+1.p","Unknown","","Timeout",3.010997,"Theorem",0.130436,"Theorem",0.053509,"Timeout",3.103688
result,"FEQ/CSR015+1.p","Unknown","","Timeout",3.108751,"Theorem",0.042028,"Theorem",0.013373,"Timeout",3.166663
result,"FEQ/CSR037+5.p","Unknown","","Timeout",4.939659,"Timeout",3.027384,"Timeout",3.043821,"Timeout",373.685756
result,"FEQ/CSR040+4.p","Unknown","","Timeout",3.291823,"Theorem",1.237636,"Theorem",2.612271,"Timeout",4.224846
result,"FEQ/CSR047+4.p","Unknown","","Timeout",3.148432,"Theorem",0.442384,"Theorem",2.438116,"Timeout",4.242233
result,"FEQ/CSR047+5.p","Unknown","","Timeout",4.779141,"Timeout",3.027880,"Timeout",3.046080,"Timeout",376.745773
result,"FEQ/CSR052+4.p","Unknown","","Timeout",3.156672,"Theorem",0.445225,"Timeout",3.044199,"Timeout",4.241316
result,"FEQ/CSR058+4.p","Unknown","","Timeout",3.156103,"Theorem",2.851919,"Theorem",2.441854,"Timeout",4.234014
result,"FEQ/CSR069+4.p","Unknown","","Timeout",3.153994,"Theorem",0.447311,"Theorem",2.425330,"Timeout",4.030720
result,"FEQ/CSR117+1.p","Unknown","","Timeout",3.008446,"Theorem",0.039588,"Theorem",0.015257,"Timeout",3.344956
result,"FEQ/CSR170+1.p","Unknown","","Error",5.091013,"Timeout",2.937443,"Timeout",3.049338,"Timeout",3.397693
result,"FEQ/CSR201+1.p","Unknown","","Error",5.093316,"Timeout",2.950436,"Timeout",3.051640,"Timeout",3.426637
result,"FEQ/CSR210+1.p","Unknown","","Error",5.092635,"Timeout",2.934369,"Timeout",3.054311,"Timeout",3.449263
result,"FEQ/CSR218+1.p","Unknown","","Error",5.092138,"Theorem",1.128178,"Timeout",3.046116,"Timeout",3.452311
result,"FEQ/CSR219+1.p","Unknown","","Error",5.093940,"Timeout",2.981618,"Timeout",3.048882,"Timeout",3.409609
result,"FEQ/CSR228+1.p","Unknown","","Error",5.090642,"Timeout",2.915007,"Timeout",3.049619,"Timeout",3.472727
result,"FEQ/CSR248+1.p","Unknown","","Error",5.094732,"Theorem",1.067797,"Timeout",3.057131,"Timeout",3.394548
result,"FEQ/GEO084+1.p","Unknown","","Timeout",3.019033,"Theorem",0.084110,"Theorem",0.144071,"Timeout",3.607154
result,"FEQ/GEO087+1.p","Unknown","","Unsatisfiable",0.025908,"Theorem",0.064841,"Theorem",0.009971,"Timeout",3.794195
result,"FEQ/GEO088+1.p","Unknown","","Timeout",3.013510,"Theorem",0.191634,"Timeout",3.049302,"Timeout",3.190493
result,"FEQ/GEO089+1.p","Unknown","","Timeout",3.008139,"Theorem",0.183748,"Timeout",3.048841,"Timeout",3.850758
result,"FEQ/GEO109+1.p","Unknown","","Timeout",3.049911,"Timeout",2.927143,"Timeout",3.053635,"Timeout",3.996983
result,"FEQ/GEO111+1.p","Unknown","","Timeout",3.016182,"Theorem",0.050661,"Theorem",0.036830,"Timeout",5.103216
result,"FEQ/GEO125+1.p","Unknown","","Timeout",3.037516,"Theorem",0.058300,"Theorem",0.014011,"Timeout",3.524369
result,"FEQ/GEO126+1.p","Unknown","","Timeout",3.010595,"Theorem",0.057854,"Theorem",0.365975,"Timeout",3.112651
result,"FEQ/GEO127+1.p","Unknown","","Timeout",3.010198,"Theorem",0.054288,"Theorem",0.011620,"Timeout",4.318777
result,"FEQ/GEO137+1.p","Unknown","","Timeout",3.010905,"Timeout",2.909360,"Timeout",3.053322,"Timeout",4.008199
result,"FEQ/GEO169+2.p","Unknown","","Timeout",3.009434,"Theorem",0.720222,"Timeout",3.055146,"Timeout",3.444230
result,"FEQ/GEO271+1.p","Unknown","","Timeout",3.013489,"Theorem",0.427251,"Theorem",0.084593,"Timeout",4.192253
result,"FEQ/GEO274+1.p","Unknown","","Timeout",3.014268,"Theorem",0.158198,"Theorem",0.082507,"Timeout",3.184983
result,"FEQ/GEO277+1.p","Unknown","","Timeout",3.013598,"Theorem",0.267652,"Theorem",0.094281,"Timeout",4.701354
result,"FEQ/GEO278+1.p","Unknown","","Timeout",3.013745,"Theorem",0.286082,"Theorem",0.091723,"Timeout",3.329319
result,"FEQ/GEO281+1.p","Unknown","","Timeout",3.014029,"Theorem",0.484836,"Theorem",1.961729,"Timeout",3.953062
result,"FEQ/GEO282+1.p","Unknown","","Timeout",3.013731,"Theorem",0.144866,"Theorem",0.178825,"Timeout",3.924754
result,"FEQ/GEO288+1.p","Unknown","","Timeout",3.025119,"Theorem",0.883137,"Theorem",2.359847,"Timeout",3.333250
result,"FEQ/GEO290+1.p","Unknown","","Timeout",3.013534,"Theorem",2.344354,"Theorem",0.456782,"Timeout",3.115711
result,"FEQ/GEO292+1.p","Unknown","","Timeout",3.013476,"Theorem",0.228293,"Timeout",3.041980,"Timeout",3.171232
result,"FEQ/GEO293+1.p","Unknown","","Timeout",3.014644,"Theorem",0.544182,"Timeout",3.040915,"Timeout",3.811337
result,"FEQ/GEO295+1.p","Unknown","","Timeout",3.019979,"Theorem",0.244317,"Timeout",3.045126,"Timeout",4.724617
result,"FEQ/GEO298+1.p","Unknown","","Timeout",3.013981,"Theorem",0.715256,"Theorem",0.485222,"Timeout",3.902755
result,"FEQ/GEO299+1.p","Unknown","","Timeout",3.013689,"Theorem",0.099130,"Theorem",0.051695,"Timeout",4.414259
result,"FEQ/GEO300+1.p","Unknown","","Timeout",3.013999,"Theorem",0.100231,"Theorem",0.095723,"Timeout",3.400803
result,"FEQ/GEO310+1.p","Unknown","","Timeout",3.013971,"Timeout",2.916989,"Timeout",3.053026,"Timeout",3.807312
result,"FEQ/GEO311+1.p","Unknown","","Timeout",3.013931,"Timeout",2.929889,"Timeout",3.037554,"Timeout",3.417566
result,"FEQ/GEO317+1.p","Unknown","","Timeout",3.014375,"Timeout",2.959637,"Timeout",3.040900,"Timeout",3.649963
result,"FEQ/GEO319+1.p","Unknown","","Timeout",3.015400,"Timeout",2.923696,"Timeout",3.051651,"Timeout",3.388900
result,"FEQ/GEO321+1.p","Unknown","","Timeout",3.015245,"Theorem",1.002401,"Timeout",3.042618,"Timeout",3.767169
result,"FEQ/GEO323+1.p","Unknown","","Timeout",3.013889,"Timeout",2.923516,"Timeout",3.043356,"Timeout",3.479506
result,"FEQ/GEO325+1.p","Unknown","","Timeout",3.014494,"Timeout",2.923476,"Timeout",3.039062,"Timeout",3.507262
result,"FEQ/GEO331+1.p","Unknown","","Timeout",3.019024,"Theorem",0.113689,"Theorem",0.053577,"Timeout",3.415028
result,"FEQ/GEO337+1.p","Unknown","","Timeout",3.014571,"Theorem",0.525613,"Timeout",3.039578,"Timeout",3.405564
result,"FEQ/GEO340+1.p","Unknown","","Timeout",3.014441,"Theorem",1.205182,"Timeout",3.043115,"Timeout",3.815911
result,"FEQ/GEO345+1.p","Unknown","","Timeout",3.014223,"Timeout",2.923498,"Timeout",3.045374,"Timeout",3.318619
result,"FEQ/GEO350+1.p","Unknown","","Timeout",3.014061,"Timeout",2.914227,"Timeout",3.046475,"Timeout",3.982689
result,"FEQ/GEO442+1.p","Unknown","","Error",5.049363,"Timeout",2.924776,"Timeout",3.041380,"Timeout",4.171674
result,"FEQ/GEO445+1.p","Unknown","","Error",5.051390,"Timeout",2.931229,"Timeout",3.040382,"Timeout",4.313557
result,"FEQ/GEO452+1.p","Unknown","","Error",5.052806,"Theorem",0.781192,"Timeout",3.042002,"Unsatisfiable",0.430389
result,"FEQ/GEO475+1.p","Unknown","","Error",5.050903,"Timeout",2.922850,"Timeout",3.048361,"Timeout",4.296447
result,"FEQ/GEO491+1.p","Unknown","","Timeout",3.038338,"Timeout",3.006113,"Timeout",3.049025,"Timeout",4.508121
result,"FEQ/GEO495+1.p","Unknown","","Timeout",3.029884,"Timeout",2.971700,"Timeout",3.058744,"Timeout",3.983435
result,"FEQ/GEO499+1.p","Unknown","","Timeout",3.021960,"Theorem",0.096770,"Theorem",0.070438,"Timeout",3.911473
result,"FEQ/GEO500+1.p","Unknown","","Timeout",3.010580,"Theorem",1.676005,"Theorem",0.171650,"Timeout",4.341798
result,"FEQ/GEO504+1.p","Unknown","","Timeout",3.011315,"Theorem",0.140479,"Theorem",0.094591,"Timeout",4.269797
result,"FEQ/GEO507+1.p","Unknown","","Timeout",3.011595,"Theorem",1.033507,"Timeout",3.051491,"Timeout",4.904847
result,"FEQ/GEO513+1.p","Unknown","","Timeout",3.011125,"Theorem",1.048532,"Timeout",3.057017,"Timeout",4.453309
result,"FEQ/GEO514+1.p","Unknown","","Timeout",3.014585,"Theorem",1.021507,"Timeout",3.051779,"Timeout",3.999559
result,"FEQ/GEO520+1.p","Unknown","","Timeout",3.010856,"Timeout",2.916277,"Timeout",3.052941,"Timeout",4.559456
result,"FEQ/GEO524+1.p","Unknown","","Timeout",3.013483,"Theorem",0.054747,"Theorem",0.019610,"Timeout",3.488518
result,"FEQ/GEO527+1.p","Unknown","","Timeout",3.012562,"Timeout",2.969439,"Timeout",3.056437,"Timeout",3.124993
result,"FEQ/GEO532+1.p","Unknown","","Timeout",3.012516,"Timeout",2.913266,"Timeout",3.051328,"Timeout",5.014429
result,"FEQ/GEO559+1.p","Unknown","","Timeout",3.030075,"Theorem",0.402115,"Theorem",0.093153,"Timeout",4.113857
result,"FEQ/GEO593+1.p","Unknown","","Timeout",3.012483,"Theorem",0.426420,"Theorem",0.101834,"Timeout",4.507141
result,"FEQ/GEO605+1.p","Unknown","","Timeout",3.009370,"Theorem",0.394273,"Theorem",0.129968,"Timeout",9.636136
result,"FEQ/GEO610+1.p","Unknown","","Timeout",3.011391,"Theorem",0.395639,"Timeout",3.051120,"Timeout",35.987271
result,"FEQ/GEO625+1.p","Unknown","","Timeout",3.026059,"Theorem",0.406087,"Theorem",0.127676,"Timeout",25.779558
result,"FEQ/GEO641+1.p","Unknown","","Timeout",3.013148,"Theorem",0.408277,"Theorem",0.086420,"Timeout",3.111050
result,"FEQ/GRA002+2.p","Unknown","","Unsatisfiable",0.423959,"Theorem",0.502587,"Theorem",0.515932,"Timeout",3.987142
result,"FEQ/GRA007+2.p","Unknown","","Unsatisfiable",2.439403,"Theorem",0.819119,"Theorem",0.050983,"Timeout",3.442978
result,"FEQ/GRA009+1.p","Unknown","","Unsatisfiable",0.141364,"Timeout",2.970604,"Theorem",1.956182,"Timeout",3.935785
result,"FEQ/GRP622+2.p","Unknown","","Timeout",3.978325,"Timeout",2.932517,"Timeout",3.068665,"Timeout",4.861298
result,"FEQ/GRP664+1.p","Unknown","","Timeout",3.007706,"Timeout",2.995695,"Timeout",3.049227,"Timeout",3.641383
result,"FEQ/GRP666+6.p","Unknown","","Timeout",3.007291,"Timeout",3.003746,"Timeout",3.050097,"Timeout",3.153513
result,"FEQ/GRP776+1.p","Unknown","","Timeout",3.046133,"Theorem",0.045809,"Timeout",3.056219,"Timeout",3.855900
result,"FEQ/HAL001+1.p","Unknown","","Timeout",3.034394,"Timeout",2.930892,"Timeout",3.061651,"Timeout",4.269423
result,"FEQ/HAL006+1.p","Unknown","","Timeout",3.013763,"Theorem",0.228620,"Theorem",0.220556,"Timeout",4.413815
result,"FEQ/HWV090+1.p","Unknown","","Error",4.648281,"Timeout",3.011267,"Timeout",3.060507,"Timeout",9.713352
result,"FEQ/HWV107+1.p","Unknown","","Error",4.331920,"Timeout",3.009420,"Timeout",3.064937,"Timeout",3.640204
result,"FEQ/HWV128+1.p","Theorem","0.97 v7.1.0","Error",4.956901,"Timeout",2.958779,"Timeout",3.047354,"Timeout",126.348464
result,"FEQ/ITP002+5.p","Unknown","","Timeout",3.562890,"Timeout",2.929236,"Timeout",3.058430,"Timeout",4.107119
result,"FEQ/ITP003+1.p","Unknown","","Timeout",3.009789,"Timeout",2.964218,"Timeout",3.044765,"Timeout",3.115995
result,"FEQ/ITP003+2.p","Unknown","","Timeout",3.018511,"Timeout",2.921084,"Timeout",3.071679,"Timeout",4.112756
result,"FEQ/ITP004+2.p","Unknown","","Timeout",3.011075,"Theorem",0.078234,"Theorem",0.137521,"Timeout",3.246423
result,"FEQ/ITP004+4.p","Unknown","","Timeout",4.053261,"Theorem",1.124388,"Timeout",3.068350,"Timeout",3.922033
result,"FEQ/ITP004+5.p","Unknown","","Timeout",3.800277,"Theorem",2.451393,"Timeout",3.068093,"Timeout",4.141978
result,"FEQ/ITP005+5.p","Unknown","","Timeout",3.323831,"Theorem",1.360867,"Theorem",0.515605,"Timeout",4.390141
result,"FEQ/ITP006+1.p","Unknown","","Timeout",3.009029,"Theorem",0.091269,"Timeout",3.050833,"Timeout",3.576617
result,"FEQ/ITP009+1.p","Unknown","","Timeout",3.008023,"Timeout",2.927326,"Timeout",3.048390,"Timeout",20.717180
result,"FEQ/ITP012+4.p","Unknown","","Error",5.297239,"Timeout",2.940987,"Timeout",3.108275,"Timeout",4.014881
result,"FEQ/ITP013+1.p","Unknown","","Timeout",3.007558,"Theorem",0.120833,"Theorem",0.037770,"Timeout",3.231407
result,"FEQ/ITP015+4.p","Unknown","","Error",5.033374,"Timeout",2.919734,"Theorem",1.946565,"Timeout",3.289492
result,"FEQ/ITP015+5.p","Unknown","","Error",5.062670,"Timeout",2.929897,"Timeout",3.112051,"Timeout",3.985391
result,"FEQ/ITP019+5.p","Unknown","","Error",5.161782,"Theorem",1.322822,"Theorem",1.101756,"Timeout",4.302469
result,"FEQ/ITP021+1.p","Unknown","","Unsatisfiable",0.290589,"Theorem",0.224274,"Theorem",0.125625,"Timeout",3.371744
result,"FEQ/ITP023+4.p","Unknown","","Error",5.035558,"Timeout",2.984349,"Timeout",3.266250,"Timeout",3.273238
result,"FEQ/KLE011+1.p","Unknown","","Timeout",3.082990,"Theorem",0.874335,"Theorem",0.087462,"Timeout",3.580793
result,"FEQ/KLE071+1.p","Unknown","","Timeout",3.026020,"Theorem",0.458306,"Theorem",2.355755,"Timeout",3.897085
result,"FEQ/KLE113+1.p","Unknown","","Timeout",3.048004,"Theorem",0.048747,"Theorem",0.018844,"Timeout",3.784107
result,"FEQ/KLE132+1.p","Unknown","","Timeout",3.021496,"Theorem",0.319528,"Theorem",0.052208,"Timeout",4.098684
result,"FEQ/KLE170+1.002.p","Unknown","","Timeout",3.017584,"Theorem",0.671153,"Theorem",1.612173,"Timeout",3.659358
result,"FEQ/KRS133+1.p","Unknown","","Error",4.492328,"Theorem",0.094296,"Theorem",0.174514,"Timeout",3.176796
result,"FEQ/LAT350+1.p","Unknown","","Timeout",3.041194,"Timeout",2.984163,"Timeout",3.138365,"Timeout",3.379210
result,"FEQ/LAT374+3.p","Unknown","","Error",5.013209,"Timeout",2.919010,"Timeout",3.169515,"Timeout",3.665210
result,"FEQ/LAT378+3.p","Unknown","","Error",5.097552,"Timeout",2.914166,"Timeout",3.189180,"Timeout",3.694486
result,"FEQ/LCL448+1.p","Unknown","","Timeout",3.037277,"Timeout",2.954520,"Timeout",3.054925,"Timeout",4.053647
result,"FEQ/LCL458+1.p","Unknown","","Timeout",3.054288,"Timeout",2.979280,"Timeout",3.057623,"Timeout",4.173057
result,"FEQ/LCL467+1.p","Unknown","","Timeout",3.021210,"Timeout",2.928531,"Timeout",3.052899,"Timeout",3.610535
result,"FEQ/LCL479+1.p","Unknown","","Timeout",3.009561,"Timeout",2.931352,"Timeout",3.048637,"Timeout",3.916095
result,"FEQ/LCL518+1.p","Unknown","","Timeout",3.022720,"Theorem",0.643048,"Theorem",0.022205,"Timeout",3.079957
result,"FEQ/LCL524+1.p","Unknown","","Timeout",3.091061,"Theorem",0.719113,"Theorem",0.170134,"Timeout",4.031176
result,"FEQ/LCL537+1.p","Unknown","","Timeout",3.067801,"Theorem",0.347384,"Theorem",0.114238,"Timeout",3.486295
result,"FEQ/LCL547+1.p","Unknown","","Timeout",3.059959,"Timeout",2.918749,"Timeout",3.059099,"Timeout",3.837840
result,"FEQ/LCL550+1.p","Unknown","","Timeout",3.043414,"Theorem",1.011795,"Theorem",0.086693,"Timeout",3.772557
result,"FEQ/LCL552+1.p","Unknown","","Timeout",3.012754,"Timeout",2.912935,"Theorem",0.452961,"Timeout",4.554515
result,"FEQ/LCL559+1.p","Unknown","","Timeout",3.013051,"Timeout",2.909904,"Theorem",0.329249,"Timeout",4.582433
result,"FEQ/LCL561+1.p","Unknown","","Timeout",3.012211,"Timeout",2.908009,"Theorem",0.343643,"Timeout",9.368741
result,"FEQ/LCL888+1.p","Unknown","","Timeout",3.009757,"Timeout",2.981042,"Theorem",2.692013,"Error",0.129653
result,"FEQ/LCL889+1.p","Unknown","","Timeout",3.007522,"Timeout",2.942545,"Timeout",3.047509,"Timeout",3.403889
result,"FEQ/LCL894+1.p","Unknown","","Timeout",3.007447,"Timeout",2.941620,"Theorem",0.037755,"Error",0.316731
result,"FEQ/LCL895+1.p","Unknown","","Timeout",3.007021,"Theorem",1.699520,"Timeout",3.046666,"Timeout",3.941616
result,"FEQ/LCL896+1.p","Unknown","","Timeout",3.007116,"Theorem",0.623574,"Theorem",1.575947,"Timeout",3.336456
result,"FEQ/LCL898+1.p","Unknown","","Timeout",3.007070,"Timeout",2.940019,"Theorem",0.137205,"Timeout",3.619853
result,"FEQ/LCL901+1.p","Unknown","","Timeout",3.007368,"Theorem",1.722781,"Theorem",0.026840,"Timeout",3.808503
result,"FEQ/MGT039+2.p","Unknown","","Timeout",3.015711,"Theorem",0.087856,"Theorem",0.011040,"Error",0.074906
result,"FEQ/MGT054+1.p","Unknown","","Unsatisfiable",0.065998,"Theorem",0.052739,"Theorem",0.012153,"Unsatisfiable",0.039407
result,"FEQ/MGT061+1.p","Unknown","","Unsatisfiable",0.074224,"Theorem",0.033055,"Theorem",0.009313,"Error",0.028588
result,"FEQ/MSC010+1.p","Unknown","","Error",5.248660,"Theorem",0.047479,"Theorem",0.105159,"Unsatisfiable",0.179218
result,"FEQ/NUM293+1.p","Unknown","","Unsatisfiable",0.204923,"Theorem",0.027609,"Theorem",0.017273,"Timeout",3.948707
result,"FEQ/NUM314+1.p","Unknown","","Timeout",3.012984,"Theorem",1.673224,"Timeout",3.044365,"Timeout",3.930953
result,"FEQ/NUM317+1.p","Unknown","","Timeout",3.013938,"Theorem",0.072021,"Timeout",3.041915,"Timeout",3.446498
result,"FEQ/NUM325+1.p","Unknown","","Timeout",3.013899,"Theorem",0.069906,"Timeout",3.043262,"Timeout",3.166283
result,"FEQ/NUM337+1.p","Unknown","","Timeout",3.012711,"Theorem",0.098160,"Timeout",3.044490,"Timeout",3.184247
result,"FEQ/NUM479+2.p","Unknown","","Timeout",3.014268,"Theorem",0.130310,"Theorem",0.046627,"Timeout",3.431754
result,"FEQ/NUM481+1.p","Unknown","","Timeout",3.010347,"Theorem",1.757008,"Theorem",0.208102,"Timeout",3.145468
result,"FEQ/NUM587+1.p","Unknown","","Timeout",3.012931,"Theorem",0.041188,"Theorem",0.014983,"Timeout",3.109145
result,"FEQ/NUM656+4.p","Unknown","","Timeout",3.019468,"Theorem",0.999471,"Timeout",3.053316,"Timeout",3.279001
result,"FEQ/NUM658+4.p","Unknown","","Timeout",3.010877,"Timeout",2.947846,"Timeout",3.053312,"Timeout",3.116160
result,"FEQ/NUM659+4.p","Unknown","","Timeout",3.051906,"Theorem",0.998025,"Timeout",3.053343,"Timeout",3.293480
result,"FEQ/NUM671+4.p","Unknown","","Timeout",3.011196,"Timeout",2.913375,"Timeout",3.055651,"Timeout",3.178210
result,"FEQ/NUM672+4.p","Unknown","","Timeout",3.024482,"Timeout",2.977016,"Timeout",3.091895,"Timeout",3.443016
result,"FEQ/NUM695+4.p","Unknown","","Timeout",3.018090,"Timeout",2.927425,"Timeout",3.057233,"Timeout",3.269210
result,"FEQ/NUM701+4.p","Unknown","","Timeout",3.013903,"Timeout",2.933397,"Timeout",3.055327,"Timeout",3.065980
result,"FEQ/NUM703+4.p","Unknown","","Timeout",3.028727,"Timeout",2.919481,"Timeout",3.057167,"Timeout",3.271037
result,"FEQ/NUM708+4.p","Unknown","","Timeout",3.014185,"Theorem",2.381364,"Timeout",3.054930,"Timeout",3.226894
result,"FEQ/NUM736+4.p","Unknown","","Timeout",3.035794,"Theorem",1.308536,"Timeout",3.049644,"Timeout",3.360920
result,"FEQ/NUM782+4.p","Unknown","","Timeout",3.018633,"Timeout",2.984624,"Timeout",3.036443,"Timeout",3.476087
result,"FEQ/NUM783+4.p","Unknown","","Timeout",3.022454,"Timeout",2.937265,"Timeout",3.043624,"Timeout",3.481819
result,"FEQ/NUM785+4.p","Unknown","","Timeout",3.060451,"Timeout",2.947003,"GaveUp",0.019350,"Timeout",3.489558
result,"FEQ/NUM787+4.p","Unknown","","Timeout",3.051353,"Timeout",2.931849,"GaveUp",0.018106,"Timeout",3.448068
result,"FEQ/NUM788+4.p","Unknown","","Timeout",3.019614,"Timeout",2.923976,"GaveUp",0.021032,"Timeout",3.697483
result,"FEQ/NUM789+4.p","Unknown","","Timeout",3.024296,"Timeout",2.921423,"GaveUp",0.017823,"Timeout",3.464370
result,"FEQ/NUM790+4.p","Unknown","","Timeout",3.023677,"Timeout",2.913231,"GaveUp",0.017825,"Timeout",3.621232
result,"FEQ/NUM791+4.p","Unknown","","Timeout",3.039071,"Timeout",2.917433,"GaveUp",0.018058,"Timeout",3.541548
result,"FEQ/NUM835+1.p","Unknown","","Timeout",3.007047,"Theorem",0.071303,"Theorem",0.006421,"Timeout",3.476676
result,"FEQ/NUM839+2.p","Unknown","","Timeout",3.007689,"Theorem",0.040155,"Theorem",0.020043,"Timeout",3.105665
result,"FEQ/NUM841+2.p","Unknown","","Timeout",3.007374,"Theorem",0.476480,"Theorem",0.019623,"Timeout",3.271847
result,"FEQ/NUM852+1.p","Unknown","","Timeout",3.007378,"Theorem",0.134924,"Theorem",0.016011,"Timeout",4.135821
result,"FEQ/NUM853+2.p","Unknown","","Timeout",3.007455,"Theorem",0.036203,"Theorem",0.061384,"Timeout",3.350490
result,"FEQ/NUM856+1.p","Unknown","","Timeout",3.009150,"Theorem",1.180264,"Theorem",0.224952,"Timeout",3.936253
result,"FEQ/NUM858+1.p","Unknown","","Timeout",3.006919,"Theorem",0.188661,"Timeout",3.049421,"Error",0.064295
result,"FEQ/NUM862+1.p","Unknown","","Timeout",3.006982,"Theorem",1.185099,"Timeout",3.052079,"Error",0.038425
result,"FEQ/NUM924+7.p","Unknown","","Timeout",3.035347,"Theorem",1.529222,"Theorem",0.147260,"Timeout",3.617276
result,"FEQ/NUM925+3.p","Unknown","","Timeout",3.063820,"Theorem",0.127572,"Theorem",0.245951,"Timeout",3.127897
result,"FEQ/NUM925+7.p","Unknown","","Timeout",3.032943,"Theorem",1.038935,"Theorem",0.379343,"Timeout",3.845861
result,"FEQ/NUM926+2.p","Unknown","","Timeout",3.012798,"Theorem",1.392520,"Timeout",3.048713,"Timeout",4.481220
result,"FEQ/NUM926+4.p","Unknown","","Timeout",3.144395,"Timeout",2.944759,"Timeout",3.049868,"Timeout",3.683862
result,"FEQ/NUM926+7.p","Unknown","","Timeout",3.055488,"Timeout",2.934281,"Theorem",0.236488,"Timeout",3.587198
result,"FEQ/NUN058+2.p","Unknown","","Timeout",3.059650,"Theorem",0.501276,"Timeout",3.057896,"Timeout",3.365467
result,"FEQ/NUN075+2.p","Unknown","","Timeout",3.007239,"Theorem",0.475545,"Timeout",3.048693,"Timeout",3.526016
result,"FEQ/NUN086+2.p","Unknown","","Timeout",3.026226,"Theorem",0.057230,"Theorem",0.008989,"Timeout",3.472932
result,"FEQ/PRO010+3.p","Unknown","","Unsatisfiable",0.419817,"Theorem",0.032059,"Theorem",0.012709,"Timeout",5.255833
result,"FEQ/PRO012+1.p","Unknown","","Unsatisfiable",0.091954,"Theorem",0.240950,"Theorem",0.144581,"Timeout",4.163963
result,"FEQ/PRO018+2.p","Unknown","","Unsatisfiable",0.142924,"Theorem",0.466361,"Theorem",0.037572,"Timeout",3.268665
result,"FEQ/PUZ077+1.p","Unknown","","Error",4.235263,"Theorem",0.540397,"Timeout",3.033617,"Timeout",5.157187
result,"FEQ/PUZ078+1.p","Unknown","","Timeout",3.040928,"Theorem",0.047439,"Theorem",0.156065,"Timeout",3.228454
result,"FEQ/REL020+2.p","Unknown","","Timeout",3.040052,"Timeout",2.914720,"Timeout",3.047158,"Timeout",3.247221
result,"FEQ/REL021+1.p","Unknown","","Timeout",3.010875,"Timeout",2.935823,"Timeout",3.049062,"Timeout",3.200035
result,"FEQ/REL033+1.p","Unknown","","Timeout",3.007535,"Timeout",2.946776,"Timeout",3.046939,"Timeout",3.510761
result,"FEQ/REL033+4.p","Unknown","","Timeout",3.009683,"Timeout",2.940785,"Timeout",3.047968,"Timeout",3.821157
result,"FEQ/REL035+1.p","Unknown","","Timeout",3.007622,"Timeout",2.909549,"Timeout",3.046526,"Timeout",3.851047
result,"FEQ/RNG085+2.p","Unknown","","Timeout",3.009181,"Timeout",2.931662,"Timeout",3.064703,"Timeout",3.312860
result,"FEQ/RNG098+2.p","Unknown","","Unsatisfiable",0.906782,"Theorem",0.320965,"Theorem",0.080673,"Timeout",3.262407
result,"FEQ/SCT115+1.p","Unknown","","Timeout",3.075782,"Theorem",0.273788,"Timeout",3.050055,"Timeout",6.541948
result,"FEQ/SCT123+1.p","Unknown","","Timeout",3.022250,"Theorem",0.214203,"Timeout",3.054502,"Timeout",3.617033
result,"FEQ/SCT131+1.p","Unknown","","Timeout",3.017409,"Theorem",0.346757,"Theorem",0.178034,"Timeout",3.691307
result,"FEQ/SCT146+1.p","Unknown","","Timeout",3.017979,"Theorem",0.122931,"Theorem",0.158200,"Timeout",3.782040
result,"FEQ/SCT147+1.p","Unknown","","Timeout",3.016368,"Theorem",0.115219,"Theorem",0.149580,"Timeout",3.788807
result,"FEQ/SCT151+1.p","Unknown","","Timeout",3.014235,"Theorem",0.287046,"Timeout",3.061421,"Timeout",3.356301
result,"FEQ/SCT152+1.p","Unknown","","Timeout",3.014294,"Theorem",0.280009,"Timeout",3.067863,"Timeout",3.729425
result,"FEQ/SCT154+1.p","Unknown","","Timeout",3.014309,"Theorem",0.223027,"Timeout",3.054554,"Timeout",3.958838
result,"FEQ/SCT170+6.p","Unknown","","Timeout",3.028351,"Timeout",2.916761,"Timeout",3.064292,"Timeout",3.802783
result,"FEQ/SET013+4.p","Unknown","","Timeout",3.038904,"Theorem",0.041900,"Theorem",0.009063,"Unsatisfiable",0.087239
result,"FEQ/SET017+1.p","Unknown","","Unsatisfiable",0.178468,"Theorem",0.013595,"Theorem",0.009980,"Timeout",3.467312
result,"FEQ/SET018+1.p","Unknown","","Unsatisfiable",0.160588,"Theorem",0.142787,"Theorem",0.194861,"Timeout",3.745574
result,"FEQ/SET072+1.p","Unknown","","Unsatisfiable",0.152047,"Theorem",0.039364,"Theorem",0.009897,"Timeout",3.512155
result,"FEQ/SET082+1.p","Unknown","","Timeout",3.008065,"Theorem",0.041796,"Theorem",2.051932,"Timeout",3.197276
result,"FEQ/SET090+1.p","Unknown","","Unsatisfiable",0.164969,"Theorem",0.078237,"Theorem",0.025931,"Timeout",3.270432
result,"FEQ/SET095+1.p","Unknown","","Unsatisfiable",0.121641,"Theorem",0.075720,"Theorem",3.050000,"Timeout",3.504194
result,"FEQ/SET098+1.p","Unknown","","Unsatisfiable",0.187871,"Theorem",1.970823,"Timeout",3.043142,"Timeout",3.548248
result,"FEQ/SET144+3.p","Unknown","","Timeout",3.009175,"Theorem",0.167476,"Timeout",3.048606,"Timeout",3.418207
result,"FEQ/SET156+4.p","Unknown","","Timeout",3.009915,"Theorem",0.040202,"Timeout",3.050989,"Timeout",3.640121
result,"FEQ/SET637+3.p","Unknown","","Unsatisfiable",0.015098,"Theorem",0.038669,"Theorem",0.009698,"Timeout",3.115156
result,"FEQ/SET649+3.p","Unknown","","Timeout",3.010595,"Theorem",0.182821,"Theorem",0.099038,"Timeout",3.055383
result,"FEQ/SET668+3.p","Unknown","","Timeout",3.027255,"Theorem",0.086764,"Theorem",0.022230,"Timeout",3.611707
result,"FEQ/SET710+4.p","Unknown","","Timeout",3.038386,"Theorem",0.193913,"Timeout",3.060926,"Timeout",3.045124
result,"FEQ/SET756+4.p","Unknown","","Timeout",3.011440,"Theorem",0.914069,"Timeout",3.060261,"Timeout",3.368958
result,"FEQ/SET763+4.p","Unknown","","Timeout",3.010788,"Theorem",0.044055,"Theorem",0.069806,"Timeout",3.343408
result,"FEQ/SEU025+1.p","Unknown","","Timeout",3.018862,"Theorem",0.077851,"Theorem",1.187464,"Timeout",3.324745
result,"FEQ/SEU053+1.p","Unknown","","Timeout",3.009966,"Theorem",0.070346,"Theorem",1.287432,"Timeout",3.459197
result,"FEQ/SEU176+2.p","Unknown","","Timeout",3.008202,"Theorem",0.987834,"Timeout",3.046997,"Error",1.829592
result,"FEQ/SEU258+2.p","Unknown","","Timeout",3.010978,"Timeout",2.946239,"Timeout",3.039597,"Timeout",3.375786
result,"FEQ/SEU299+2.p","Unknown","","Timeout",3.017474,"Timeout",2.913932,"Timeout",3.043491,"Timeout",3.142812
result,"FEQ/SEU314+2.p","Unknown","","Timeout",3.033843,"Timeout",2.936131,"Timeout",3.042880,"Timeout",3.124331
result,"FEQ/SEU356+2.p","Unknown","","Timeout",3.069266,"Theorem",0.127064,"Timeout",3.046214,"Timeout",3.151559
result,"FEQ/SEU390+1.p","Unknown","","Timeout",3.015590,"Timeout",3.010491,"Timeout",3.044337,"Timeout",3.590965
result,"FEQ/SEU419+1.p","Unknown","","Timeout",3.016223,"Theorem",0.173394,"Timeout",3.047931,"Timeout",3.394900
result,"FEQ/SEU424+2.p","Unknown","","Timeout",4.842865,"Timeout",2.940503,"Timeout",3.065312,"Timeout",6.188726
result,"FEQ/SEU425+3.p","Unknown","","Error",5.010533,"Theorem",2.832209,"Timeout",3.128254,"Timeout",3.685175
result,"FEQ/SEU429+2.p","Unknown","","Timeout",3.782843,"Timeout",2.932885,"Timeout",3.068254,"Timeout",6.003219
result,"FEQ/SEU429+3.p","Unknown","","Error",5.082460,"Theorem",0.721163,"Theorem",0.550315,"Timeout",3.847750
result,"FEQ/SEU447+2.p","Unknown","","Timeout",3.772256,"Timeout",2.958967,"Timeout",3.081603,"Timeout",5.865419
result,"FEQ/SEV517+1.p","Unknown","","Unsatisfiable",1.229300,"Theorem",0.038624,"Theorem",0.546091,"Timeout",3.863568
result,"FEQ/SEV522+1.p","Unknown","","Unsatisfiable",1.272149,"Timeout",2.922794,"Timeout",3.064562,"Timeout",3.249579
result,"FEQ/SEV551+1.p","Unknown","","Timeout",3.034632,"Theorem",0.609967,"Timeout",3.054631,"Timeout",3.795611
result,"FEQ/SEV554+1.p","Unknown","","Timeout",3.013425,"Timeout",2.957569,"Timeout",3.052966,"Timeout",3.696851
result,"FEQ/SEV556+1.p","Unknown","","Timeout",3.014279,"Timeout",2.950018,"Timeout",3.050701,"Timeout",3.060189
result,"FEQ/SEV560+1.p","Unknown","","Timeout",3.011273,"Timeout",2.929957,"Timeout",3.061053,"Timeout",3.322087
result,"FEQ/SEV562+1.p","Unknown","","Timeout",3.010787,"Theorem",2.648376,"Timeout",3.054800,"Timeout",3.351583
result,"FEQ/SEV565+1.p","Unknown","","Timeout",3.010478,"Theorem",1.830974,"Timeout",3.048706,"Timeout",3.179323
result,"FEQ/SEV572+1.p","Unknown","","Timeout",3.012291,"Theorem",0.478749,"Timeout",3.051138,"Timeout",3.342901
result,"FEQ/SEV579+1.p","Unknown","","Timeout",3.014494,"Theorem",0.099024,"Timeout",3.050339,"Timeout",3.196877
result,"FEQ/SEV580+1.p","Unknown","","Timeout",3.014001,"Theorem",0.125356,"Timeout",3.047389,"Timeout",3.550967
result,"FEQ/SWB012+1.p","Unknown","","Timeout",3.059338,"Theorem",0.382225,"Timeout",3.046667,"Timeout",3.529568
result,"FEQ/SWB013+1.p","Unknown","","Timeout",3.018733,"Timeout",2.984540,"Timeout",3.052441,"Timeout",3.342779
result,"FEQ/SWB014+1.p","Unknown","","Timeout",3.022807,"Theorem",0.044536,"Timeout",3.057998,"Timeout",3.426385
result,"FEQ/SWB020+1.p","Unknown","","Timeout",3.026943,"Theorem",0.893477,"Timeout",3.054311,"Timeout",3.271987
result,"FEQ/SWB022+1.p","Unknown","","Timeout",3.023041,"Theorem",0.395498,"Timeout",3.049406,"Timeout",3.756535
result,"FEQ/SWB023+1.p","Unknown","","Timeout",3.019232,"Theorem",0.044475,"Timeout",3.053684,"Timeout",4.892283
result,"FEQ/SWB025+1.p","Unknown","","Timeout",3.019662,"Theorem",0.037630,"Timeout",3.059139,"Timeout",3.367564
result,"FEQ/SWB026+1.p","Unknown","","Timeout",3.019569,"Theorem",0.146546,"Timeout",3.049874,"Timeout",3.728493
result,"FEQ/SWB027+1.p","Unknown","","Timeout",3.019016,"Theorem",0.676871,"Timeout",3.062958,"Timeout",3.777762
result,"FEQ/SWB028+1.p","Unknown","","Timeout",3.021791,"Theorem",0.687323,"Timeout",3.053773,"Timeout",3.590916
result,"FEQ/SWB028+2.p","Unknown","","Unsatisfiable",0.334468,"Theorem",0.359548,"Theorem",0.216210,"Timeout",3.070869
result,"FEQ/SWB039+1.p","Unknown","","Timeout",3.019386,"Theorem",0.058138,"Timeout",3.046265,"Timeout",3.236806
result,"FEQ/SWB043+1.p","Unknown","","Timeout",3.019590,"Theorem",0.413552,"Timeout",3.050566,"Timeout",3.197909
result,"FEQ/SWB045+1.p","Unknown","","Timeout",3.020922,"Theorem",0.069092,"Timeout",3.047516,"Timeout",3.762162
result,"FEQ/SWB046+1.p","Unknown","","Timeout",3.019644,"Theorem",0.042690,"Timeout",3.050927,"Timeout",3.754241
result,"FEQ/SWB047+1.p","Unknown","","Timeout",3.021667,"Theorem",0.050839,"Timeout",3.049308,"Timeout",3.802554
result,"FEQ/SWB050+1.p","Unknown","","Timeout",3.020911,"Theorem",0.196405,"Timeout",3.048867,"Timeout",3.821777
result,"FEQ/SWB055+1.p","Unknown","","Timeout",3.026103,"Theorem",0.437007,"Timeout",3.051580,"Timeout",3.206408
result,"FEQ/SWB056+1.p","Unknown","","Timeout",3.018819,"Theorem",0.051639,"Timeout",3.049535,"Timeout",4.942400
result,"FEQ/SWB058+1.p","Unknown","","Timeout",3.019047,"Theorem",0.039425,"Timeout",3.045484,"Timeout",3.313676
result,"FEQ/SWB059+1.p","Unknown","","Timeout",3.019440,"Theorem",0.050315,"Timeout",3.046204,"Timeout",3.193034
result,"FEQ/SWB062+1.p","Unknown","","Timeout",3.018782,"Theorem",0.037877,"Timeout",3.048300,"Timeout",3.340648
result,"FEQ/SWB067+1.p","Unknown","","Timeout",3.019794,"Theorem",0.097315,"Timeout",3.050819,"Timeout",3.276521
result,"FEQ/SWB069+1.p","Unknown","","Timeout",3.018273,"Theorem",0.066882,"Timeout",3.048924,"Timeout",3.267068
result,"FEQ/SWB073+1.p","Unknown","","Timeout",3.019729,"Theorem",0.061770,"Theorem",0.612064,"Timeout",3.231096
result,"FEQ/SWB075+1.p","Unknown","","Timeout",3.020790,"Theorem",0.057408,"Timeout",3.051108,"Timeout",3.232041
result,"FEQ/SWB077+1.p","Unknown","","Timeout",3.020934,"Theorem",0.110055,"Timeout",3.052555,"Timeout",3.277091
result,"FEQ/SWB083+1.p","Unknown","","Timeout",3.018362,"Theorem",0.055800,"Timeout",3.049928,"Timeout",3.535123
result,"FEQ/SWB086+1.p","Unknown","","Timeout",3.033793,"Theorem",0.402472,"Timeout",3.052353,"Timeout",3.310928
result,"FEQ/SWB092+1.p","Unknown","","Timeout",3.020178,"Theorem",0.504210,"Timeout",3.053368,"Timeout",3.600936
result,"FEQ/SWB095+1.p","Unknown","","Timeout",3.019049,"Theorem",0.932392,"Timeout",3.053924,"Timeout",3.303183
result,"FEQ/SWB097+1.p","Unknown","","Timeout",3.020266,"Theorem",0.044764,"Timeout",3.049414,"Timeout",3.595167
result,"FEQ/SWB098+1.p","Unknown","","Timeout",3.023013,"Theorem",0.054095,"Timeout",3.049735,"Timeout",3.315262
result,"FEQ/SWB099+1.p","Unknown","","Timeout",3.018652,"Theorem",0.878985,"Timeout",3.049135,"Timeout",3.388668
result,"FEQ/SWB100+1.p","Unknown","","Timeout",3.020912,"Theorem",0.041158,"Timeout",3.052160,"Timeout",3.313027
result,"FEQ/SWB101+1.p","Unknown","","Timeout",3.019211,"Theorem",1.542043,"Timeout",3.055467,"Timeout",3.250071
result,"FEQ/SWB102+1.p","Unknown","","Timeout",3.036343,"Theorem",1.617380,"Timeout",3.051210,"Timeout",3.324846
result,"FEQ/SWB103+1.p","Unknown","","Timeout",3.020608,"Theorem",1.570317,"Timeout",3.054057,"Timeout",3.301085
result,"FEQ/SWB104+1.p","Unknown","","Timeout",3.022563,"Theorem",0.450562,"Timeout",3.049683,"Timeout",3.497846
result,"FEQ/SWB108+1.p","Unknown","","Timeout",3.019068,"Theorem",1.546175,"Timeout",3.049234,"Timeout",3.350124
result,"FEQ/SWC005+1.p","Unknown","","Timeout",3.032858,"Theorem",0.088510,"Theorem",0.064926,"Timeout",3.781367
result,"FEQ/SWC199+1.p","Unknown","","Timeout",3.011859,"Timeout",2.925000,"Timeout",3.046019,"Timeout",3.078671
result,"FEQ/SWC386+1.p","Unknown","","Timeout",3.011197,"Theorem",0.034991,"Theorem",0.015418,"Timeout",3.490108
result,"FEQ/SWV034+1.p","Unknown","","Timeout",3.056044,"Theorem",0.060434,"Theorem",1.207871,"Error",0.460438
result,"FEQ/SWV053+1.p","Unknown","","Timeout",3.012055,"Theorem",0.055401,"Timeout",3.046430,"Timeout",3.339226
result,"FEQ/SWV055+1.p","Unknown","","Timeout",3.043275,"Theorem",0.069962,"Theorem",0.081884,"Timeout",3.056051
result,"FEQ/SWV089+1.p","Unknown","","Timeout",3.051112,"Theorem",0.062366,"Timeout",3.041703,"Error",2.873051
result,"FEQ/SWV090+1.p","Unknown","","Timeout",3.050639,"Theorem",0.065905,"Theorem",0.084567,"Error",3.143449
result,"FEQ/SWV092+1.p","Unknown","","Timeout",3.065385,"Theorem",0.054297,"Theorem",0.045606,"Timeout",3.051678
result,"FEQ/SWV118+1.p","Unknown","","Error",4.932792,"Timeout",2.991475,"Timeout",3.047330,"Timeout",3.409679
result,"FEQ/SWV198+1.p","Unknown","","Timeout",3.087591,"Theorem",0.056895,"Theorem",0.021287,"Unsatisfiable",0.119609
result,"FEQ/SWV199+1.p","Unknown","","Timeout",3.053576,"Theorem",0.053199,"Theorem",0.048873,"Timeout",4.222244
result,"FEQ/SWV233+1.p","Unknown","","Timeout",3.044642,"Theorem",0.038004,"Theorem",0.051053,"Timeout",4.581020
result,"FEQ/SWV234+1.p","Unknown","","Timeout",3.009332,"Timeout",2.918481,"Timeout",3.045041,"Timeout",3.809378
result,"FEQ/SWV234+2.p","Unknown","","Timeout",3.013992,"Theorem",0.327530,"Theorem",0.010504,"Timeout",3.744145
result,"FEQ/SWV374+1.p","Unknown","","Timeout",3.048221,"Theorem",0.063562,"Theorem",0.054500,"Error",0.026145
result,"FEQ/SWV404+1.p","Unknown","","Timeout",3.008084,"Theorem",0.148210,"Theorem",0.389058,"Timeout",3.916126
result,"FEQ/SWV408+2.p","Unknown","","Timeout",3.013047,"Theorem",0.067238,"Theorem",0.078399,"Error",0.137924
result,"FEQ/SWV449+1.p","Unknown","","Timeout",3.038701,"Theorem",0.059640,"Theorem",0.078971,"Error",3.069766
result,"FEQ/SWV451+1.p","Unknown","","Timeout",3.008595,"Theorem",0.129021,"Timeout",3.044476,"Error",2.497297
result,"FEQ/SWV452+1.p","Unknown","","Timeout",3.009915,"Theorem",0.087361,"Timeout",3.046802,"Error",2.370567
result,"FEQ/SWV453+1.p","Unknown","","Timeout",3.007943,"Theorem",0.046588,"Timeout",3.051150,"Error",0.424533
result,"FEQ/SWV455+1.p","Unknown","","Timeout",3.020154,"Theorem",0.054345,"Theorem",0.132845,"Error",2.011380
result,"FEQ/SWV457+1.p","Unknown","","Timeout",3.008942,"Theorem",0.076931,"Theorem",0.181809,"Error",0.164519
result,"FEQ/SWV458+1.p","Unknown","","Timeout",3.011290,"Theorem",0.122879,"Timeout",3.056189,"Error",0.714310
result,"FEQ/SWV459+1.p","Unknown","","Timeout",3.009410,"Theorem",0.121453,"Timeout",3.047193,"Error",0.907995
result,"FEQ/SWV460+1.p","Unknown","","Timeout",3.008056,"Theorem",0.048840,"Timeout",3.047309,"Error",0.786423
result,"FEQ/SWV462+1.p","Unknown","","Timeout",3.009838,"Theorem",0.180001,"Theorem",1.892203,"Error",3.736114
result,"FEQ/SWV466+1.p","Unknown","","Timeout",3.009123,"Theorem",0.079511,"Theorem",0.773330,"Error",1.549353
result,"FEQ/SWV468+1.p","Unknown","","Timeout",3.008803,"Theorem",0.056495,"Theorem",1.092688,"Error",2.748062
result,"FEQ/SWV471+1.p","Unknown","","Timeout",3.008007,"Theorem",0.126545,"Timeout",3.047393,"Error",0.120382
result,"FEQ/SWV472+1.p","Unknown","","Timeout",3.008144,"Theorem",0.124986,"Timeout",3.044299,"Error",0.454572
result,"FEQ/SWV473+1.p","Unknown","","Timeout",3.009000,"Theorem",0.040493,"Theorem",2.187259,"Error",0.051214
result,"FEQ/SWV476+1.p","Unknown","","Timeout",3.013445,"Theorem",0.136541,"Timeout",3.046658,"Error",0.590962
result,"FEQ/SWV479+1.p","Unknown","","Timeout",3.019963,"Theorem",0.163710,"Timeout",3.051547,"Error",0.162009
result,"FEQ/SWV480+1.p","Unknown","","Timeout",3.008057,"Theorem",0.128639,"Timeout",3.045480,"Error",0.345953
result,"FEQ/SWV486+1.p","Unknown","","Timeout",3.007190,"Theorem",0.073174,"Theorem",0.110632,"Timeout",4.191822
result,"FEQ/SWV486+2.p","Unknown","","Timeout",3.006953,"Theorem",0.075018,"Timeout",3.051856,"Timeout",4.542426
result,"FEQ/SWV487+1.p","Unknown","","Timeout",3.074645,"Theorem",0.068276,"Theorem",0.065194,"Timeout",3.074467
result,"FEQ/SWV490+3.p","Unknown","","Timeout",3.194539,"Theorem",0.265324,"Timeout",3.048169,"Error",0.115772
result,"FEQ/SWV491+4.p","Unknown","","Timeout",3.037562,"Theorem",0.278357,"Timeout",3.051855,"Error",0.272029
result,"FEQ/SWV492+1.p","Unknown","","Timeout",3.007189,"Theorem",0.073115,"Timeout",3.054449,"Timeout",4.092680
result,"FEQ/SWW097+1.p","Unknown","","Timeout",3.022384,"Theorem",2.955451,"Theorem",1.514622,"Timeout",3.541143
result,"FEQ/SWW102+1.p","Unknown","","Timeout",3.008473,"Theorem",0.123161,"Theorem",0.011752,"Timeout",3.552865
result,"FEQ/SWW238+1.p","Unknown","","Timeout",3.022489,"Theorem",0.234227,"Theorem",0.546067,"Timeout",3.608955
result,"FEQ/SWW273+1.p","Unknown","","Timeout",3.020521,"Timeout",2.967477,"Timeout",3.055726,"Timeout",3.547890
result,"FEQ/SWW291+1.p","Unknown","","Timeout",3.060276,"Timeout",2.953399,"Timeout",3.051383,"Timeout",3.601843
result,"FEQ/SWW297+1.p","Unknown","","Timeout",3.099629,"Theorem",0.185325,"Theorem",1.781750,"Timeout",4.254833
result,"FEQ/SWW313+1.p","Unknown","","Timeout",3.121978,"Theorem",0.318161,"Theorem",1.744137,"Timeout",4.125956
result,"FEQ/SWW314+1.p","Unknown","","Timeout",3.102473,"Theorem",0.303687,"Theorem",1.636016,"Timeout",4.216045
result,"FEQ/SWW315+1.p","Unknown","","Timeout",3.099925,"Theorem",0.304582,"Theorem",1.652542,"Timeout",4.169328
result,"FEQ/SWW337+1.p","Unknown","","Timeout",3.142296,"Theorem",0.308102,"Timeout",3.048225,"Timeout",4.257925
result,"FEQ/SWW342+1.p","Unknown","","Timeout",3.099321,"Theorem",0.308483,"Theorem",1.443056,"Timeout",4.270825
result,"FEQ/SWW345+1.p","Unknown","","Timeout",3.101109,"Theorem",0.327237,"Theorem",1.502409,"Timeout",4.338303
result,"FEQ/SWW348+1.p","Unknown","","Timeout",3.103360,"Theorem",0.287193,"Timeout",3.051278,"Timeout",4.263386
result,"FEQ/SWW350+1.p","Unknown","","Timeout",3.097646,"Theorem",0.181742,"Timeout",3.050377,"Timeout",4.250284
result,"FEQ/SWW374+1.p","Unknown","","Timeout",3.125222,"Theorem",0.310787,"Theorem",1.604636,"Timeout",4.223870
result,"FEQ/SWW383+1.p","Unknown","","Timeout",3.106516,"Theorem",0.313769,"Theorem",1.709854,"Timeout",4.229328
result,"FEQ/SWW385+1.p","Unknown","","Timeout",3.100420,"Theorem",0.307639,"Theorem",1.593203,"Timeout",4.321063
result,"FEQ/SWW386+1.p","Unknown","","Timeout",3.151468,"Theorem",0.328687,"Theorem",1.789679,"Timeout",4.238344
result,"FEQ/SWW470+1.p","Unknown","","Timeout",3.009515,"Theorem",0.405059,"Timeout",3.050984,"Timeout",3.939188
result,"FEQ/SWW470+3.p","Unknown","","Timeout",3.024438,"Theorem",0.282484,"Timeout",3.046194,"Timeout",3.230728
result,"FEQ/SWW470+6.p","Unknown","","Timeout",3.061704,"Theorem",0.175205,"Timeout",3.058067,"Timeout",4.041094
result,"FEQ/SWW470+7.p","Unknown","","Timeout",3.044938,"Theorem",0.189938,"Timeout",3.049562,"Timeout",3.835303
result,"FEQ/SWW473+1.p","Unknown","","Timeout",3.045354,"Theorem",0.122643,"Theorem",0.051438,"Unsatisfiable",0.412588
result,"FEQ/SWW473+2.p","Unknown","","Timeout",3.016127,"Theorem",0.126970,"Theorem",0.173828,"Timeout",3.311248
result,"FEQ/SWW473+5.p","Unknown","","Timeout",3.010532,"Theorem",0.126861,"Theorem",0.053976,"Timeout",3.620002
result,"FEQ/SWW474+1.p","Unknown","","Timeout",3.010409,"Theorem",0.067395,"Theorem",0.042784,"Timeout",3.376098
result,"FEQ/SWW474+2.p","Unknown","","Timeout",3.019247,"Theorem",0.283131,"Theorem",0.190233,"Timeout",4.804220
result,"FEQ/SWW474+7.p","Unknown","","Timeout",3.050339,"Theorem",1.178999,"Timeout",3.042088,"Timeout",4.137001
result,"FEQ/SWW477+7.p","Unknown","","Timeout",3.188612,"Timeout",2.919546,"Theorem",2.338861,"Timeout",4.133518
result,"FEQ/SWW478+7.p","Unknown","","Timeout",3.177812,"Theorem",0.377221,"Theorem",0.275824,"Unsatisfiable",0.268919
result,"FEQ/SWW874+1.p","Unknown","","Timeout",3.010130,"Theorem",0.158949,"Theorem",0.007710,"Timeout",3.907300
result,"FEQ/SWW878+1.p","Unknown","","Unsatisfiable",0.068522,"Theorem",1.414248,"Theorem",0.159250,"Timeout",3.592465
result,"FEQ/SWW900+1.p","Unknown","","Timeout",3.013760,"Timeout",2.970272,"Theorem",2.539622,"Timeout",3.062806
result,"FEQ/SWW937+1.p","Unknown","","Unsatisfiable",0.040149,"Theorem",1.045234,"Theorem",0.631592,"Timeout",3.580014
result,"FEQ/SWW956+1.p","Unknown","","Timeout",3.010321,"Theorem",0.034378,"Theorem",0.007242,"Timeout",3.072539
result,"FEQ/SWW958+1.p","Unknown","","Timeout",3.019798,"Theorem",0.270438,"Timeout",3.047946,"Timeout",4.689741
result,"FEQ/SWW963+1.p","Unknown","","Timeout",3.011320,"Theorem",0.037536,"Theorem",0.011523,"Timeout",4.595489
result,"FEQ/SWW967+1.p","Unknown","","Timeout",3.023942,"Theorem",0.030504,"Theorem",0.011237,"Timeout",4.564174
result,"FEQ/SWX022+1.p","Unknown","","Timeout",3.038240,"Theorem",2.542439,"Timeout",3.057163,"Timeout",4.298042
result,"FEQ/SWX029+1.p","Unknown","","Timeout",3.017063,"Timeout",2.937323,"Timeout",3.055820,"Timeout",4.580754
result,"FEQ/SWX034+1.p","Unknown","","Unsatisfiable",0.165621,"Theorem",1.039466,"Timeout",3.044896,"Timeout",3.487019
result,"FEQ/SWX037+1.p","Unknown","","Timeout",3.016750,"Timeout",2.964341,"Timeout",3.051372,"Timeout",3.317601
result,"FEQ/SWX038+1.p","Unknown","","Timeout",3.011871,"Timeout",2.930608,"Timeout",3.047341,"Timeout",3.116085
result,"FEQ/SWX044+1.p","Unknown","","Timeout",3.009650,"Timeout",2.927988,"Timeout",3.045891,"Error",0.307659
result,"FEQ/SWX055+1.p","Unknown","","Timeout",3.010654,"Timeout",2.973701,"Timeout",3.049403,"Timeout",4.274707
result,"FEQ/SWX060+1.p","Unknown","","Timeout",3.011329,"Timeout",2.924099,"Timeout",3.043739,"Timeout",3.581977
result,"FEQ/SWX070+1.p","Unknown","","Error",5.071581,"Timeout",2.945089,"Timeout",3.054812,"Timeout",3.182772
result,"FEQ/TOP034+4.p","Unknown","","Error",5.008016,"Timeout",3.009995,"Timeout",10.038213,"Timeout",3.326009
result,"FNE/BOO109+1.p","Unknown","","Timeout",3.011707,"Theorem",0.593988,"Timeout",3.040188,"Timeout",4.969702
result,"FNE/COM008+1.p","Unknown","","Timeout",3.009962,"Timeout",2.981252,"Theorem",0.040616,"Timeout",3.716371
result,"FNE/CSR026+3.p","Unknown","","Timeout",3.082628,"Theorem",1.508811,"Theorem",0.360451,"Timeout",4.385957
result,"FNE/CSR027+3.p","Unknown","","Timeout",3.034113,"Theorem",0.093343,"Theorem",1.074832,"Timeout",3.250566
result,"FNE/CSR033+3.p","Unknown","","Timeout",3.052784,"Theorem",0.175335,"Theorem",2.469874,"Timeout",3.534714
result,"FNE/CSR034+2.p","Unknown","","Timeout",3.065953,"Theorem",0.083403,"Theorem",0.108425,"Unsatisfiable",0.252188
result,"FNE/CSR036+2.p","Unknown","","Timeout",3.263884,"Theorem",0.121600,"Timeout",3.037455,"Timeout",3.217125
result,"FNE/CSR036+3.p","Unknown","","Timeout",3.034260,"Theorem",0.238342,"Timeout",3.046780,"Timeout",3.295196
result,"FNE/CSR039+2.p","Unknown","","Timeout",3.014112,"Theorem",0.089690,"Theorem",1.750495,"Timeout",3.206633
result,"FNE/CSR040+3.p","Unknown","","Timeout",3.033032,"Theorem",1.159033,"Theorem",0.359819,"Timeout",3.378722
result,"FNE/CSR052+3.p","Unknown","","Timeout",3.231665,"Theorem",0.099612,"Theorem",1.600542,"Unsatisfiable",0.541212
result,"FNE/CSR056+3.p","Unknown","","Timeout",3.035277,"Theorem",0.136647,"Theorem",0.573263,"Timeout",3.913699
result,"FNE/CSR057+2.p","Unknown","","Unsatisfiable",1.848197,"Theorem",0.086598,"Theorem",0.057588,"Unsatisfiable",1.137107
result,"FNE/CSR060+2.p","Unknown","","Timeout",3.012867,"Theorem",0.102349,"Theorem",0.387215,"Timeout",3.313008
result,"FNE/CSR061+2.p","Unknown","","Timeout",3.014301,"Theorem",0.053487,"Theorem",0.557378,"Timeout",3.188915
result,"FNE/CSR062+2.p","Unknown","","Unsatisfiable",0.503719,"Theorem",0.043721,"Theorem",0.080371,"Timeout",3.223055
result,"FNE/CSR062+3.p","Unknown","","Timeout",3.033006,"Theorem",0.156984,"Theorem",0.567184,"Timeout",3.246141
result,"FNE/CSR073+2.p","Unknown","","Unsatisfiable",0.470628,"Theorem",0.038698,"Theorem",0.079993,"Timeout",3.295020
result,"FNE/CSR073+3.p","Unknown","","Timeout",3.033749,"Theorem",0.148153,"Theorem",1.005217,"Timeout",3.279993
result,"FNE/CSR115+31.p","Unknown","","Timeout",3.087234,"Theorem",0.111397,"Theorem",0.113811,"Timeout",4.620416
result,"FNE/CSR115+6.p","Unknown","","Timeout",3.029691,"Theorem",0.094819,"Theorem",0.109046,"Timeout",4.398260
result,"FNE/CSR115+91.p","Unknown","","Timeout",3.029666,"Theorem",0.095693,"Theorem",0.109975,"Timeout",4.370403
result,"FNE/CSR115+98.p","Unknown","","Timeout",3.032507,"Theorem",0.091213,"Theorem",0.104479,"Timeout",4.469052
result,"FNE/CSR116+27.p","Unknown","","Timeout",3.028491,"Theorem",0.257384,"Theorem",0.140965,"Timeout",3.829102
result,"FNE/CSR116+39.p","Unknown","","Timeout",3.028079,"Theorem",0.107022,"Theorem",0.124560,"Timeout",4.195869
result,"FNE/CSR116+6.p","Unknown","","Timeout",3.033330,"Theorem",0.120449,"Theorem",0.118654,"Timeout",4.211671
result,"FNE/GEO167+1.p","Unknown","","Timeout",3.008613,"Timeout",2.912690,"Timeout",3.052663,"Timeout",3.199695
result,"FNE/GEO168+1.p","Unknown","","Timeout",3.007434,"Timeout",2.925751,"Timeout",3.053770,"Timeout",3.349488
result,"FNE/GEO259+1.p","Unknown","","Timeout",3.020369,"Theorem",0.127431,"Theorem",0.022191,"Timeout",3.204002
result,"FNE/KRS189+1.p","Unknown","","Unsatisfiable",0.154323,"Theorem",0.033309,"Timeout",3.047896,"Unsatisfiable",0.508151
result,"FNE/KRS203+1.p","Unknown","","Timeout",3.008511,"Theorem",0.037619,"Theorem",0.021461,"Timeout",3.572469
result,"FNE/KRS216+1.p","Unknown","","Timeout",3.009448,"Theorem",0.061061,"Theorem",0.087587,"Timeout",3.314531
result,"FNE/KRS217+1.p","Unknown","","Timeout",3.009871,"Theorem",0.046650,"Timeout",3.051153,"Timeout",3.376330
result,"FNE/KRS233+1.p","Unknown","","Unsatisfiable",1.374983,"Theorem",0.041622,"Theorem",2.518066,"Timeout",3.242774
result,"FNE/KRS234+1.p","Unknown","","Timeout",3.010891,"Theorem",0.044658,"Theorem",0.031666,"Timeout",3.226554
result,"FNE/KRS251+1.p","Unknown","","Timeout",3.009256,"Theorem",0.045268,"Timeout",3.047116,"Timeout",3.210997
result,"FNE/KRS258+1.p","Unknown","","Timeout",3.011417,"Theorem",0.039563,"Theorem",0.167281,"Timeout",3.080585
result,"FNE/KRS260+1.p","Unknown","","Timeout",3.008860,"Theorem",0.042207,"Timeout",3.045184,"Timeout",3.683108
result,"FNE/KRS261+1.p","Unknown","","Timeout",3.018439,"Theorem",0.053601,"Timeout",3.045603,"Timeout",3.122739
result,"FNE/LCL062+1.p","Unknown","","Timeout",3.015089,"Timeout",2.913646,"Theorem",2.245930,"Timeout",3.143161
result,"FNE/LCL109+1.p","Unknown","","Timeout",3.009733,"Timeout",2.919673,"Timeout",3.047747,"Timeout",3.185517
result,"FNE/LCL365+1.p","Unknown","","Timeout",3.015276,"Theorem",0.087596,"Theorem",0.937857,"Timeout",3.059629
result,"FNE/LCL365+2.p","Unknown","","Timeout",3.014334,"Timeout",2.940413,"Timeout",3.051262,"Timeout",4.957433
result,"FNE/LCL368+1.p","Unknown","","Timeout",3.013655,"Timeout",2.936631,"Theorem",1.336761,"Timeout",3.244241
result,"FNE/LCL368+2.p","Unknown","","Timeout",3.014177,"Timeout",2.911527,"Timeout",3.048212,"Timeout",4.791678
result,"FNE/LCL369+1.p","Unknown","","Timeout",3.017656,"Timeout",2.917413,"Theorem",2.075186,"Timeout",3.137453
result,"FNE/LCL370+2.p","Unknown","","Timeout",3.015004,"Timeout",2.930844,"Timeout",3.049798,"Timeout",4.830594
result,"FNE/LCL373+2.p","Unknown","","Timeout",3.014213,"Timeout",2.908404,"Timeout",3.048657,"Timeout",4.902429
result,"FNE/LCL374+1.p","Unknown","","Timeout",3.016110,"Timeout",2.921483,"Timeout",3.053722,"Timeout",3.211022
result,"FNE/LCL374+2.p","Unknown","","Timeout",3.013820,"Timeout",2.908899,"Timeout",3.050500,"Timeout",4.849232
result,"FNE/LCL376+1.p","Unknown","","Timeout",3.014979,"Timeout",2.917552,"Theorem",1.420505,"Timeout",3.152125
result,"FNE/LCL377+1.p","Unknown","","Timeout",3.015134,"Timeout",2.926329,"Theorem",2.364928,"Timeout",3.178775
result,"FNE/LCL383+1.p","Unknown","","Timeout",3.018586,"Timeout",2.915531,"Theorem",0.683221,"Timeout",3.159872
result,"FNE/LCL383+2.p","Unknown","","Timeout",3.014883,"Timeout",2.919945,"Timeout",3.043891,"Timeout",4.650723
result,"FNE/LCL390+1.p","Unknown","","Timeout",3.013124,"Timeout",2.935217,"Theorem",0.664902,"Timeout",3.102095
result,"FNE/LCL390+2.p","Unknown","","Timeout",3.044275,"Timeout",2.918334,"Timeout",3.044973,"Timeout",4.768166
result,"FNE/LCL392+1.p","Unknown","","Timeout",3.015159,"Timeout",2.942838,"Theorem",0.763464,"Timeout",4.900756
result,"FNE/LCL392+2.p","Unknown","","Timeout",3.014238,"Timeout",2.918820,"Timeout",3.051104,"Timeout",3.309834
result,"FNE/LCL393+2.p","Unknown","","Timeout",3.013774,"Timeout",2.939400,"Timeout",3.047337,"Timeout",5.013664
result,"FNE/LCL394+2.p","Unknown","","Timeout",3.015267,"Timeout",2.909936,"Timeout",3.054431,"Timeout",4.902974
result,"FNE/LCL403+2.p","Unknown","","Timeout",3.014451,"Timeout",2.940745,"Timeout",3.050312,"Timeout",5.287684
result,"FNE/LCL640+1.005.p","Unknown","","Timeout",3.009266,"Theorem",0.204728,"Theorem",0.096247,"Timeout",3.659333
result,"FNE/LCL642+1.010.p","Unknown","","Timeout",3.077446,"Theorem",0.083591,"Timeout",3.044459,"Unsatisfiable",0.041374
result,"FNE/LCL642+1.015.p","Unknown","","Timeout",3.080352,"Theorem",0.112262,"Timeout",3.039862,"Unsatisfiable",1.885224
result,"FNE/LCL656+1.015.p","Unknown","","Timeout",3.013298,"Theorem",1.114926,"Timeout",3.035778,"Timeout",3.095898
result,"FNE/LCL660+1.015.p","Unknown","","Timeout",3.085491,"Theorem",1.383468,"Timeout",3.039061,"Unsatisfiable",0.323094
result,"FNE/LCL660+1.020.p","Unknown","","Timeout",3.087066,"Theorem",1.902128,"Timeout",3.062762,"Unsatisfiable",0.691960
result,"FNE/LCL670+1.010.p","Unknown","","Timeout",3.009128,"Timeout",2.921835,"Timeout",3.039733,"Timeout",3.394010
result,"FNE/LCL680+1.005.p","Unknown","","Timeout",3.015174,"Timeout",2.922376,"Timeout",3.059902,"Timeout",3.580202
result,"FNE/LCL682+1.015.p","Unknown","","Timeout",3.020528,"Timeout",2.920506,"Timeout",3.049957,"Timeout",4.528997
result,"FNE/LCL682+1.020.p","Unknown","","Timeout",3.029199,"Timeout",2.921443,"Timeout",3.052031,"Timeout",3.983146
result,"FNE/LCL688+1.005.p","Unknown","","Timeout",3.009542,"Timeout",2.951405,"Timeout",3.052326,"Timeout",3.128872
result,"FNE/LCL876+1.p","Unknown","","Timeout",3.016354,"Timeout",2.912965,"Timeout",3.049717,"Timeout",3.700705
result,"FNE/LCL978+1.p","Unknown","","Timeout",3.015296,"Timeout",2.925880,"Timeout",3.048248,"Timeout",3.371032
result,"FNE/LCL981+1.p","Unknown","","Timeout",3.021542,"Timeout",2.925614,"Timeout",3.049988,"Timeout",4.015687
result,"FNE/LCL982+1.p","Unknown","","Timeout",3.017623,"Theorem",0.048351,"Theorem",0.005610,"Timeout",3.702548
result,"FNE/MED007+1.p","Unknown","","Timeout",3.115149,"Theorem",0.041076,"Timeout",3.060386,"Timeout",3.187287
result,"FNE/MED009+1.p","Unknown","","Timeout",3.012084,"Theorem",0.163377,"Timeout",3.053209,"Unsatisfiable",0.394116
result,"FNE/MGT067+1.p","Unknown","","Timeout",3.010048,"Theorem",0.047021,"Theorem",0.016295,"Timeout",3.204965
result,"FNE/NLP260+1.p","Unknown","","Error",0.626560,"Timeout",3.025560,"Timeout",3.082606,"Error",1.397080
result,"FNE/NLP261+1.p","Unknown","","Error",0.436978,"Timeout",3.027933,"Timeout",3.050435,"Error",1.385015
result,"FNE/NLP262+1.p","Unknown","","Error",0.446677,"Timeout",3.027626,"Timeout",3.051691,"Error",1.363542
result,"FNE/NUN056+1.p","Unknown","","Timeout",3.033983,"Timeout",3.010133,"Timeout",3.059201,"Timeout",3.927450
result,"FNE/NUN057+1.p","Unknown","","Timeout",3.009304,"Timeout",2.925909,"Timeout",3.064786,"Timeout",3.385955
result,"FNE/NUN060+1.p","Unknown","","Timeout",3.008277,"Theorem",0.038362,"Theorem",0.007893,"Timeout",3.595519
result,"FNE/NUN066+1.p","Unknown","","Timeout",3.013163,"Theorem",0.140043,"Timeout",3.068996,"Timeout",3.554302
result,"FNE/NUN072+1.p","Unknown","","Timeout",3.009005,"Timeout",2.966091,"Timeout",3.065564,"Timeout",4.013378
result,"FNE/NUN075+1.p","Unknown","","Timeout",3.008717,"Timeout",2.917149,"Timeout",3.055914,"Timeout",4.170300
result,"FNE/NUN081+1.p","Unknown","","Timeout",3.009309,"Theorem",0.039991,"Theorem",0.010194,"Timeout",3.847834
result,"FNE/NUN085+1.p","Unknown","","Timeout",3.008734,"Theorem",1.790289,"Theorem",0.289664,"Timeout",4.399870
result,"FNE/NUN087+1.p","Unknown","","Timeout",3.008985,"Theorem",0.187685,"Theorem",0.090328,"Timeout",4.279840
result,"FNE/SWB012+3.p","Unknown","","Timeout",3.028166,"Theorem",0.371634,"Theorem",0.304207,"Timeout",3.354345
result,"FNE/SWB014+3.p","Unknown","","Timeout",3.014250,"Theorem",0.034087,"Theorem",0.196708,"Timeout",3.203187
result,"FNE/SWV014+1.p","Unknown","","Timeout",3.009958,"Theorem",0.037276,"Theorem",0.007318,"Timeout",3.201255
result,"FNE/SYN353+1.p","Unknown","","Timeout",3.009266,"Theorem",0.065628,"Theorem",0.005966,"Timeout",204.851134
result,"FNE/SYN457+1.p","Unknown","","Timeout",3.012837,"Theorem",0.096392,"Timeout",3.040038,"Timeout",3.523500
result,"FNE/SYN938+1.p","Unknown","","Error",3.626101,"Theorem",0.068124,"Timeout",3.022672,"Unsatisfiable",0.020910
result,"FNE/SYN986+1.004.p","Unknown","","Timeout",3.076788,"Theorem",2.141613,"Timeout",3.036101,"Timeout",4.150327
result,"FNE/SYO604+1.p","Unknown","","Timeout",3.054439,"Theorem",0.175442,"Timeout",3.046289,"Unsatisfiable",2.719370
result,"FNE/SYO606+1.p","Unknown","","Timeout",3.010252,"Theorem",0.037829,"Timeout",3.049886,"Unsatisfiable",0.068944

section,prover,scope,total,success,timeout,incomplete,unsound,uniques,error,avg_time_s
prover_stats,"ip","Tous",500,"30 (6.0%)","429 (85.8%)","0 (0.0%)","0 (0.0%)",1,"41 (8.2%)",3.020744
prover_stats,"ip","Theorem/Unsatisfiable",1,"0 (0.0%)","0 (0.0%)","0 (0.0%)","0 (0.0%)",0,"1 (100.0%)",4.956901
prover_stats,"ip","Theorem (FOF)",1,"0 (0.0%)","0 (0.0%)","0 (0.0%)","0 (0.0%)",0,"1 (100.0%)",4.956901
prover_stats,"ip","Unsatisfiable (CNF)",0,"0 (0.0%)","0 (0.0%)","0 (0.0%)","0 (0.0%)",0,"0 (0.0%)",0.000000
prover_stats,"vampire","Tous",500,"350 (70.0%)","150 (30.0%)","0 (0.0%)","0 (0.0%)",140,"0 (0.0%)",1.168727
prover_stats,"vampire","Theorem/Unsatisfiable",1,"0 (0.0%)","1 (100.0%)","0 (0.0%)","0 (0.0%)",0,"0 (0.0%)",2.958779
prover_stats,"vampire","Theorem (FOF)",1,"0 (0.0%)","1 (100.0%)","0 (0.0%)","0 (0.0%)",0,"0 (0.0%)",2.958779
prover_stats,"vampire","Unsatisfiable (CNF)",0,"0 (0.0%)","0 (0.0%)","0 (0.0%)","0 (0.0%)",0,"0 (0.0%)",0.000000
prover_stats,"e","Tous",500,"220 (44.0%)","274 (54.8%)","0 (0.0%)","0 (0.0%)",21,"0 (0.0%)",1.921536
prover_stats,"e","Theorem/Unsatisfiable",1,"0 (0.0%)","1 (100.0%)","0 (0.0%)","0 (0.0%)",0,"0 (0.0%)",3.047354
prover_stats,"e","Theorem (FOF)",1,"0 (0.0%)","1 (100.0%)","0 (0.0%)","0 (0.0%)",0,"0 (0.0%)",3.047354
prover_stats,"e","Unsatisfiable (CNF)",0,"0 (0.0%)","0 (0.0%)","0 (0.0%)","0 (0.0%)",0,"0 (0.0%)",0.000000
prover_stats,"zenon","Tous",500,"22 (4.4%)","440 (88.0%)","0 (0.0%)","0 (0.0%)",0,"38 (7.6%)",5.702419
prover_stats,"zenon","Theorem/Unsatisfiable",1,"0 (0.0%)","1 (100.0%)","0 (0.0%)","0 (0.0%)",0,"0 (0.0%)",126.348464
prover_stats,"zenon","Theorem (FOF)",1,"0 (0.0%)","1 (100.0%)","0 (0.0%)","0 (0.0%)",0,"0 (0.0%)",126.348464
prover_stats,"zenon","Unsatisfiable (CNF)",0,"0 (0.0%)","0 (0.0%)","0 (0.0%)","0 (0.0%)",0,"0 (0.0%)",0.000000

section,prover_a,prover_b,win,draw,loss
pair_stats,"ip","vampire",2,176,322
pair_stats,"ip","e",4,302,194
pair_stats,"ip","zenon",27,454,19
pair_stats,"vampire","ip",322,176,2
pair_stats,"vampire","e",152,326,22
pair_stats,"vampire","zenon",328,172,0
pair_stats,"e","ip",194,302,4
pair_stats,"e","vampire",22,326,152
pair_stats,"e","zenon",208,282,10
pair_stats,"zenon","ip",19,454,27
pair_stats,"zenon","vampire",0,172,328
pair_stats,"zenon","e",10,282,208
