# bench_date,"2026-05-29_15-49-39"
# problem_dir,"/home/etudiant/Cours/stage/TPTP-v9.2.1/Problems/SYN/"
# home,
# logs_dir,"bench_logs_syn_final"
# time_limit_seconds,3
# robust_time_limit,true
# size_limit_gb,
# max_clauses,
# mode,"ordered-fallback"
# casc,
# only_ip,true
# version_ip,"d864328"

section,problem,expected_status,rating,ip,ip_time_s
result,"SYN000+1.p","Theorem","0.18 v9.1.0","Unsatisfiable",0.010443
result,"SYN000+2.p","Satisfiable","0.83 v9.0.0","Error",0.007227
result,"SYN000-1.p","Unsatisfiable","0.18 v9.1.0","Unsatisfiable",0.008802
result,"SYN000-2.p","Satisfiable","0.75 v9.1.0","Error",0.006571
result,"SYN000-3.p","Satisfiable","? v8.0.0","Error",0.006535
result,"SYN000^1.p","Theorem","0.22 v9.1.0","Error",0.006535
result,"SYN000^2.p","Satisfiable","? v9.2.1","Error",0.006484
result,"SYN000^3.p","Satisfiable","1.00 v7.1.0","Error",0.006787
result,"SYN000^6.p","Unknown","1.00 v9.0.0","Error",0.006327
result,"SYN000^7.p","Unknown","1.00 v9.0.0","Error",0.007052
result,"SYN000_1.p","Theorem","0.12 v9.1.0","Error",0.006542
result,"SYN000_2.p","Satisfiable","1.00 v9.1.0","Error",0.006718
result,"SYN000_3.p","Satisfiable","0.75 v9.0.0","Error",0.006625
result,"SYN000_4.p","Satisfiable","1.00 v9.1.0","Error",0.006486
result,"SYN000_5.p","Theorem","0.62 v7.5.0","Error",0.006460
result,"SYN000_6.p","Unknown","1.00 v9.0.0","Error",0.005820
result,"SYN000_7.p","Unknown","1.00 v9.0.0","Error",0.005994
result,"SYN001+1.p","Theorem","0.00 v2.1.0","Unsatisfiable",0.007303
result,"SYN001-1.005.p","Unsatisfiable","0.00 v2.1.0","Unsatisfiable",0.133992
result,"SYN001^4.001.p","CounterSatisfiable","0.67 v9.0.0","Error",0.007462
result,"SYN001^4.002.p","CounterSatisfiable","0.67 v9.0.0","Error",0.006577
result,"SYN001^4.003.p","CounterSatisfiable","0.67 v9.0.0","Error",0.006273
result,"SYN001^4.004.p","CounterSatisfiable","0.67 v9.0.0","Error",0.006649
result,"SYN002-1.007.008.p","Unsatisfiable","0.00 v6.3.0","Unsatisfiable",0.032149
result,"SYN003-1.006.p","Unsatisfiable","0.00 v2.1.0","Unsatisfiable",0.021960
result,"SYN004-1.007.p","Unsatisfiable","0.00 v2.1.0","Unsatisfiable",0.019078
result,"SYN005-1.010.p","Unsatisfiable","0.00 v2.1.0","Unsatisfiable",0.024146
result,"SYN006-1.p","Unsatisfiable","0.00 v6.3.0","Unsatisfiable",0.010142
result,"SYN007+1.014.p","Theorem","0.00 v7.3.0","Error",5.075783
result,"SYN007^4.014.p","CounterSatisfiable","1.00 v4.0.0","Error",0.008022
result,"SYN008-1.p","Unsatisfiable","0.00 v2.0.0","Unsatisfiable",0.008181
result,"SYN009-1.p","Unsatisfiable","0.00 v2.0.0","Unsatisfiable",0.010543
result,"SYN009-2.p","Unsatisfiable","0.00 v2.5.0","Unsatisfiable",0.012359
result,"SYN009-3.p","Unsatisfiable","0.00 v2.5.0","Unsatisfiable",0.032238
result,"SYN009-4.p","Unsatisfiable","0.00 v2.5.0","Unsatisfiable",0.024340
result,"SYN010-1.005.005.p","Unsatisfiable","0.00 v2.1.0","Timeout",3.008802
result,"SYN011-1.p","Unsatisfiable","0.00 v2.0.0","Unsatisfiable",0.013835
result,"SYN012-1.p","Unsatisfiable","0.08 v9.1.0","Unsatisfiable",0.051822
result,"SYN013-1.p","Unsatisfiable","0.05 v9.0.0","Timeout",3.008656
result,"SYN014-1.p","Unsatisfiable","0.09 v9.1.0","Unsatisfiable",0.340984
result,"SYN014-2.p","Unsatisfiable","0.00 v2.2.1","Unsatisfiable",0.035331
result,"SYN015-1.p","Unsatisfiable","0.09 v9.1.0","Unsatisfiable",0.151619
result,"SYN015-2.p","Unsatisfiable","0.00 v7.4.0","Timeout",3.008718
result,"SYN028-1.p","Unsatisfiable","0.00 v2.0.0","Unsatisfiable",0.008998
result,"SYN029-1.p","Unsatisfiable","0.00 v2.0.0","Unsatisfiable",0.007586
result,"SYN030-1.p","Unsatisfiable","0.00 v2.0.0","Unsatisfiable",0.011175
result,"SYN031-1.p","Unsatisfiable","0.00 v2.0.0","Unsatisfiable",0.007572
result,"SYN032-1.p","Unsatisfiable","0.00 v2.0.0","Unsatisfiable",0.010679
result,"SYN033-1.p","Unsatisfiable","0.00 v2.0.0","Unsatisfiable",0.013909
result,"SYN034-1.p","Unsatisfiable","0.00 v2.0.0","Unsatisfiable",0.008554
result,"SYN035-1.p","Unsatisfiable","0.06 v9.1.0","Unsatisfiable",0.010436
result,"SYN036+1.p","Theorem","0.05 v9.1.0","Timeout",3.032481
result,"SYN036+2.p","Theorem","0.10 v9.1.0","Timeout",3.030299
result,"SYN036-1.p","Unsatisfiable","0.23 v9.1.0","Timeout",3.012242
result,"SYN036-2.p","Satisfiable","0.00 v3.5.0","Timeout",3.013329
result,"SYN036-3.p","Unsatisfiable","0.08 v9.1.0","Timeout",3.009510
result,"SYN036-4.p","Unsatisfiable","0.15 v9.1.0","Timeout",3.009977
result,"SYN036^5.p","Theorem","0.25 v8.2.0","Error",0.007398
result,"SYN036^7.p","Theorem","1.00 v7.1.0","Error",0.006522
result,"SYN037-1.p","Unsatisfiable","0.08 v9.1.0","Timeout",3.008537
result,"SYN037-2.p","Unsatisfiable","0.08 v9.1.0","Timeout",3.009438
result,"SYN038-1.p","Unsatisfiable","0.08 v9.1.0","Unsatisfiable",0.054296
result,"SYN039-1.p","Unsatisfiable","0.08 v9.1.0","Unsatisfiable",2.728187
result,"SYN040+1.p","Theorem","0.00 v2.1.0","Unsatisfiable",0.008166
result,"SYN040-1.p","Unsatisfiable","0.00 v2.0.0","Unsatisfiable",0.008358
result,"SYN040^4.p","CounterSatisfiable","0.67 v9.0.0","Error",0.006587
result,"SYN041+1.p","Theorem","0.00 v2.3.0","Unsatisfiable",0.007583
result,"SYN041-1.p","Unsatisfiable","0.00 v2.0.0","Unsatisfiable",0.006879
result,"SYN041^4.p","Theorem","0.11 v9.1.0","Error",0.007332
result,"SYN044+1.p","Theorem","0.00 v2.1.0","Unsatisfiable",0.008205
result,"SYN044-1.p","Unsatisfiable","0.00 v2.0.0","Unsatisfiable",0.009549
result,"SYN044^4.p","Theorem","0.11 v9.1.0","Error",0.006908
result,"SYN045+1.p","Theorem","0.00 v2.1.0","Unsatisfiable",0.007622
result,"SYN045-1.p","Unsatisfiable","0.00 v2.0.0","Unsatisfiable",0.006677
result,"SYN045^4.p","Theorem","0.11 v9.1.0","Error",0.006796
result,"SYN045^7.p","Theorem","0.11 v9.1.0","Error",0.006033
result,"SYN046+1.p","Theorem","0.00 v2.1.0","Unsatisfiable",0.006702
result,"SYN046-1.p","Unsatisfiable","0.00 v2.0.0","Unsatisfiable",0.006905
result,"SYN046^4.p","CounterSatisfiable","0.67 v9.0.0","Error",0.006476
result,"SYN047+1.p","Theorem","0.00 v4.1.0","Unsatisfiable",0.008499
result,"SYN047-1.p","Unsatisfiable","0.00 v2.0.0","Unsatisfiable",0.007696
result,"SYN047^4.p","CounterSatisfiable","0.67 v9.0.0","Error",0.006824
result,"SYN048+1.p","Theorem","0.00 v5.3.0","Unsatisfiable",0.006761
result,"SYN048-1.p","Unsatisfiable","0.06 v9.1.0","Unsatisfiable",0.006717
result,"SYN049+1.p","Theorem","0.00 v9.1.0","Unsatisfiable",0.006645
result,"SYN049-1.p","Unsatisfiable","0.00 v5.3.0","Unsatisfiable",0.006653
result,"SYN049^5.p","Theorem","0.08 v9.1.0","Error",0.006719
result,"SYN050+1.p","Theorem","0.00 v9.1.0","Unsatisfiable",0.007231
result,"SYN050-1.p","Unsatisfiable","0.06 v9.1.0","Unsatisfiable",0.007808
result,"SYN051+1.p","Theorem","0.00 v5.4.0","Unsatisfiable",0.007040
result,"SYN051-1.p","Unsatisfiable","0.00 v2.0.0","Unsatisfiable",0.007555
result,"SYN051^5.p","Theorem","0.08 v9.1.0","Error",0.006668
result,"SYN052+1.p","Theorem","0.00 v5.3.0","Unsatisfiable",0.007448
result,"SYN052-1.p","Unsatisfiable","0.00 v2.0.0","Unsatisfiable",0.007034
result,"SYN052^7.p","Theorem","0.11 v9.1.0","Error",0.006594
result,"SYN053+1.p","Theorem","0.00 v5.3.0","Unsatisfiable",0.007690
result,"SYN053-1.p","Unsatisfiable","0.00 v2.1.0","Unsatisfiable",0.007752
result,"SYN054+1.p","Theorem","0.00 v5.3.0","Unsatisfiable",0.008785
result,"SYN054-1.p","Unsatisfiable","0.00 v2.0.0","Unsatisfiable",0.009389
result,"SYN055+1.p","ContradictoryAxioms","0.00 v8.1.0","Unsatisfiable",0.007901
result,"SYN055-1.p","Unsatisfiable","0.00 v2.0.0","Unsatisfiable",0.014701
result,"SYN055^5.p","Theorem","0.08 v9.1.0","Error",0.006893
result,"SYN056+1.p","Theorem","0.00 v5.3.0","Unsatisfiable",0.219161
result,"SYN056-1.p","Satisfiable","0.00 v2.1.0","Timeout",3.008483
result,"SYN056^5.p","Theorem","0.08 v9.1.0","Error",0.008111
result,"SYN057+1.p","Theorem","0.00 v5.3.0","Unsatisfiable",0.015416
result,"SYN057-1.p","Unsatisfiable","0.00 v2.0.0","Unsatisfiable",0.015263
result,"SYN057^5.p","Theorem","0.00 v6.2.0","Error",0.006733
result,"SYN058+1.p","Theorem","0.00 v5.3.0","Unsatisfiable",0.008650
result,"SYN058-1.p","Unsatisfiable","0.00 v2.0.0","Unsatisfiable",0.008746
result,"SYN058^5.p","Theorem","0.00 v6.2.0","Error",0.005687
result,"SYN059+1.p","Theorem","0.00 v2.1.0","Unsatisfiable",0.108600
result,"SYN059-1.p","Satisfiable","0.00 v2.2.0","Timeout",3.008572
result,"SYN059^5.p","Theorem","0.08 v9.1.0","Error",0.007277
result,"SYN060+1.p","Theorem","0.00 v5.3.0","Unsatisfiable",0.008720
result,"SYN060-1.p","Unsatisfiable","0.00 v2.0.0","Unsatisfiable",0.008075
result,"SYN061+1.p","Theorem","0.00 v4.1.0","Unsatisfiable",0.007867
result,"SYN061-1.p","Unsatisfiable","0.00 v2.0.0","Unsatisfiable",0.007289
result,"SYN062+1.p","Theorem","0.00 v5.3.0","Unsatisfiable",0.009483
result,"SYN062-1.p","Unsatisfiable","0.00 v2.0.0","Unsatisfiable",0.008976
result,"SYN063+1.p","Theorem","0.00 v5.5.0","Unsatisfiable",0.013501
result,"SYN063-1.p","Unsatisfiable","0.00 v2.0.0","Unsatisfiable",0.010940
result,"SYN063-2.p","Unsatisfiable","0.00 v2.0.0","Unsatisfiable",0.007058
result,"SYN064+1.p","Theorem","0.00 v5.5.0","Unsatisfiable",0.007149
result,"SYN064-1.p","Unsatisfiable","0.06 v9.1.0","Unsatisfiable",0.006242
result,"SYN064^5.p","Theorem","0.08 v9.1.0","Error",0.006009
result,"SYN065+1.p","Theorem","0.00 v6.3.0","Unsatisfiable",0.008351
result,"SYN065-1.p","Unsatisfiable","0.00 v6.1.0","Unsatisfiable",0.008643
result,"SYN066+1.p","Theorem","0.05 v9.1.0","Unsatisfiable",0.008771
result,"SYN066-1.p","Unsatisfiable","0.00 v7.1.0","Unsatisfiable",0.008864
result,"SYN067+1.p","Theorem","0.15 v9.1.0","Timeout",3.010011
result,"SYN067-1.p","Unsatisfiable","0.31 v9.1.0","Timeout",3.010953
result,"SYN067-2.p","Unsatisfiable","0.31 v9.1.0","Timeout",3.011604
result,"SYN067-3.p","Unsatisfiable","0.15 v9.1.0","Timeout",3.010504
result,"SYN068+1.p","Theorem","0.00 v5.3.0","Unsatisfiable",0.010169
result,"SYN068-1.p","Unsatisfiable","0.00 v5.4.0","Unsatisfiable",0.008988
result,"SYN069+1.p","ContradictoryAxioms","0.00 v6.3.0","Unsatisfiable",0.019012
result,"SYN069-1.p","Unsatisfiable","0.00 v2.0.0","Unsatisfiable",0.152663
result,"SYN070+1.p","Theorem","0.00 v5.3.0","Unsatisfiable",0.050855
result,"SYN070-1.p","Unsatisfiable","0.00 v6.3.0","Unsatisfiable",0.166538
result,"SYN071+1.p","Theorem","0.00 v5.3.0","Unsatisfiable",0.012066
result,"SYN071-1.p","Unsatisfiable","0.00 v6.1.0","Unsatisfiable",0.015161
result,"SYN072+1.p","Theorem","0.00 v5.3.0","Unsatisfiable",0.014005
result,"SYN072-1.p","Unsatisfiable","0.00 v6.1.0","Unsatisfiable",0.016096
result,"SYN073+1.p","Theorem","0.00 v9.1.0","Unsatisfiable",0.009492
result,"SYN073-1.p","Unsatisfiable","0.00 v2.0.0","Unsatisfiable",0.007884
result,"SYN074+1.p","Theorem","0.18 v9.1.0","Unsatisfiable",2.553581
result,"SYN074-1.p","Unsatisfiable","0.05 v9.1.0","Unsatisfiable",2.163891
result,"SYN075+1.p","Theorem","0.18 v9.1.0","Timeout",3.010351
result,"SYN075-1.p","Unsatisfiable","0.05 v9.0.0","Timeout",3.009854
result,"SYN076+1.p","Theorem","0.82 v9.1.0","Unsatisfiable",0.032051
result,"SYN076-1.p","Unsatisfiable","0.82 v9.1.0","Unsatisfiable",0.029658
result,"SYN077+1.p","Theorem","0.18 v9.1.0","Unsatisfiable",0.024805
result,"SYN077-1.p","Unsatisfiable","0.09 v9.1.0","Unsatisfiable",0.024771
result,"SYN078+1.p","Theorem","0.06 v9.0.0","Unsatisfiable",0.068892
result,"SYN078-1.p","Satisfiable","0.12 v9.1.0","Timeout",3.011033
result,"SYN079+1.p","Theorem","0.00 v5.3.0","Unsatisfiable",0.010431
result,"SYN079-1.p","Unsatisfiable","0.00 v5.3.0","Unsatisfiable",0.008534
result,"SYN080+1.p","Theorem","0.00 v6.3.0","Unsatisfiable",0.007768
result,"SYN080-1.p","Unsatisfiable","0.04 v9.1.0","Unsatisfiable",0.006672
result,"SYN081+1.p","Theorem","0.00 v9.1.0","Unsatisfiable",0.007848
result,"SYN081-1.p","Unsatisfiable","0.00 v6.3.0","Unsatisfiable",0.008302
result,"SYN082+1.p","Theorem","0.00 v9.1.0","Unsatisfiable",0.014429
result,"SYN082-1.p","Unsatisfiable","0.00 v7.1.0","Unsatisfiable",0.013104
result,"SYN083+1.p","Theorem","0.09 v9.1.0","Unsatisfiable",0.007670
result,"SYN083-1.p","Unsatisfiable","0.04 v9.1.0","Unsatisfiable",0.007448
result,"SYN084+1.p","Theorem","0.00 v9.1.0","Unsatisfiable",0.171442
result,"SYN084-1.p","Satisfiable","0.00 v5.4.0","Timeout",3.009558
result,"SYN084-2.p","Unsatisfiable","0.00 v2.0.0","Unsatisfiable",0.043394
result,"SYN085-1.010.p","Unsatisfiable","0.33 v5.5.0","Unsatisfiable",0.018512
result,"SYN086-1.003.p","Satisfiable","0.00 v2.1.0","GaveUp",0.067697
result,"SYN087-1.003.p","Satisfiable","0.00 v2.1.0","GaveUp",0.223255
result,"SYN088-1.010.p","Unsatisfiable","0.00 v2.1.0","Unsatisfiable",0.051294
result,"SYN089-1.002.p","Unsatisfiable","0.33 v5.5.0","Unsatisfiable",0.007798
result,"SYN090-1.008.p","Unsatisfiable","0.33 v5.5.0","Unsatisfiable",0.179133
result,"SYN091-1.003.p","Satisfiable","0.00 v2.1.0","GaveUp",0.136085
result,"SYN092-1.003.p","Satisfiable","0.00 v2.1.0","GaveUp",0.611714
result,"SYN093-1.002.p","Unsatisfiable","0.33 v5.5.0","Unsatisfiable",0.020629
result,"SYN094-1.005.p","Unsatisfiable","0.33 v5.5.0","Unsatisfiable",0.770538
result,"SYN095-1.002.p","Unsatisfiable","0.00 v2.1.0","Unsatisfiable",0.010931
result,"SYN096-1.008.p","Unsatisfiable","0.00 v2.1.0","Unsatisfiable",0.611534
result,"SYN097-1.002.p","Unsatisfiable","0.33 v5.5.0","Unsatisfiable",0.039349
result,"SYN098-1.002.p","Unsatisfiable","0.33 v5.5.0","Unsatisfiable",0.089807
result,"SYN099-1.003.p","Unsatisfiable","0.00 v2.1.0","Unsatisfiable",0.041881
result,"SYN100-1.005.p","Unsatisfiable","0.00 v2.1.0","Unsatisfiable",0.206604
result,"SYN101-1.002.002.p","Unsatisfiable","0.00 v2.1.0","Unsatisfiable",0.014358
result,"SYN102-1.007.007.p","Unsatisfiable","0.00 v2.3.0","Timeout",3.010392
result,"SYN103-1.p","Unsatisfiable","0.00 v7.3.0","Unsatisfiable",0.021110
result,"SYN104-1.p","Unsatisfiable","0.00 v7.3.0","Unsatisfiable",0.017774
result,"SYN105-1.p","Unsatisfiable","0.00 v7.3.0","Unsatisfiable",0.020847
result,"SYN106-1.p","Unsatisfiable","0.00 v7.3.0","Unsatisfiable",0.019927
result,"SYN107-1.p","Unsatisfiable","0.00 v7.3.0","Unsatisfiable",0.582211
result,"SYN108-1.p","Unsatisfiable","0.00 v7.3.0","Unsatisfiable",0.609003
result,"SYN109-1.p","Unsatisfiable","0.00 v7.3.0","Timeout",3.013533
result,"SYN110-1.p","Unsatisfiable","0.00 v7.3.0","Timeout",3.013728
result,"SYN111-1.p","Unsatisfiable","0.00 v7.3.0","Timeout",3.013872
result,"SYN112-1.p","Unsatisfiable","0.00 v7.3.0","Unsatisfiable",0.171343
result,"SYN113-1.p","Unsatisfiable","0.00 v7.3.0","Timeout",3.012464
result,"SYN114-1.p","Unsatisfiable","0.00 v7.3.0","Unsatisfiable",0.331704
result,"SYN115-1.p","Unsatisfiable","0.00 v7.3.0","Timeout",3.013176
result,"SYN116-1.p","Unsatisfiable","0.00 v7.3.0","Timeout",3.012831
result,"SYN116-10.p","Unsatisfiable","0.09 v9.1.0","Error",0.048191
result,"SYN117-1.p","Unsatisfiable","0.00 v7.3.0","Timeout",3.012702
result,"SYN118-1.p","Unsatisfiable","0.00 v7.3.0","Unsatisfiable",0.015252
result,"SYN119-1.p","Unsatisfiable","0.00 v7.3.0","Unsatisfiable",0.015441
result,"SYN120-1.p","Unsatisfiable","0.00 v7.3.0","Unsatisfiable",0.029505
result,"SYN121-1.p","Unsatisfiable","0.00 v7.3.0","Timeout",3.011602
result,"SYN122-1.p","Unsatisfiable","0.00 v7.3.0","Timeout",3.013243
result,"SYN123-1.p","Unsatisfiable","0.00 v7.3.0","Timeout",3.013176
result,"SYN124-1.p","Unsatisfiable","0.00 v7.3.0","Unsatisfiable",1.612350
result,"SYN125-1.p","Unsatisfiable","0.00 v7.3.0","Timeout",3.014754
result,"SYN126-1.p","Unsatisfiable","0.00 v7.3.0","Unsatisfiable",0.979308
result,"SYN127-1.p","Unsatisfiable","0.00 v7.3.0","Unsatisfiable",0.959745
result,"SYN128-1.p","Unsatisfiable","0.00 v7.3.0","Timeout",3.015368
result,"SYN129-1.p","Unsatisfiable","0.00 v7.3.0","Timeout",3.016397
result,"SYN130-1.p","Unsatisfiable","0.00 v7.3.0","Unsatisfiable",0.023042
result,"SYN131-1.p","Unsatisfiable","0.00 v7.3.0","Unsatisfiable",0.020319
result,"SYN132-1.p","Unsatisfiable","0.00 v7.3.0","Unsatisfiable",0.019068
result,"SYN133-1.p","Unsatisfiable","0.00 v7.3.0","Unsatisfiable",0.019034
result,"SYN134-1.p","Unsatisfiable","0.00 v7.3.0","Unsatisfiable",0.734401
result,"SYN135-1.p","Unsatisfiable","0.00 v7.3.0","Unsatisfiable",0.442972
result,"SYN136-1.p","Unsatisfiable","0.00 v7.3.0","Unsatisfiable",0.483355
result,"SYN137-1.p","Unsatisfiable","0.00 v7.3.0","Timeout",3.014841
result,"SYN138-1.p","Unsatisfiable","0.00 v7.3.0","Timeout",3.013597
result,"SYN139-1.p","Unsatisfiable","0.00 v7.3.0","Timeout",3.016358
result,"SYN140-1.p","Unsatisfiable","0.00 v7.3.0","Timeout",3.013984
result,"SYN141-1.p","Unsatisfiable","0.00 v7.3.0","Timeout",3.014945
result,"SYN142-1.p","Unsatisfiable","0.00 v7.3.0","Timeout",3.015353
result,"SYN143-1.p","Unsatisfiable","0.00 v7.3.0","Timeout",3.014748
result,"SYN143-10.p","Unsatisfiable","0.13 v9.1.0","Error",0.042804
result,"SYN144-1.p","Unsatisfiable","0.00 v7.3.0","Timeout",3.014281
result,"SYN145-1.p","Unsatisfiable","0.00 v7.3.0","Unsatisfiable",0.018970
result,"SYN146-1.p","Unsatisfiable","0.00 v7.3.0","Unsatisfiable",0.070297
result,"SYN147-1.p","Unsatisfiable","0.00 v7.3.0","Unsatisfiable",0.084662
result,"SYN148-1.p","Unsatisfiable","0.00 v7.3.0","Timeout",3.018213
result,"SYN149-1.p","Unsatisfiable","0.00 v7.3.0","Unsatisfiable",0.089570
result,"SYN150-1.p","Unsatisfiable","0.00 v7.3.0","Unsatisfiable",0.179457
result,"SYN151-1.p","Unsatisfiable","0.00 v7.3.0","Unsatisfiable",0.176186
result,"SYN152-1.p","Unsatisfiable","0.00 v7.3.0","Unsatisfiable",0.176363
result,"SYN153-1.p","Unsatisfiable","0.00 v7.3.0","Unsatisfiable",0.492749
result,"SYN154-1.p","Unsatisfiable","0.00 v7.3.0","Unsatisfiable",0.534976
result,"SYN155-1.p","Unsatisfiable","0.00 v7.3.0","Timeout",3.015600
result,"SYN156-1.p","Unsatisfiable","0.00 v7.3.0","Timeout",3.016508
result,"SYN157-1.p","Unsatisfiable","0.00 v7.3.0","Timeout",3.014888
result,"SYN158-1.p","Unsatisfiable","0.00 v7.3.0","Timeout",3.013382
result,"SYN159-1.p","Unsatisfiable","0.00 v7.3.0","Timeout",3.014925
result,"SYN160-1.p","Unsatisfiable","0.00 v7.3.0","Timeout",3.014875
result,"SYN161-1.p","Unsatisfiable","0.00 v7.3.0","Timeout",3.013758
result,"SYN162-1.p","Unsatisfiable","0.00 v7.3.0","Timeout",3.013258
result,"SYN163-1.p","Unsatisfiable","0.00 v7.3.0","Timeout",3.014280
result,"SYN164-1.p","Unsatisfiable","0.00 v7.3.0","Unsatisfiable",0.016435
result,"SYN165-1.p","Unsatisfiable","0.00 v7.3.0","Unsatisfiable",0.140535
result,"SYN166-1.p","Unsatisfiable","0.00 v7.3.0","Timeout",3.016931
result,"SYN167-1.p","Unsatisfiable","0.00 v7.3.0","Unsatisfiable",0.168499
result,"SYN168-1.p","Unsatisfiable","0.00 v7.3.0","Unsatisfiable",0.928529
result,"SYN169-1.p","Unsatisfiable","0.00 v7.3.0","Unsatisfiable",0.917114
result,"SYN170-1.p","Unsatisfiable","0.00 v7.3.0","Unsatisfiable",2.868642
result,"SYN170-10.p","Unsatisfiable","0.09 v8.2.0","Error",0.049853
result,"SYN171-1.p","Unsatisfiable","0.00 v7.3.0","Timeout",3.014755
result,"SYN172-1.p","Unsatisfiable","0.00 v7.3.0","Unsatisfiable",0.016763
result,"SYN173-1.p","Unsatisfiable","0.00 v7.3.0","Timeout",3.013430
result,"SYN174-1.p","Unsatisfiable","0.00 v7.3.0","Timeout",3.014691
result,"SYN175-1.p","Unsatisfiable","0.00 v7.3.0","Unsatisfiable",1.191662
result,"SYN176-1.p","Unsatisfiable","0.00 v7.3.0","Timeout",3.015283
result,"SYN177-1.p","Unsatisfiable","0.00 v7.3.0","Timeout",3.014904
result,"SYN178-1.p","Unsatisfiable","0.00 v7.3.0","Timeout",3.015216
result,"SYN179-1.p","Unsatisfiable","0.00 v7.3.0","Timeout",3.013962
result,"SYN180-1.p","Unsatisfiable","0.00 v7.3.0","Timeout",3.013722
result,"SYN181-1.p","Unsatisfiable","0.00 v7.3.0","Timeout",3.013178
result,"SYN182-1.p","Unsatisfiable","0.00 v7.3.0","Unsatisfiable",0.925614
result,"SYN183-1.p","Unsatisfiable","0.00 v7.3.0","Unsatisfiable",0.936741
result,"SYN184-1.p","Unsatisfiable","0.00 v7.3.0","Unsatisfiable",0.016135
result,"SYN185-1.p","Unsatisfiable","0.00 v7.3.0","Unsatisfiable",0.013348
result,"SYN186-1.p","Unsatisfiable","0.00 v7.3.0","Timeout",3.013077
result,"SYN187-1.p","Unsatisfiable","0.00 v7.3.0","Timeout",3.014995
result,"SYN188-1.p","Unsatisfiable","0.00 v7.3.0","Timeout",3.016178
result,"SYN189-1.p","Unsatisfiable","0.00 v7.3.0","Timeout",3.014365
result,"SYN190-1.p","Unsatisfiable","0.00 v7.3.0","Timeout",3.013554
result,"SYN191-1.p","Unsatisfiable","0.00 v7.3.0","Timeout",3.014184
result,"SYN192-1.p","Unsatisfiable","0.00 v7.3.0","Timeout",3.014960
result,"SYN193-1.p","Unsatisfiable","0.00 v7.3.0","Timeout",3.014169
result,"SYN193-10.p","Unsatisfiable","0.09 v9.1.0","Timeout",1.303161
result,"SYN194-1.p","Unsatisfiable","0.00 v7.3.0","Timeout",3.014637
result,"SYN195-1.p","Unsatisfiable","0.00 v7.3.0","Timeout",3.013878
result,"SYN196-1.p","Unsatisfiable","0.00 v7.3.0","Unsatisfiable",0.641697
result,"SYN197-1.p","Unsatisfiable","0.00 v7.3.0","Unsatisfiable",0.058477
result,"SYN198-1.p","Unsatisfiable","0.00 v7.3.0","Unsatisfiable",0.670985
result,"SYN199-1.p","Unsatisfiable","0.00 v7.3.0","Unsatisfiable",0.589525
result,"SYN200-1.p","Unsatisfiable","0.00 v7.3.0","Unsatisfiable",0.674630
result,"SYN201-1.p","Unsatisfiable","0.00 v7.3.0","Unsatisfiable",1.333201
result,"SYN202-1.p","Unsatisfiable","0.00 v7.3.0","Timeout",3.012368
result,"SYN203-1.p","Unsatisfiable","0.00 v7.3.0","Timeout",3.014177
result,"SYN204-1.p","Unsatisfiable","0.00 v7.3.0","Timeout",3.017948
result,"SYN205-1.p","Unsatisfiable","0.00 v7.3.0","Timeout",3.013803
result,"SYN206-1.p","Unsatisfiable","0.00 v7.3.0","Timeout",3.016179
result,"SYN207-1.p","Unsatisfiable","0.00 v7.3.0","Timeout",3.012835
result,"SYN208-1.p","Unsatisfiable","0.00 v7.3.0","Timeout",3.014486
result,"SYN209-1.p","Unsatisfiable","0.00 v7.3.0","Timeout",3.015170
result,"SYN210-1.p","Unsatisfiable","0.00 v7.3.0","Timeout",3.012922
result,"SYN211-1.p","Unsatisfiable","0.00 v7.3.0","Timeout",3.012126
result,"SYN212-1.p","Unsatisfiable","0.00 v7.3.0","Timeout",3.013964
result,"SYN213-1.p","Unsatisfiable","0.00 v7.3.0","Timeout",3.014322
result,"SYN214-1.p","Unsatisfiable","0.00 v7.3.0","Timeout",3.012610
result,"SYN214-10.p","Unsatisfiable","0.09 v9.1.0","Timeout",1.203028
result,"SYN215-1.p","Unsatisfiable","0.00 v7.3.0","Timeout",3.013501
result,"SYN216-1.p","Unsatisfiable","0.00 v7.3.0","Timeout",3.013869
result,"SYN217-1.p","Unsatisfiable","0.00 v7.3.0","Timeout",3.015291
result,"SYN218-1.p","Unsatisfiable","0.00 v7.3.0","Timeout",3.014399
result,"SYN219-1.p","Unsatisfiable","0.00 v7.3.0","Timeout",3.013279
result,"SYN220-1.p","Unsatisfiable","0.00 v7.3.0","Unsatisfiable",1.503169
result,"SYN221-1.p","Unsatisfiable","0.00 v7.3.0","Unsatisfiable",1.519194
result,"SYN222-1.p","Unsatisfiable","0.00 v7.3.0","Unsatisfiable",1.645876
result,"SYN223-1.p","Unsatisfiable","0.00 v7.3.0","Unsatisfiable",1.499060
result,"SYN224-1.p","Unsatisfiable","0.00 v7.3.0","Unsatisfiable",1.566915
result,"SYN225-1.p","Unsatisfiable","0.00 v7.3.0","Timeout",3.014360
result,"SYN226-1.p","Unsatisfiable","0.00 v7.3.0","Unsatisfiable",1.488652
result,"SYN227-1.p","Unsatisfiable","0.00 v7.3.0","Timeout",3.014021
result,"SYN228-1.p","Unsatisfiable","0.00 v7.3.0","Unsatisfiable",1.627516
result,"SYN229-1.p","Unsatisfiable","0.00 v7.3.0","Unsatisfiable",1.659442
result,"SYN230-1.p","Unsatisfiable","0.00 v7.3.0","Unsatisfiable",1.562533
result,"SYN231-1.p","Unsatisfiable","0.00 v7.3.0","Unsatisfiable",1.520622
result,"SYN232-1.p","Unsatisfiable","0.00 v7.3.0","Unsatisfiable",1.537974
result,"SYN233-1.p","Unsatisfiable","0.00 v7.3.0","Unsatisfiable",1.519022
result,"SYN234-1.p","Unsatisfiable","0.00 v7.3.0","Timeout",3.014251
result,"SYN235-1.p","Unsatisfiable","0.00 v7.3.0","Unsatisfiable",2.102211
result,"SYN236-1.p","Unsatisfiable","0.00 v7.3.0","Unsatisfiable",1.480308
result,"SYN237-1.p","Unsatisfiable","0.00 v7.3.0","Unsatisfiable",0.039492
result,"SYN238-1.p","Unsatisfiable","0.00 v7.3.0","Unsatisfiable",0.042080
result,"SYN239-1.p","Unsatisfiable","0.00 v7.3.0","Unsatisfiable",0.039910
result,"SYN240-1.p","Unsatisfiable","0.00 v7.3.0","Unsatisfiable",0.040243
result,"SYN241-1.p","Unsatisfiable","0.00 v7.3.0","Unsatisfiable",0.039590
result,"SYN242-1.p","Unsatisfiable","0.00 v7.3.0","Unsatisfiable",0.040933
result,"SYN243-1.p","Unsatisfiable","0.00 v7.3.0","Timeout",3.014278
result,"SYN244-1.p","Unsatisfiable","0.00 v7.3.0","Unsatisfiable",0.042491
result,"SYN245-1.p","Unsatisfiable","0.00 v7.3.0","Unsatisfiable",0.041260
result,"SYN246-1.p","Unsatisfiable","0.00 v7.3.0","Unsatisfiable",0.061390
result,"SYN247-1.p","Unsatisfiable","0.00 v7.3.0","Unsatisfiable",0.040887
result,"SYN248-1.p","Unsatisfiable","0.00 v7.3.0","Timeout",3.013279
result,"SYN249-1.p","Unsatisfiable","0.00 v7.3.0","Timeout",3.014270
result,"SYN250-1.p","Unsatisfiable","0.00 v7.3.0","Timeout",3.013737
result,"SYN251-1.p","Unsatisfiable","0.00 v7.3.0","Timeout",3.014360
result,"SYN252-1.p","Unsatisfiable","0.00 v7.3.0","Timeout",3.014769
result,"SYN253-1.p","Unsatisfiable","0.00 v7.3.0","Timeout",3.014250
result,"SYN254-1.p","Unsatisfiable","0.00 v7.3.0","Timeout",3.014772
result,"SYN255-1.p","Unsatisfiable","0.00 v7.3.0","Unsatisfiable",0.175839
result,"SYN256-1.p","Unsatisfiable","0.00 v7.3.0","Unsatisfiable",0.184867
result,"SYN257-1.p","Unsatisfiable","0.00 v7.3.0","Unsatisfiable",0.017694
result,"SYN258-1.p","Unsatisfiable","0.00 v7.3.0","Unsatisfiable",0.185475
result,"SYN259-1.p","Unsatisfiable","0.00 v7.3.0","Unsatisfiable",0.178342
result,"SYN260-1.p","Unsatisfiable","0.00 v7.3.0","Unsatisfiable",0.169055
result,"SYN261-1.p","Unsatisfiable","0.00 v7.3.0","Unsatisfiable",0.104977
result,"SYN262-1.p","Unsatisfiable","0.00 v7.3.0","Timeout",3.013301
result,"SYN263-1.p","Unsatisfiable","0.00 v7.3.0","Timeout",3.016263
result,"SYN264-1.p","Unsatisfiable","0.00 v7.3.0","Timeout",3.014696
result,"SYN265-1.p","Unsatisfiable","0.00 v7.3.0","Unsatisfiable",0.877351
result,"SYN266-1.p","Unsatisfiable","0.00 v7.3.0","Timeout",3.015526
result,"SYN267-1.p","Unsatisfiable","0.00 v7.3.0","Unsatisfiable",2.561762
result,"SYN268-1.p","Unsatisfiable","0.00 v7.3.0","Unsatisfiable",2.761356
result,"SYN269-1.p","Unsatisfiable","0.00 v7.3.0","Timeout",3.015576
result,"SYN270-1.p","Unsatisfiable","0.00 v7.3.0","Timeout",3.013872
result,"SYN271-1.p","Unsatisfiable","0.00 v7.3.0","Timeout",3.015539
result,"SYN272-1.p","Unsatisfiable","0.00 v7.3.0","Timeout",3.013281
result,"SYN273-1.p","Unsatisfiable","0.00 v7.3.0","Timeout",3.018326
result,"SYN274-1.p","Unsatisfiable","0.00 v7.3.0","Unsatisfiable",0.017422
result,"SYN275-1.p","Unsatisfiable","0.00 v7.3.0","Unsatisfiable",0.016325
result,"SYN276-1.p","Unsatisfiable","0.00 v7.3.0","Unsatisfiable",0.017201
result,"SYN277-1.p","Unsatisfiable","0.00 v7.3.0","Unsatisfiable",0.113793
result,"SYN278-1.p","Unsatisfiable","0.00 v7.3.0","Unsatisfiable",0.140765
result,"SYN279-1.p","Unsatisfiable","0.00 v7.3.0","Timeout",3.014519
result,"SYN280-1.p","Unsatisfiable","0.00 v7.3.0","Unsatisfiable",0.128774
result,"SYN281-1.p","Unsatisfiable","0.00 v7.3.0","Unsatisfiable",0.308275
result,"SYN282-1.p","Unsatisfiable","0.00 v7.3.0","Unsatisfiable",0.120768
result,"SYN283-1.p","Unsatisfiable","0.00 v7.3.0","Timeout",3.013478
result,"SYN284-1.p","Unsatisfiable","0.00 v7.3.0","Timeout",3.014322
result,"SYN285-1.p","Unsatisfiable","0.00 v7.3.0","Timeout",3.012812
result,"SYN286-1.p","Unsatisfiable","0.00 v7.3.0","Timeout",3.014510
result,"SYN287-1.p","Unsatisfiable","0.00 v7.3.0","Unsatisfiable",0.141254
result,"SYN288-1.p","Unsatisfiable","0.00 v7.3.0","Unsatisfiable",0.132765
result,"SYN289-1.p","Unsatisfiable","0.00 v7.3.0","Timeout",3.015912
result,"SYN290-1.p","Unsatisfiable","0.00 v7.3.0","Unsatisfiable",0.315822
result,"SYN291-1.p","Unsatisfiable","0.00 v7.3.0","Unsatisfiable",0.128012
result,"SYN292-1.p","Unsatisfiable","0.00 v7.3.0","Unsatisfiable",0.312072
result,"SYN293-1.p","Unsatisfiable","0.00 v7.3.0","Timeout",3.013431
result,"SYN294-1.p","Unsatisfiable","0.00 v7.3.0","Timeout",3.014082
result,"SYN295-1.p","Unsatisfiable","0.00 v7.3.0","Unsatisfiable",0.131235
result,"SYN296-1.p","Unsatisfiable","0.00 v7.3.0","Timeout",3.013715
result,"SYN297-1.p","Unsatisfiable","0.00 v7.3.0","Unsatisfiable",0.150684
result,"SYN298-1.p","Unsatisfiable","0.00 v7.3.0","Timeout",3.015060
result,"SYN299-1.p","Unsatisfiable","0.00 v7.3.0","Timeout",3.013868
result,"SYN300-1.p","Unsatisfiable","0.00 v7.3.0","Timeout",3.014397
result,"SYN301-1.p","Unsatisfiable","0.00 v7.3.0","Timeout",3.016552
result,"SYN302-1.003.p","Satisfiable","0.00 v2.1.0","Timeout",3.010166
result,"SYN303-1.p","Satisfiable","0.00 v8.2.0","Timeout",3.010005
result,"SYN303-10.p","Satisfiable","0.60 v9.1.0","GaveUp",0.008902
result,"SYN304-1.p","Satisfiable","0.00 v3.1.0","GaveUp",0.009199
result,"SYN305-1.p","Satisfiable","0.60 v9.1.0","GaveUp",0.007114
result,"SYN306-1.p","Satisfiable","0.00 v5.4.0","Timeout",3.012813
result,"SYN307-1.p","Satisfiable","0.00 v7.3.0","Timeout",3.010493
result,"SYN308-1.p","Satisfiable","0.00 v3.1.0","GaveUp",0.009657
result,"SYN309-1.p","Satisfiable","0.00 v3.1.0","GaveUp",0.008119
result,"SYN310-1.p","Unsatisfiable","0.00 v5.5.0","Unsatisfiable",2.680670
result,"SYN311-1.p","Unsatisfiable","0.06 v9.1.0","Timeout",3.010735
result,"SYN312-1.p","Unsatisfiable","0.12 v9.1.0","Timeout",3.011195
result,"SYN313-1.001.002.p","Unsatisfiable","0.08 v9.1.0","Unsatisfiable",1.401489
result,"SYN314-1.002.001.p","Unsatisfiable","0.85 v9.1.0","Timeout",3.010987
result,"SYN315+1.p","Theorem","0.00 v5.3.0","Unsatisfiable",0.010962
result,"SYN315-1.p","Unsatisfiable","0.00 v2.0.0","Unsatisfiable",0.008845
result,"SYN316+1.p","CounterSatisfiable","0.00 v5.4.0","Timeout",3.008654
result,"SYN316-1.p","Satisfiable","0.00 v5.4.0","Timeout",3.010046
result,"SYN317+1.p","Theorem","0.00 v4.1.0","Unsatisfiable",0.012425
result,"SYN317-1.p","Satisfiable","0.00 v2.0.0","GaveUp",0.007819
result,"SYN318+1.p","Theorem","0.05 v9.1.0","Unsatisfiable",0.007329
result,"SYN318-1.p","Unsatisfiable","0.00 v2.0.0","Unsatisfiable",0.007381
result,"SYN319+1.p","Theorem","0.05 v9.1.0","Unsatisfiable",0.007577
result,"SYN319-1.p","Unsatisfiable","0.00 v7.1.0","Unsatisfiable",0.009224
result,"SYN320+1.p","CounterSatisfiable","0.00 v5.4.0","GaveUp",0.007696
result,"SYN320-1.p","Satisfiable","0.00 v3.1.0","GaveUp",0.008102
result,"SYN321+1.p","Theorem","0.10 v9.1.0","Unsatisfiable",0.009142
result,"SYN321-1.p","Unsatisfiable","0.00 v5.5.0","Unsatisfiable",0.008672
result,"SYN322+1.p","CounterSatisfiable","0.00 v4.1.0","GaveUp",0.007572
result,"SYN322-1.p","Satisfiable","0.00 v2.0.0","GaveUp",0.008069
result,"SYN323+1.p","Theorem","0.00 v5.5.0","Unsatisfiable",0.008770
result,"SYN323-1.p","Unsatisfiable","0.00 v2.0.0","Unsatisfiable",0.007840
result,"SYN324+1.p","CounterSatisfiable","0.00 v5.4.0","Timeout",3.008447
result,"SYN324-1.p","Satisfiable","0.00 v5.4.0","Timeout",3.009681
result,"SYN325+1.p","Theorem","0.05 v9.1.0","Unsatisfiable",0.009858
result,"SYN325-1.p","Unsatisfiable","0.00 v7.1.0","Unsatisfiable",0.008291
result,"SYN326+1.p","Theorem","0.00 v9.1.0","Unsatisfiable",0.008793
result,"SYN326-1.p","Unsatisfiable","0.00 v2.0.0","Unsatisfiable",0.008438
result,"SYN327+1.p","Theorem","0.00 v3.7.0","Unsatisfiable",0.009182
result,"SYN327-1.p","Unsatisfiable","0.00 v7.1.0","Unsatisfiable",0.010523
result,"SYN328+1.p","Theorem","0.00 v9.1.0","Unsatisfiable",0.058687
result,"SYN328-1.p","Unsatisfiable","0.23 v9.1.0","Unsatisfiable",0.131037
result,"SYN329+1.p","CounterSatisfiable","0.00 v5.4.0","GaveUp",0.008675
result,"SYN329-1.p","Satisfiable","0.00 v5.5.0","GaveUp",0.007608
result,"SYN329-10.p","Satisfiable","0.00 v8.2.0","GaveUp",0.007566
result,"SYN330+1.p","CounterSatisfiable","0.00 v9.1.0","Timeout",3.008661
result,"SYN330-1.p","Satisfiable","0.00 v5.4.0","Timeout",3.010084
result,"SYN331+1.p","Theorem","0.00 v9.1.0","Unsatisfiable",0.011488
result,"SYN331-1.p","Unsatisfiable","0.00 v2.0.0","Unsatisfiable",0.009916
result,"SYN332+1.p","Theorem","0.00 v9.1.0","Unsatisfiable",0.295505
result,"SYN332-1.p","Unsatisfiable","0.00 v6.3.0","Unsatisfiable",0.281524
result,"SYN333+1.p","Theorem","0.00 v7.0.0","Unsatisfiable",0.010941
result,"SYN333-1.p","Unsatisfiable","0.06 v9.1.0","Unsatisfiable",0.011474
result,"SYN334+1.p","Theorem","0.05 v9.1.0","Unsatisfiable",0.054621
result,"SYN334-1.p","Unsatisfiable","0.08 v9.1.0","Unsatisfiable",0.068930
result,"SYN335+1.p","CounterSatisfiable","0.67 v9.1.0","Timeout",3.009973
result,"SYN335-1.p","Satisfiable","0.00 v6.3.0","Timeout",3.011147
result,"SYN336+1.p","Theorem","0.00 v9.1.0","Unsatisfiable",0.008311
result,"SYN336-1.p","Unsatisfiable","0.00 v5.3.0","Unsatisfiable",0.007729
result,"SYN337+1.p","CounterSatisfiable","0.00 v4.1.0","GaveUp",0.007324
result,"SYN337-1.p","Satisfiable","0.00 v2.5.0","GaveUp",0.007239
result,"SYN337-10.p","Satisfiable","0.00 v7.3.0","GaveUp",0.008415
result,"SYN338+1.p","Theorem","0.00 v7.0.0","Unsatisfiable",0.006562
result,"SYN338-1.p","Unsatisfiable","0.06 v9.1.0","Unsatisfiable",0.006975
result,"SYN339+1.p","Theorem","0.00 v9.1.0","Unsatisfiable",0.007252
result,"SYN339-1.p","Unsatisfiable","0.00 v5.3.0","Unsatisfiable",0.006824
result,"SYN340+1.p","Theorem","0.05 v9.1.0","Unsatisfiable",0.006337
result,"SYN340-1.p","Unsatisfiable","0.00 v5.3.0","Unsatisfiable",0.007060
result,"SYN341+1.p","Theorem","0.00 v9.1.0","Unsatisfiable",0.007272
result,"SYN341-1.p","Unsatisfiable","0.00 v5.3.0","Unsatisfiable",0.007152
result,"SYN342+1.p","CounterSatisfiable","0.00 v4.1.0","GaveUp",0.007721
result,"SYN342-1.p","Satisfiable","0.00 v2.5.0","GaveUp",0.007192
result,"SYN342-10.p","Satisfiable","0.00 v7.5.0","GaveUp",0.006924
result,"SYN343+1.p","Theorem","0.05 v9.1.0","Unsatisfiable",0.006527
result,"SYN343-1.p","Unsatisfiable","0.00 v2.0.0","Unsatisfiable",0.007042
result,"SYN344+1.p","CounterSatisfiable","0.00 v5.4.0","GaveUp",0.008219
result,"SYN344-1.p","Satisfiable","0.00 v5.5.0","GaveUp",0.009962
result,"SYN345+1.p","Theorem","0.00 v9.1.0","Unsatisfiable",0.012984
result,"SYN345-1.p","Unsatisfiable","0.08 v9.1.0","Unsatisfiable",0.018342
result,"SYN346+1.p","Theorem","0.00 v5.3.0","Unsatisfiable",0.008385
result,"SYN346-1.p","Unsatisfiable","0.00 v5.3.0","Unsatisfiable",0.007275
result,"SYN347+1.p","Theorem","0.00 v9.1.0","Unsatisfiable",0.031000
result,"SYN347-1.p","Unsatisfiable","0.00 v2.0.0","Unsatisfiable",0.031919
result,"SYN348+1.p","CounterSatisfiable","0.00 v6.2.0","GaveUp",0.146676
result,"SYN348-1.p","Satisfiable","0.00 v3.1.0","GaveUp",0.049389
result,"SYN349+1.p","Theorem","0.00 v9.1.0","Unsatisfiable",0.017739
result,"SYN349-1.p","Unsatisfiable","0.08 v9.1.0","Unsatisfiable",0.016405
result,"SYN350+1.p","Theorem","0.00 v9.1.0","Unsatisfiable",0.009306
result,"SYN350-1.p","Unsatisfiable","0.00 v2.0.0","Unsatisfiable",0.014345
result,"SYN351+1.p","Theorem","0.05 v9.1.0","Unsatisfiable",0.011922
result,"SYN351-1.p","Satisfiable","0.00 v5.4.0","Timeout",3.009770
result,"SYN352+1.p","Theorem","0.00 v9.1.0","Unsatisfiable",0.020154
result,"SYN352-1.p","Unsatisfiable","0.00 v7.1.0","Unsatisfiable",0.031678
result,"SYN353+1.p","Theorem","0.45 v9.1.0","Timeout",3.010962
result,"SYN353-1.p","Unsatisfiable","0.38 v9.1.0","Timeout",3.010826
result,"SYN354+1.p","Theorem","0.05 v9.1.0","Unsatisfiable",0.013849
result,"SYN354-1.p","Unsatisfiable","0.00 v7.1.0","Unsatisfiable",0.011117
result,"SYN355+1.p","Theorem","0.00 v5.3.0","Unsatisfiable",0.008214
result,"SYN355^5.p","Theorem","0.08 v9.1.0","Error",0.007082
result,"SYN356+1.p","Theorem","0.00 v5.3.0","Unsatisfiable",0.009231
result,"SYN356^5.p","Theorem","0.08 v9.1.0","Error",0.006975
result,"SYN357+1.p","Theorem","0.00 v3.2.0","Unsatisfiable",0.007129
result,"SYN357^5.p","Theorem","0.00 v6.2.0","Error",0.007297
result,"SYN357^7.p","Theorem","0.11 v9.1.0","Error",0.007541
result,"SYN358+1.p","Theorem","0.00 v6.0.0","Unsatisfiable",0.008925
result,"SYN358^5.p","Theorem","0.00 v6.2.0","Error",0.006554
result,"SYN359+1.p","Theorem","0.00 v5.3.0","Unsatisfiable",0.007950
result,"SYN360+1.p","Theorem","0.00 v9.1.0","Unsatisfiable",0.007280
result,"SYN360^5.p","Theorem","0.00 v6.2.0","Error",0.006984
result,"SYN361+1.p","Theorem","0.00 v6.4.0","Unsatisfiable",0.008517
result,"SYN361^5.p","Theorem","0.08 v9.1.0","Error",0.007147
result,"SYN362+1.p","Theorem","0.00 v6.3.0","Unsatisfiable",0.007077
result,"SYN363+1.p","Theorem","0.00 v6.3.0","Unsatisfiable",0.006423
result,"SYN364+1.p","Theorem","0.00 v9.1.0","Unsatisfiable",0.011781
result,"SYN364^5.p","Theorem","0.17 v9.1.0","Error",0.008207
result,"SYN365+1.p","Theorem","0.00 v9.1.0","Unsatisfiable",0.024397
result,"SYN365^5.p","Theorem","0.08 v9.1.0","Error",0.007185
result,"SYN366+1.p","Theorem","0.00 v5.3.0","Unsatisfiable",0.007691
result,"SYN367+1.p","Theorem","0.00 v5.3.0","Unsatisfiable",0.007348
result,"SYN367^7.p","Theorem","0.11 v9.1.0","Error",0.006663
result,"SYN368+1.p","Theorem","0.00 v4.1.0","Unsatisfiable",0.006620
result,"SYN369+1.p","Theorem","0.00 v9.1.0","Unsatisfiable",0.007682
result,"SYN370+1.p","Theorem","0.00 v9.1.0","Unsatisfiable",0.007397
result,"SYN371+1.p","Theorem","0.00 v9.1.0","Unsatisfiable",0.006800
result,"SYN372+1.p","Theorem","0.00 v5.3.0","Unsatisfiable",0.006599
result,"SYN373+1.p","Theorem","0.00 v5.3.0","Unsatisfiable",0.009284
result,"SYN374+1.p","Theorem","0.00 v9.1.0","Unsatisfiable",0.164148
result,"SYN374^5.p","Theorem","0.08 v9.1.0","Error",0.007927
result,"SYN375+1.p","Theorem","0.00 v9.1.0","Unsatisfiable",0.251898
result,"SYN375^5.p","Theorem","0.00 v6.2.0","Error",0.007939
result,"SYN376+1.p","Theorem","0.00 v5.4.0","Unsatisfiable",0.007391
result,"SYN377+1.p","Theorem","0.05 v9.1.0","Unsatisfiable",0.388146
result,"SYN377^5.p","Theorem","0.08 v9.1.0","Error",0.008425
result,"SYN377^7.p","Theorem","0.67 v9.1.0","Error",0.007504
result,"SYN378+1.p","Theorem","0.00 v5.3.0","Unsatisfiable",0.007054
result,"SYN379+1.p","Theorem","0.00 v5.4.0","Unsatisfiable",0.007322
result,"SYN380+1.p","Theorem","0.00 v9.1.0","Unsatisfiable",0.007472
result,"SYN381+1.p","Theorem","0.00 v6.3.0","Unsatisfiable",0.007536
result,"SYN381^5.p","Theorem","0.17 v9.1.0","Error",0.007206
result,"SYN382+1.p","Theorem","0.00 v5.3.0","Unsatisfiable",0.006806
result,"SYN382^5.p","Theorem","0.00 v6.2.0","Error",0.006760
result,"SYN383+1.p","Theorem","0.00 v9.1.0","Unsatisfiable",0.006303
result,"SYN384+1.p","Theorem","0.00 v9.1.0","Unsatisfiable",0.006538
result,"SYN385+1.p","Theorem","0.00 v5.3.0","Unsatisfiable",0.007019
result,"SYN386+1.p","Theorem","0.10 v9.1.0","Unsatisfiable",0.027887
result,"SYN386^5.p","Theorem","0.25 v9.0.0","Error",0.007374
result,"SYN387+1.p","Theorem","0.00 v2.1.0","Unsatisfiable",0.007064
result,"SYN387^4.p","CounterSatisfiable","0.33 v9.0.0","Error",0.006033
result,"SYN387^7.p","CounterSatisfiable","0.33 v9.0.0","Error",0.006427
result,"SYN388+1.p","Theorem","0.00 v2.1.0","Unsatisfiable",0.006470
result,"SYN388^4.p","CounterSatisfiable","0.67 v9.0.0","Error",0.005774
result,"SYN389+1.p","Theorem","0.00 v4.1.0","Unsatisfiable",0.006689
result,"SYN389^4.p","CounterSatisfiable","0.67 v9.0.0","Error",0.006817
result,"SYN390+1.p","Theorem","0.00 v2.1.0","Unsatisfiable",0.007157
result,"SYN390^4.p","Theorem","0.00 v8.2.0","Error",0.006074
result,"SYN391+1.p","Theorem","0.00 v2.1.0","Unsatisfiable",0.007533
result,"SYN391^4.p","Theorem","0.11 v9.1.0","Error",0.006071
result,"SYN392+1.p","Theorem","0.00 v4.0.0","Unsatisfiable",0.007534
result,"SYN392^4.p","CounterSatisfiable","0.67 v9.0.0","Error",0.007017
result,"SYN393+1.003.p","Theorem","0.00 v4.0.0","Unsatisfiable",0.011265
result,"SYN393^4.002.p","Theorem","0.22 v9.1.0","Error",0.007126
result,"SYN393^4.003.p","CounterSatisfiable","0.67 v9.0.0","Error",0.007045
result,"SYN393^4.004.p","Theorem","0.67 v9.1.0","Error",0.006470
result,"SYN394+1.p","Theorem","0.00 v5.3.0","Unsatisfiable",0.007133
result,"SYN395+1.p","Theorem","0.00 v5.3.0","Unsatisfiable",0.006370
result,"SYN396+1.p","Theorem","0.00 v5.3.0","Unsatisfiable",0.007456
result,"SYN397+1.p","Theorem","0.00 v6.1.0","Unsatisfiable",0.008353
result,"SYN397^7.p","Theorem","0.11 v9.1.0","Error",0.007624
result,"SYN398+1.p","Theorem","0.00 v5.3.0","Unsatisfiable",0.007913
result,"SYN399+1.p","Theorem","0.00 v5.4.0","Unsatisfiable",0.007698
result,"SYN400+1.p","Theorem","0.00 v4.0.1","Unsatisfiable",0.007455
result,"SYN401+1.p","Theorem","0.00 v5.3.0","Unsatisfiable",0.006082
result,"SYN402+1.p","Theorem","0.00 v5.3.0","Unsatisfiable",0.007231
result,"SYN403+1.p","Theorem","0.00 v5.3.0","Unsatisfiable",0.008279
result,"SYN404+1.p","Theorem","0.00 v5.5.0","Unsatisfiable",0.007053
result,"SYN405+1.p","Theorem","0.00 v5.3.0","Unsatisfiable",0.006832
result,"SYN406+1.p","Theorem","0.00 v5.3.0","Unsatisfiable",0.007168
result,"SYN407+1.p","Theorem","0.00 v5.3.0","Unsatisfiable",0.007504
result,"SYN407^7.p","CounterSatisfiable","0.67 v9.0.0","Error",0.007556
result,"SYN408+1.p","Theorem","0.00 v5.3.0","Unsatisfiable",0.008210
result,"SYN409+1.p","Theorem","0.00 v5.3.0","Unsatisfiable",0.007794
result,"SYN410+1.p","Theorem","0.00 v4.1.0","Unsatisfiable",0.006969
result,"SYN411+1.p","Theorem","0.00 v5.3.0","Unsatisfiable",0.007202
result,"SYN412+1.p","Theorem","0.00 v5.3.0","Unsatisfiable",0.006920
result,"SYN413+1.p","Theorem","0.05 v9.1.0","Unsatisfiable",0.011087
result,"SYN414+1.p","CounterSatisfiable","0.00 v5.3.0","Timeout",3.010176
result,"SYN415+1.p","Theorem","0.12 v9.1.0","Unsatisfiable",0.943901
result,"SYN416+1.p","Theorem","0.00 v4.1.0","Unsatisfiable",0.008496
result,"SYN416^4.p","CounterSatisfiable","0.33 v9.0.0","Error",0.006605
result,"SYN416^7.p","CounterSatisfiable","0.33 v9.0.0","Error",0.005993
result,"SYN417+1.p","Theorem","0.09 v9.1.0","Timeout",3.009068
result,"SYN418+1.p","CounterSatisfiable","0.00 v5.5.0","Timeout",3.027487
result,"SYN418-1.p","Satisfiable","0.00 v7.3.0","Timeout",3.014255
result,"SYN419+1.p","CounterSatisfiable","0.00 v5.5.0","Timeout",3.024632
result,"SYN419-1.p","Satisfiable","0.00 v7.3.0","Timeout",3.014588
result,"SYN420+1.p","CounterSatisfiable","0.00 v6.1.0","Timeout",3.032862
result,"SYN420-1.p","Satisfiable","0.00 v7.3.0","Timeout",3.016905
result,"SYN421+1.p","CounterSatisfiable","0.00 v5.5.0","Timeout",3.029244
result,"SYN421-1.p","Satisfiable","0.00 v7.3.0","Timeout",3.016874
result,"SYN422+1.p","CounterSatisfiable","0.00 v5.5.0","Timeout",3.025409
result,"SYN422-1.p","Satisfiable","0.00 v7.3.0","Timeout",3.016000
result,"SYN423+1.p","CounterSatisfiable","0.00 v5.5.0","Timeout",3.022241
result,"SYN423-1.p","Satisfiable","0.00 v7.3.0","Timeout",3.016034
result,"SYN424+1.p","CounterSatisfiable","0.00 v6.2.0","Timeout",3.050226
result,"SYN424-1.p","Satisfiable","0.00 v7.3.0","Timeout",3.015759
result,"SYN425+1.p","CounterSatisfiable","0.00 v5.5.0","Timeout",3.027560
result,"SYN425-1.p","Satisfiable","0.00 v7.3.0","Timeout",3.018737
result,"SYN426+1.p","CounterSatisfiable","0.00 v6.2.0","Timeout",3.031638
result,"SYN426-1.p","Satisfiable","0.00 v7.3.0","Timeout",3.015000
result,"SYN427+1.p","CounterSatisfiable","0.00 v6.2.0","Timeout",3.060110
result,"SYN427-1.p","Satisfiable","0.00 v7.3.0","Timeout",3.016206
result,"SYN428+1.p","CounterSatisfiable","0.00 v5.5.0","Timeout",3.036574
result,"SYN428-1.p","Satisfiable","0.00 v7.3.0","Timeout",3.016343
result,"SYN429+1.p","CounterSatisfiable","0.00 v5.5.0","Timeout",3.028476
result,"SYN429-1.p","Satisfiable","0.00 v7.3.0","Timeout",3.017434
result,"SYN430+1.p","CounterSatisfiable","0.00 v4.1.0","Timeout",3.011112
result,"SYN430-1.p","Satisfiable","0.00 v2.2.1","Timeout",3.011621
result,"SYN431+1.p","CounterSatisfiable","0.00 v4.1.0","Timeout",3.011156
result,"SYN431-1.p","Satisfiable","0.00 v6.2.0","Timeout",3.011521
result,"SYN432+1.p","CounterSatisfiable","0.00 v4.1.0","Timeout",3.011031
result,"SYN432-1.p","Satisfiable","0.00 v2.2.1","Timeout",3.012488
result,"SYN433+1.p","CounterSatisfiable","0.00 v4.1.0","Timeout",3.011624
result,"SYN433-1.p","Satisfiable","0.00 v2.2.1","Timeout",3.012400
result,"SYN434+1.p","CounterSatisfiable","0.00 v5.5.0","Timeout",3.012222
result,"SYN434-1.p","Satisfiable","0.00 v7.3.0","Timeout",3.011744
result,"SYN435+1.p","CounterSatisfiable","0.00 v5.5.0","Timeout",3.011617
result,"SYN435-1.p","Satisfiable","0.00 v7.3.0","Timeout",3.011913
result,"SYN436+1.p","Theorem","0.00 v6.1.0","Timeout",3.011082
result,"SYN436-1.p","Unsatisfiable","0.00 v7.0.0","Timeout",3.011976
result,"SYN437+1.p","CounterSatisfiable","0.00 v5.5.0","Timeout",3.012207
result,"SYN437-1.p","Satisfiable","0.00 v7.3.0","Timeout",3.012609
result,"SYN438+1.p","CounterSatisfiable","0.00 v5.5.0","Timeout",3.011081
result,"SYN438-1.p","Satisfiable","0.00 v7.3.0","Timeout",3.011792
result,"SYN439+1.p","Theorem","0.00 v7.0.0","Timeout",3.012172
result,"SYN439-1.p","Unsatisfiable","0.00 v7.3.0","Timeout",3.012351
result,"SYN440+1.p","Theorem","0.00 v7.0.0","Timeout",3.014271
result,"SYN440-1.p","Unsatisfiable","0.00 v7.3.0","Timeout",3.012194
result,"SYN441+1.p","CounterSatisfiable","0.00 v5.5.0","Timeout",3.012102
result,"SYN441-1.p","Satisfiable","0.00 v7.3.0","Timeout",3.012948
result,"SYN442+1.p","Theorem","0.00 v6.1.0","Timeout",3.012262
result,"SYN442-1.p","Unsatisfiable","0.00 v7.0.0","Timeout",3.011950
result,"SYN443+1.p","Theorem","0.00 v5.5.0","Timeout",3.011549
result,"SYN443-1.p","Unsatisfiable","0.00 v7.0.0","Timeout",3.012750
result,"SYN444+1.p","Theorem","0.00 v6.1.0","Timeout",3.011647
result,"SYN444-1.p","Unsatisfiable","0.00 v7.0.0","Timeout",3.010528
result,"SYN445+1.p","Theorem","0.00 v6.1.0","Timeout",3.012754
result,"SYN445-1.p","Unsatisfiable","0.00 v7.0.0","Timeout",3.012399
result,"SYN446+1.p","CounterSatisfiable","0.00 v5.5.0","Timeout",3.012105
result,"SYN446-1.p","Satisfiable","0.00 v7.3.0","Timeout",3.012105
result,"SYN447+1.p","Theorem","0.00 v6.1.0","Timeout",3.012251
result,"SYN447-1.p","Unsatisfiable","0.00 v7.0.0","Timeout",3.011967
result,"SYN448+1.p","Theorem","0.00 v6.1.0","Timeout",3.011555
result,"SYN448-1.p","Unsatisfiable","0.00 v7.0.0","Timeout",3.012089
result,"SYN449+1.p","CounterSatisfiable","0.00 v6.1.0","Timeout",3.013109
result,"SYN449-1.p","Satisfiable","0.00 v7.3.0","Timeout",3.010848
result,"SYN450+1.p","Theorem","0.00 v5.5.0","Timeout",3.011090
result,"SYN450-1.p","Unsatisfiable","0.00 v7.0.0","Timeout",3.011227
result,"SYN451+1.p","Theorem","0.00 v6.1.0","Timeout",3.012104
result,"SYN451-1.p","Unsatisfiable","0.00 v7.0.0","Timeout",3.011508
result,"SYN452+1.p","Theorem","0.00 v6.1.0","Timeout",3.012709
result,"SYN452-1.p","Unsatisfiable","0.00 v7.0.0","Timeout",3.012001
result,"SYN453+1.p","CounterSatisfiable","0.00 v5.5.0","Timeout",3.012219
result,"SYN453-1.p","Satisfiable","0.00 v7.3.0","Timeout",3.011851
result,"SYN454+1.p","Theorem","0.00 v6.1.0","Timeout",3.011078
result,"SYN454-1.p","Unsatisfiable","0.00 v7.0.0","Timeout",3.012117
result,"SYN455+1.p","Theorem","0.00 v6.1.0","Timeout",3.011921
result,"SYN455-1.p","Unsatisfiable","0.00 v7.0.0","Timeout",3.011835
result,"SYN456+1.p","CounterSatisfiable","0.00 v5.5.0","Timeout",3.011742
result,"SYN456-1.p","Satisfiable","0.00 v7.3.0","Timeout",3.010848
result,"SYN457+1.p","Theorem","0.33 v9.1.0","Timeout",3.013271
result,"SYN457-1.p","Unsatisfiable","0.00 v7.3.0","Timeout",3.013862
result,"SYN458+1.p","Theorem","0.00 v6.1.0","Timeout",3.011227
result,"SYN458-1.p","Unsatisfiable","0.00 v7.0.0","Timeout",3.011867
result,"SYN459+1.p","Theorem","0.00 v6.1.0","Timeout",3.011511
result,"SYN459-1.p","Unsatisfiable","0.00 v7.0.0","Timeout",3.012752
result,"SYN460+1.p","Theorem","0.00 v6.1.0","Timeout",3.013082
result,"SYN460-1.p","Unsatisfiable","0.00 v7.0.0","Timeout",3.013252
result,"SYN461+1.p","Theorem","0.00 v6.1.0","Timeout",3.012685
result,"SYN461-1.p","Unsatisfiable","0.00 v7.0.0","Timeout",3.012501
result,"SYN462+1.p","Theorem","0.00 v6.1.0","Timeout",3.012733
result,"SYN462-1.p","Unsatisfiable","0.00 v7.0.0","Timeout",3.011436
result,"SYN463+1.p","CounterSatisfiable","0.00 v5.5.0","Timeout",3.013232
result,"SYN463-1.p","Satisfiable","0.00 v7.3.0","Timeout",3.011839
result,"SYN464+1.p","CounterSatisfiable","0.00 v5.5.0","Timeout",3.011568
result,"SYN464-1.p","Satisfiable","0.00 v7.3.0","Timeout",3.013019
result,"SYN465+1.p","Theorem","0.00 v5.5.0","Timeout",3.012435
result,"SYN465-1.p","Unsatisfiable","0.00 v7.0.0","Timeout",3.012350
result,"SYN466+1.p","Theorem","0.00 v6.1.0","Timeout",3.012080
result,"SYN466-1.p","Unsatisfiable","0.00 v7.0.0","Timeout",3.012451
result,"SYN467+1.p","Theorem","0.00 v5.5.0","Timeout",3.011630
result,"SYN467-1.p","Unsatisfiable","0.00 v7.0.0","Timeout",3.012376
result,"SYN468+1.p","Theorem","0.00 v6.1.0","Timeout",3.012242
result,"SYN468-1.p","Unsatisfiable","0.00 v7.0.0","Timeout",3.011120
result,"SYN469+1.p","Theorem","0.00 v5.5.0","Timeout",3.012497
result,"SYN469-1.p","Unsatisfiable","0.00 v7.0.0","Timeout",3.011315
result,"SYN470+1.p","Theorem","0.00 v6.1.0","Timeout",3.012655
result,"SYN470-1.p","Unsatisfiable","0.00 v7.0.0","Timeout",3.011497
result,"SYN471+1.p","Theorem","0.00 v5.5.0","Timeout",3.012788
result,"SYN471-1.p","Unsatisfiable","0.00 v7.0.0","Timeout",3.011068
result,"SYN472+1.p","Theorem","0.00 v5.5.0","Timeout",3.013158
result,"SYN472-1.p","Unsatisfiable","0.00 v7.0.0","Timeout",3.012195
result,"SYN473+1.p","Theorem","0.00 v5.5.0","Timeout",3.012396
result,"SYN473-1.p","Unsatisfiable","0.00 v7.0.0","Timeout",3.012462
result,"SYN474+1.p","Theorem","0.00 v6.1.0","Timeout",3.012293
result,"SYN474-1.p","Unsatisfiable","0.00 v7.0.0","Timeout",3.011920
result,"SYN475+1.p","Theorem","0.00 v5.5.0","Timeout",3.012864
result,"SYN475-1.p","Unsatisfiable","0.00 v7.0.0","Timeout",3.012811
result,"SYN476+1.p","Theorem","0.00 v6.1.0","Timeout",3.013573
result,"SYN476-1.p","Unsatisfiable","0.00 v7.0.0","Timeout",3.012336
result,"SYN477+1.p","Theorem","0.00 v6.1.0","Timeout",3.010745
result,"SYN477-1.p","Unsatisfiable","0.00 v7.0.0","Timeout",3.012117
result,"SYN478+1.p","Theorem","0.00 v6.1.0","Timeout",3.011698
result,"SYN478-1.p","Unsatisfiable","0.00 v7.0.0","Timeout",3.012718
result,"SYN479+1.p","Theorem","0.00 v6.1.0","Timeout",3.012375
result,"SYN479-1.p","Unsatisfiable","0.00 v7.0.0","Timeout",3.011952
result,"SYN480+1.p","Theorem","0.00 v5.5.0","Timeout",3.013170
result,"SYN480-1.p","Unsatisfiable","0.00 v7.0.0","Timeout",3.012903
result,"SYN481+1.p","Theorem","0.00 v6.1.0","Timeout",3.012572
result,"SYN481-1.p","Unsatisfiable","0.00 v7.0.0","Timeout",3.012185
result,"SYN482+1.p","Theorem","0.00 v5.5.0","Timeout",3.011189
result,"SYN482-1.p","Unsatisfiable","0.00 v7.0.0","Timeout",3.012949
result,"SYN483+1.p","Theorem","0.00 v6.1.0","Timeout",3.012098
result,"SYN483-1.p","Unsatisfiable","0.00 v7.0.0","Timeout",3.011454
result,"SYN484+1.p","Theorem","0.00 v5.5.0","Timeout",3.012557
result,"SYN484-1.p","Unsatisfiable","0.00 v7.0.0","Timeout",3.012679
result,"SYN485+1.p","Theorem","0.00 v5.5.0","Timeout",3.012235
result,"SYN485-1.p","Unsatisfiable","0.00 v7.0.0","Timeout",3.012176
result,"SYN486+1.p","Theorem","0.00 v6.1.0","Timeout",3.012880
result,"SYN486-1.p","Unsatisfiable","0.00 v7.0.0","Timeout",3.012872
result,"SYN487+1.p","Theorem","0.00 v6.1.0","Timeout",3.012476
result,"SYN487-1.p","Unsatisfiable","0.00 v7.0.0","Timeout",3.012193
result,"SYN488+1.p","Theorem","0.00 v6.1.0","Timeout",3.012290
result,"SYN488-1.p","Unsatisfiable","0.00 v7.0.0","Timeout",3.012053
result,"SYN489+1.p","Theorem","0.00 v5.5.0","Timeout",3.012327
result,"SYN489-1.p","Unsatisfiable","0.00 v7.0.0","Timeout",3.011691
result,"SYN490+1.p","CounterSatisfiable","0.00 v4.1.0","Timeout",3.011267
result,"SYN490-1.p","Satisfiable","0.00 v2.2.0","Timeout",3.010115
result,"SYN491+1.p","CounterSatisfiable","0.00 v5.5.0","Timeout",3.010117
result,"SYN491-1.p","Satisfiable","0.00 v2.2.0","Timeout",3.010373
result,"SYN492+1.p","CounterSatisfiable","0.00 v5.4.0","Timeout",3.012975
result,"SYN492-1.p","Satisfiable","0.00 v2.2.0","Timeout",3.011004
result,"SYN493+1.p","CounterSatisfiable","0.00 v4.1.0","Timeout",3.010682
result,"SYN493-1.p","Satisfiable","0.00 v2.2.0","Timeout",3.010871
result,"SYN494+1.p","CounterSatisfiable","0.00 v4.1.0","Timeout",3.010780
result,"SYN494-1.p","Satisfiable","0.00 v2.2.0","Timeout",3.010534
result,"SYN495+1.p","CounterSatisfiable","0.00 v4.1.0","Timeout",3.011506
result,"SYN495-1.p","Satisfiable","0.00 v2.1.0","Timeout",3.010348
result,"SYN496+1.p","CounterSatisfiable","0.00 v6.1.0","Timeout",3.010321
result,"SYN496-1.p","Satisfiable","0.00 v2.2.0","Timeout",3.010773
result,"SYN497+1.p","CounterSatisfiable","0.00 v4.1.0","Timeout",3.010744
result,"SYN497-1.p","Satisfiable","0.00 v2.2.0","Timeout",3.010326
result,"SYN498+1.p","Theorem","0.00 v6.1.0","Timeout",3.014348
result,"SYN498-1.p","Unsatisfiable","0.00 v7.0.0","Timeout",3.011417
result,"SYN499+1.p","Theorem","0.00 v6.1.0","Timeout",3.012228
result,"SYN499-1.p","Unsatisfiable","0.00 v7.0.0","Timeout",3.012439
result,"SYN500+1.p","Theorem","0.00 v6.1.0","Timeout",3.012177
result,"SYN500-1.p","Unsatisfiable","0.00 v7.0.0","Timeout",3.012920
result,"SYN501+1.p","Theorem","0.00 v6.1.0","Timeout",3.012507
result,"SYN501-1.p","Unsatisfiable","0.00 v7.0.0","Timeout",3.011239
result,"SYN502+1.p","Theorem","0.00 v6.1.0","Timeout",3.013488
result,"SYN502-1.p","Unsatisfiable","0.00 v7.0.0","Timeout",3.013220
result,"SYN503+1.p","Theorem","0.00 v5.5.0","Timeout",3.013222
result,"SYN503-1.p","Unsatisfiable","0.00 v7.0.0","Timeout",3.011956
result,"SYN504+1.p","Theorem","0.00 v6.1.0","Timeout",3.012811
result,"SYN504-1.p","Unsatisfiable","0.00 v7.0.0","Timeout",3.013563
result,"SYN505+1.p","Theorem","0.00 v5.5.0","Timeout",3.013452
result,"SYN505-1.p","Unsatisfiable","0.00 v7.0.0","Timeout",3.011949
result,"SYN506+1.p","Theorem","0.00 v6.1.0","Timeout",3.012275
result,"SYN506-1.p","Unsatisfiable","0.00 v7.0.0","Timeout",3.011936
result,"SYN507+1.p","Theorem","0.00 v6.1.0","Timeout",3.013248
result,"SYN507-1.p","Unsatisfiable","0.00 v7.0.0","Timeout",3.011427
result,"SYN508+1.p","Theorem","0.00 v6.1.0","Timeout",3.013512
result,"SYN508-1.p","Unsatisfiable","0.00 v7.0.0","Timeout",3.012288
result,"SYN509+1.p","Theorem","0.00 v5.5.0","Timeout",3.013053
result,"SYN509-1.p","Unsatisfiable","0.00 v7.0.0","Timeout",3.012326
result,"SYN510+1.p","Theorem","0.00 v6.1.0","Timeout",3.010685
result,"SYN510-1.p","Unsatisfiable","0.00 v7.0.0","Timeout",3.012217
result,"SYN511+1.p","Theorem","0.00 v6.1.0","Timeout",3.012553
result,"SYN511-1.p","Unsatisfiable","0.00 v7.0.0","Timeout",3.012850
result,"SYN512+1.p","Theorem","0.00 v6.1.0","Timeout",3.012961
result,"SYN512-1.p","Unsatisfiable","0.00 v7.0.0","Timeout",3.012080
result,"SYN513+1.p","CounterSatisfiable","0.00 v6.2.0","Timeout",3.025076
result,"SYN513-1.p","Satisfiable","0.00 v7.3.0","Timeout",3.015064
result,"SYN514+1.p","CounterSatisfiable","0.00 v5.5.0","Timeout",3.016835
result,"SYN514-1.p","Satisfiable","0.00 v7.3.0","Timeout",3.014979
result,"SYN515+1.p","CounterSatisfiable","0.00 v4.1.0","Timeout",3.016202
result,"SYN515-1.p","Satisfiable","0.00 v2.2.1","Timeout",3.011835
result,"SYN516+1.p","CounterSatisfiable","0.00 v4.1.0","Timeout",3.011770
result,"SYN516-1.p","Satisfiable","0.00 v2.1.0","Timeout",3.011370
result,"SYN517+1.p","CounterSatisfiable","0.00 v5.5.0","Timeout",3.011092
result,"SYN517-1.p","Satisfiable","0.00 v2.2.0","Timeout",3.015152
result,"SYN518+1.p","CounterSatisfiable","0.00 v5.5.0","Timeout",3.040078
result,"SYN518-1.p","Satisfiable","0.00 v7.3.0","Timeout",3.014874
result,"SYN519+1.p","CounterSatisfiable","0.00 v6.2.0","Timeout",3.025482
result,"SYN519-1.p","Satisfiable","0.00 v7.3.0","Timeout",3.015648
result,"SYN520+1.p","CounterSatisfiable","0.00 v6.2.0","Timeout",3.022438
result,"SYN520-1.p","Satisfiable","0.00 v7.3.0","Timeout",3.013792
result,"SYN521+1.p","CounterSatisfiable","0.00 v4.1.0","Timeout",3.014232
result,"SYN521-1.p","Satisfiable","0.00 v2.2.1","Timeout",3.011216
result,"SYN522+1.p","CounterSatisfiable","0.00 v4.1.0","Timeout",3.015929
result,"SYN522-1.p","Satisfiable","0.00 v5.0.0","Timeout",3.012601
result,"SYN523+1.p","CounterSatisfiable","0.00 v4.1.0","Timeout",3.011267
result,"SYN523-1.p","Satisfiable","0.00 v2.1.0","Timeout",3.010997
result,"SYN524+1.p","CounterSatisfiable","0.00 v4.1.0","Timeout",3.012625
result,"SYN524-1.p","Satisfiable","0.00 v2.2.1","Timeout",3.013554
result,"SYN525+1.p","CounterSatisfiable","0.00 v6.0.0","Timeout",3.012919
result,"SYN525-1.p","Satisfiable","0.00 v2.2.1","Timeout",3.012206
result,"SYN526+1.p","CounterSatisfiable","0.00 v4.1.0","Timeout",3.014746
result,"SYN526-1.p","Satisfiable","0.00 v2.2.1","Timeout",3.011693
result,"SYN527+1.p","CounterSatisfiable","0.00 v4.1.0","Timeout",3.011180
result,"SYN527-1.p","Satisfiable","0.00 v2.1.0","Timeout",3.010635
result,"SYN528+1.p","CounterSatisfiable","0.00 v4.1.0","Timeout",3.014666
result,"SYN528-1.p","Satisfiable","0.00 v2.2.1","Timeout",3.012341
result,"SYN529+1.p","CounterSatisfiable","0.00 v4.1.0","Timeout",3.012850
result,"SYN529-1.p","Satisfiable","0.00 v2.2.1","Timeout",3.014290
result,"SYN530+1.p","CounterSatisfiable","0.00 v4.1.0","Timeout",3.011898
result,"SYN530-1.p","Satisfiable","0.00 v7.3.0","Timeout",3.010711
result,"SYN531+1.p","CounterSatisfiable","0.00 v4.1.0","Timeout",3.011499
result,"SYN531-1.p","Satisfiable","0.00 v2.2.0","Timeout",3.015108
result,"SYN532+1.p","CounterSatisfiable","0.00 v5.5.0","Timeout",3.016801
result,"SYN532-1.p","Satisfiable","0.00 v2.2.1","Timeout",3.012584
result,"SYN533+1.p","CounterSatisfiable","0.00 v5.5.0","Timeout",3.012007
result,"SYN533-1.p","Satisfiable","0.00 v2.2.1","Timeout",3.012010
result,"SYN534+1.p","CounterSatisfiable","0.00 v4.1.0","Timeout",3.012399
result,"SYN534-1.p","Satisfiable","0.00 v2.2.0","Timeout",3.011177
result,"SYN535+1.p","CounterSatisfiable","0.00 v4.1.0","Timeout",3.012125
result,"SYN535-1.p","Satisfiable","0.00 v2.2.1","Timeout",3.011663
result,"SYN536+1.p","CounterSatisfiable","0.00 v4.1.0","Timeout",3.012917
result,"SYN536-1.p","Satisfiable","0.00 v2.4.0","Timeout",3.011604
result,"SYN537+1.p","CounterSatisfiable","0.00 v4.1.0","Timeout",3.011768
result,"SYN537-1.p","Satisfiable","0.00 v2.2.1","Timeout",3.011880
result,"SYN538+1.p","CounterSatisfiable","0.00 v4.1.0","Timeout",3.016007
result,"SYN538-1.p","Satisfiable","0.00 v5.0.0","Timeout",3.011126
result,"SYN539+1.p","CounterSatisfiable","0.00 v4.1.0","Timeout",3.014224
result,"SYN539-1.p","Satisfiable","0.00 v3.1.0","Timeout",3.013080
result,"SYN540+1.p","CounterSatisfiable","0.00 v5.5.0","Timeout",3.012889
result,"SYN540-1.p","Satisfiable","0.00 v6.2.0","Timeout",3.010592
result,"SYN541+1.p","CounterSatisfiable","0.00 v4.1.0","Timeout",3.014395
result,"SYN541-1.p","Satisfiable","0.00 v3.2.0","Timeout",3.012390
result,"SYN542+1.p","CounterSatisfiable","0.00 v5.5.0","Timeout",3.012692
result,"SYN542-1.p","Satisfiable","0.00 v7.3.0","Timeout",3.013026
result,"SYN543+1.p","CounterSatisfiable","0.00 v5.5.0","Timeout",3.012648
result,"SYN543-1.p","Satisfiable","0.00 v7.3.0","Timeout",3.012935
result,"SYN544+1.p","CounterSatisfiable","0.00 v6.0.0","Timeout",3.025626
result,"SYN544-1.p","Satisfiable","0.00 v6.2.0","Timeout",3.015160
result,"SYN545+1.p","CounterSatisfiable","0.00 v5.5.0","Timeout",3.024572
result,"SYN545-1.p","Satisfiable","0.00 v7.3.0","Timeout",3.016290
result,"SYN546+1.p","CounterSatisfiable","0.00 v5.5.0","Timeout",3.026627
result,"SYN546-1.p","Satisfiable","0.00 v7.3.0","Timeout",3.016665
result,"SYN547+1.p","CounterSatisfiable","0.00 v5.5.0","Timeout",3.024019
result,"SYN547-1.p","Satisfiable","0.00 v7.3.0","Timeout",3.014577
result,"SYN548+1.p","Theorem","0.25 v9.1.0","Timeout",3.011006
result,"SYN549+1.p","Theorem","0.15 v9.1.0","Timeout",3.010939
result,"SYN550+1.p","Theorem","0.15 v9.1.0","Timeout",3.009677
result,"SYN551+1.p","Theorem","0.09 v9.1.0","Timeout",3.010687
result,"SYN551+2.p","Theorem","0.18 v9.1.0","Timeout",3.011248
result,"SYN551+3.p","Theorem","0.09 v9.1.0","Timeout",3.011097
result,"SYN552-1.p","Satisfiable","0.00 v6.1.0","GaveUp",0.008957
result,"SYN553-1.p","Unsatisfiable","0.06 v9.1.0","Timeout",3.009487
result,"SYN554-1.p","Unsatisfiable","0.00 v2.5.0","Unsatisfiable",0.155751
result,"SYN555-1.p","Unsatisfiable","0.00 v5.3.0","Unsatisfiable",2.010036
result,"SYN556-1.p","Unsatisfiable","0.29 v9.1.0","Timeout",3.012735
result,"SYN557-1.p","Unsatisfiable","0.06 v9.1.0","Unsatisfiable",0.335298
result,"SYN558-1.p","Unsatisfiable","0.06 v9.1.0","Timeout",3.010911
result,"SYN559-1.p","Unsatisfiable","0.06 v9.1.0","Timeout",3.009994
result,"SYN560-1.p","Unsatisfiable","0.00 v9.1.0","Timeout",3.011692
result,"SYN561-1.p","Unsatisfiable","0.06 v9.1.0","Timeout",3.011267
result,"SYN562-1.p","Unsatisfiable","0.06 v9.1.0","Timeout",3.011289
result,"SYN563-1.p","Unsatisfiable","0.06 v9.1.0","Timeout",3.010794
result,"SYN563-10.p","Unsatisfiable","0.26 v9.1.0","Timeout",1.225377
result,"SYN564-1.p","Unsatisfiable","0.06 v9.1.0","Timeout",3.010013
result,"SYN565-1.p","Unsatisfiable","0.06 v9.1.0","Timeout",3.011227
result,"SYN566-1.p","Unsatisfiable","0.06 v9.1.0","Timeout",3.010543
result,"SYN567-1.p","Unsatisfiable","0.00 v2.5.0","Timeout",3.012378
result,"SYN568-1.p","Unsatisfiable","0.00 v2.6.0","Timeout",3.010043
result,"SYN569-1.p","Unsatisfiable","0.06 v9.1.0","Timeout",3.010557
result,"SYN570-1.p","Unsatisfiable","0.00 v5.4.0","Unsatisfiable",1.625602
result,"SYN571-1.p","Unsatisfiable","0.08 v9.1.0","Timeout",3.010945
result,"SYN572-1.p","Unsatisfiable","0.18 v9.1.0","Timeout",3.011205
result,"SYN573-1.p","Unsatisfiable","0.00 v9.1.0","Timeout",3.011139
result,"SYN574-1.p","Unsatisfiable","0.00 v6.3.0","Timeout",3.009620
result,"SYN575-1.p","Unsatisfiable","0.00 v7.1.0","Timeout",3.010911
result,"SYN576-1.p","Unsatisfiable","0.23 v9.1.0","Timeout",3.010766
result,"SYN577-1.p","Unsatisfiable","0.18 v9.1.0","Timeout",3.011478
result,"SYN578-1.p","Unsatisfiable","0.00 v7.1.0","Timeout",3.010836
result,"SYN579-1.p","Unsatisfiable","0.00 v7.1.0","Timeout",3.011822
result,"SYN580-1.p","Unsatisfiable","0.00 v6.3.0","Timeout",3.010599
result,"SYN581-1.p","Unsatisfiable","0.00 v2.5.0","Timeout",3.011101
result,"SYN582-1.p","Unsatisfiable","0.00 v2.5.0","Timeout",3.011222
result,"SYN583-1.p","Unsatisfiable","0.00 v5.0.0","Timeout",3.010735
result,"SYN584-1.p","Unsatisfiable","0.00 v6.1.0","Timeout",3.010954
result,"SYN585-1.p","Unsatisfiable","0.08 v9.1.0","Timeout",3.011403
result,"SYN586-1.p","Unsatisfiable","0.08 v9.1.0","Timeout",3.010647
result,"SYN587-1.p","Unsatisfiable","0.00 v6.0.0","Timeout",3.010975
result,"SYN588-1.p","Unsatisfiable","0.06 v9.1.0","Timeout",3.011648
result,"SYN589-1.p","Unsatisfiable","0.06 v9.1.0","Timeout",3.011585
result,"SYN590-1.p","Unsatisfiable","0.00 v5.3.0","Timeout",3.010959
result,"SYN591-1.p","Unsatisfiable","0.00 v7.1.0","Timeout",3.012830
result,"SYN592-1.p","Unsatisfiable","0.00 v7.1.0","Timeout",3.010975
result,"SYN593-1.p","Unsatisfiable","0.00 v2.5.0","Timeout",3.010765
result,"SYN594-1.p","Unsatisfiable","0.00 v2.5.0","Timeout",3.011814
result,"SYN595-1.p","Unsatisfiable","0.00 v9.1.0","Timeout",3.011596
result,"SYN596-1.p","Unsatisfiable","0.00 v5.3.0","Timeout",3.010299
result,"SYN597-1.p","Unsatisfiable","0.41 v9.1.0","Timeout",3.010821
result,"SYN598-1.p","Unsatisfiable","0.24 v9.1.0","Timeout",3.011174
result,"SYN598-10.p","Unsatisfiable","0.65 v9.1.0","Timeout",1.185284
result,"SYN599-1.p","Unsatisfiable","0.29 v9.1.0","Timeout",3.010980
result,"SYN600-1.p","Unsatisfiable","0.24 v9.1.0","Timeout",3.011231
result,"SYN601-1.p","Unsatisfiable","0.24 v9.1.0","Timeout",3.011030
result,"SYN602-1.p","Unsatisfiable","0.18 v9.1.0","Timeout",3.012733
result,"SYN603-1.p","Unsatisfiable","0.18 v9.1.0","Timeout",3.012415
result,"SYN604-1.p","Unsatisfiable","0.00 v9.1.0","Timeout",3.010446
result,"SYN605-1.p","Unsatisfiable","0.00 v9.1.0","Timeout",3.010399
result,"SYN606-1.p","Unsatisfiable","0.00 v9.1.0","Timeout",3.011592
result,"SYN607-1.p","Unsatisfiable","0.00 v9.1.0","Timeout",3.010439
result,"SYN608-1.p","Unsatisfiable","0.00 v9.1.0","Timeout",3.011421
result,"SYN609-1.p","Unsatisfiable","0.08 v9.1.0","Timeout",3.010898
result,"SYN610-1.p","Unsatisfiable","0.08 v9.1.0","Timeout",3.011262
result,"SYN611-1.p","Unsatisfiable","0.08 v9.1.0","Timeout",3.012551
result,"SYN612-1.p","Unsatisfiable","0.08 v9.1.0","Timeout",3.011364
result,"SYN613-1.p","Unsatisfiable","0.00 v5.0.0","Timeout",3.010489
result,"SYN614-1.p","Unsatisfiable","0.47 v9.0.0","Timeout",3.010540
result,"SYN615-1.p","Unsatisfiable","0.71 v9.1.0","Timeout",3.011770
result,"SYN615-10.p","Unsatisfiable","0.91 v9.0.0","Timeout",1.192677
result,"SYN616-1.p","Unsatisfiable","0.53 v9.1.0","Timeout",3.010914
result,"SYN617-1.p","Unsatisfiable","0.59 v9.1.0","Timeout",3.011757
result,"SYN618-1.p","Unsatisfiable","0.00 v5.3.0","Timeout",3.010509
result,"SYN619-1.p","Unsatisfiable","0.08 v9.1.0","Timeout",3.011900
result,"SYN620-1.p","Unsatisfiable","0.00 v6.3.0","Timeout",3.011164
result,"SYN621-1.p","Unsatisfiable","0.08 v9.1.0","Timeout",3.011700
result,"SYN622-1.p","Unsatisfiable","0.00 v9.1.0","Timeout",3.011334
result,"SYN623-1.p","Unsatisfiable","0.00 v7.0.0","Timeout",3.011400
result,"SYN624-1.p","Unsatisfiable","0.08 v9.1.0","Timeout",3.010822
result,"SYN625-1.p","Unsatisfiable","0.00 v7.1.0","Timeout",3.011167
result,"SYN626-1.p","Unsatisfiable","0.00 v2.5.0","Timeout",3.010965
result,"SYN627-1.p","Unsatisfiable","0.00 v5.0.0","Timeout",3.010319
result,"SYN628-1.p","Unsatisfiable","0.29 v9.1.0","Timeout",3.011067
result,"SYN629-1.p","Unsatisfiable","0.47 v9.1.0","Timeout",3.011303
result,"SYN630-1.p","Unsatisfiable","0.00 v4.0.0","Timeout",3.011683
result,"SYN631-1.p","Unsatisfiable","0.24 v9.1.0","Timeout",3.011191
result,"SYN632-1.p","Unsatisfiable","0.00 v5.3.0","Timeout",3.010341
result,"SYN633-1.p","Unsatisfiable","0.08 v9.1.0","Timeout",3.011166
result,"SYN634-1.p","Unsatisfiable","0.08 v9.1.0","Timeout",3.010708
result,"SYN635-1.p","Unsatisfiable","0.08 v9.1.0","Timeout",3.011035
result,"SYN636-1.p","Unsatisfiable","0.08 v9.1.0","Timeout",3.011207
result,"SYN637-1.p","Unsatisfiable","0.00 v8.1.0","Timeout",3.011332
result,"SYN638-1.p","Unsatisfiable","0.00 v8.1.0","Timeout",3.010843
result,"SYN639-1.p","Unsatisfiable","0.24 v9.1.0","Timeout",3.010923
result,"SYN640-1.p","Unsatisfiable","0.24 v9.1.0","Timeout",3.011529
result,"SYN641-1.p","Unsatisfiable","0.00 v7.1.0","Timeout",3.011064
result,"SYN642-1.p","Unsatisfiable","0.00 v7.1.0","Timeout",3.010813
result,"SYN643-1.p","Unsatisfiable","0.00 v7.1.0","Timeout",3.010499
result,"SYN644-1.p","Unsatisfiable","0.15 v9.1.0","Timeout",3.011353
result,"SYN645-1.p","Unsatisfiable","0.15 v9.1.0","Timeout",3.011709
result,"SYN646-1.p","Unsatisfiable","0.24 v9.1.0","Timeout",3.010767
result,"SYN647-1.p","Unsatisfiable","0.24 v9.1.0","Timeout",3.010586
result,"SYN648-1.p","Unsatisfiable","0.08 v9.1.0","Timeout",3.010514
result,"SYN649-1.p","Unsatisfiable","0.06 v9.1.0","Timeout",3.011023
result,"SYN650-1.p","Unsatisfiable","0.23 v9.1.0","Timeout",3.011887
result,"SYN651-1.p","Unsatisfiable","0.00 v5.4.0","Timeout",3.010505
result,"SYN652-1.p","Unsatisfiable","0.00 v5.4.0","Unsatisfiable",1.469126
result,"SYN653-1.p","Unsatisfiable","0.12 v9.1.0","Timeout",3.012256
result,"SYN654-1.p","Unsatisfiable","0.06 v9.1.0","Timeout",3.010960
result,"SYN655-1.p","Unsatisfiable","0.06 v9.1.0","Timeout",3.011630
result,"SYN656-1.p","Unsatisfiable","0.00 v7.1.0","Timeout",3.011295
result,"SYN657-1.p","Unsatisfiable","0.08 v9.1.0","Timeout",3.011185
result,"SYN658-1.p","Unsatisfiable","0.08 v9.1.0","Timeout",3.011371
result,"SYN659-1.p","Unsatisfiable","0.00 v5.5.0","Timeout",3.011124
result,"SYN660-1.p","Unsatisfiable","0.00 v7.1.0","Timeout",3.010413
result,"SYN661-1.p","Unsatisfiable","0.00 v7.4.0","Timeout",3.011499
result,"SYN662-1.p","Unsatisfiable","0.00 v7.1.0","Timeout",3.011682
result,"SYN663-1.p","Unsatisfiable","0.00 v5.0.0","Timeout",3.010829
result,"SYN664-1.p","Unsatisfiable","0.00 v7.1.0","Timeout",3.011015
result,"SYN665-1.p","Unsatisfiable","0.00 v7.1.0","Timeout",3.010592
result,"SYN666-1.p","Unsatisfiable","0.00 v2.5.0","Unsatisfiable",0.722122
result,"SYN667-1.p","Unsatisfiable","0.00 v2.5.0","Unsatisfiable",0.921643
result,"SYN668-1.p","Unsatisfiable","0.00 v2.5.0","Unsatisfiable",0.663637
result,"SYN669-1.p","Unsatisfiable","0.00 v2.5.0","Unsatisfiable",0.921713
result,"SYN670-1.p","Unsatisfiable","0.00 v2.5.0","Unsatisfiable",0.603817
result,"SYN671-1.p","Unsatisfiable","0.00 v2.5.0","Unsatisfiable",0.766013
result,"SYN672-1.p","Unsatisfiable","0.00 v5.2.0","Timeout",3.010173
result,"SYN673-1.p","Unsatisfiable","0.08 v9.1.0","Timeout",3.010844
result,"SYN674-1.p","Unsatisfiable","0.00 v5.0.0","Timeout",3.010581
result,"SYN675-1.p","Unsatisfiable","0.00 v5.0.0","Timeout",3.011044
result,"SYN676-1.p","Unsatisfiable","0.00 v5.0.0","Timeout",3.011424
result,"SYN677-1.p","Unsatisfiable","0.08 v9.1.0","Timeout",3.011629
result,"SYN678-1.p","Unsatisfiable","0.00 v5.0.0","Timeout",3.011478
result,"SYN679-1.p","Unsatisfiable","0.00 v7.0.0","Timeout",3.011123
result,"SYN680-1.p","Unsatisfiable","0.00 v5.0.0","Timeout",3.010924
result,"SYN681-1.p","Unsatisfiable","0.00 v5.0.0","Timeout",3.010772
result,"SYN682-1.p","Unsatisfiable","0.00 v5.0.0","Timeout",3.011811
result,"SYN683-1.p","Unsatisfiable","0.00 v5.0.0","Timeout",3.011247
result,"SYN684-1.p","Unsatisfiable","0.00 v5.0.0","Timeout",3.011056
result,"SYN685-1.p","Unsatisfiable","0.08 v9.1.0","Timeout",3.010802
result,"SYN686-1.p","Unsatisfiable","0.00 v5.4.0","Timeout",3.011213
result,"SYN687-1.p","Unsatisfiable","0.08 v9.1.0","Timeout",3.010761
result,"SYN688-1.p","Unsatisfiable","0.00 v8.1.0","Timeout",3.011826
result,"SYN689-1.p","Unsatisfiable","0.00 v8.1.0","Timeout",3.011722
result,"SYN690-1.p","Unsatisfiable","0.23 v9.1.0","Timeout",3.010296
result,"SYN691-1.p","Unsatisfiable","0.00 v5.4.0","Timeout",3.010386
result,"SYN692-1.p","Unsatisfiable","0.15 v9.1.0","Timeout",3.011223
result,"SYN693-1.p","Unsatisfiable","0.08 v9.1.0","Timeout",3.012692
result,"SYN694-1.p","Unsatisfiable","0.15 v9.1.0","Timeout",3.010973
result,"SYN695-1.p","Unsatisfiable","0.15 v9.1.0","Timeout",3.012143
result,"SYN696-1.p","Unsatisfiable","0.15 v9.1.0","Timeout",3.010747
result,"SYN697-1.p","Unsatisfiable","0.08 v9.1.0","Timeout",3.011984
result,"SYN698-1.p","Unsatisfiable","0.15 v9.1.0","Timeout",3.012889
result,"SYN699-1.p","Unsatisfiable","0.15 v9.1.0","Timeout",3.011576
result,"SYN700-1.p","Unsatisfiable","0.15 v9.1.0","Timeout",3.011483
result,"SYN701-1.p","Unsatisfiable","0.08 v9.1.0","Timeout",3.012407
result,"SYN702-1.p","Unsatisfiable","0.00 v8.1.0","Timeout",3.012285
result,"SYN703-1.p","Unsatisfiable","0.00 v8.1.0","Timeout",3.010987
result,"SYN704-1.p","Unsatisfiable","0.18 v9.1.0","Timeout",3.011994
result,"SYN705-1.p","Unsatisfiable","0.00 v8.1.0","Timeout",3.010567
result,"SYN706-1.p","Unsatisfiable","0.00 v8.1.0","Timeout",3.011544
result,"SYN707-1.p","Unsatisfiable","0.24 v9.1.0","Timeout",3.012109
result,"SYN708-1.p","Unsatisfiable","0.24 v9.1.0","Timeout",3.012686
result,"SYN708-10.p","Unsatisfiable","0.74 v9.1.0","Error",0.040251
result,"SYN709-1.p","Unsatisfiable","0.00 v8.1.0","Timeout",3.010296
result,"SYN710-1.p","Unsatisfiable","0.00 v6.3.0","Timeout",3.011041
result,"SYN711-1.p","Unsatisfiable","0.29 v9.1.0","Timeout",3.012218
result,"SYN712-1.p","Unsatisfiable","0.00 v8.1.0","Timeout",3.011452
result,"SYN713-1.p","Unsatisfiable","0.00 v7.1.0","Timeout",3.011456
result,"SYN714-1.p","Unsatisfiable","0.00 v5.5.0","Timeout",3.011574
result,"SYN715-1.p","Unsatisfiable","0.00 v5.4.0","Timeout",3.014367
result,"SYN716-1.p","Unsatisfiable","0.00 v8.1.0","Timeout",3.011183
result,"SYN717-1.p","Unsatisfiable","0.00 v7.4.0","Timeout",3.011492
result,"SYN718-1.p","Unsatisfiable","0.31 v9.1.0","Timeout",3.011982
result,"SYN719-1.p","Unsatisfiable","0.06 v9.1.0","Timeout",3.010844
result,"SYN720-1.p","Satisfiable","0.00 v3.2.0","Timeout",3.015799
result,"SYN721+1.p","Theorem","0.00 v2.5.0","Unsatisfiable",0.008997
result,"SYN721-1.p","Unsatisfiable","0.00 v2.5.0","Unsatisfiable",0.007922
result,"SYN722+1.p","Theorem","0.00 v5.5.0","Unsatisfiable",0.014402
result,"SYN723+1.p","Theorem","0.20 v9.0.0","Error",5.094825
result,"SYN724+1.p","Theorem","0.00 v4.0.1","Unsatisfiable",0.011516
result,"SYN724-1.p","Unsatisfiable","0.00 v2.5.0","Unsatisfiable",0.011664
result,"SYN725+1.p","CounterSatisfiable","0.00 v4.1.0","GaveUp",0.007361
result,"SYN726+1.p","Theorem","0.00 v5.3.0","Unsatisfiable",1.208373
result,"SYN726-1.p","Unsatisfiable","0.00 v2.5.0","Unsatisfiable",1.223592
result,"SYN727+1.p","Theorem","0.00 v6.3.0","Unsatisfiable",0.008311
result,"SYN727-1.p","Unsatisfiable","0.00 v5.4.0","Unsatisfiable",0.005950
result,"SYN728+1.p","Theorem","0.00 v9.1.0","Unsatisfiable",0.013638
result,"SYN728-1.p","Unsatisfiable","0.00 v7.1.0","Unsatisfiable",0.014731
result,"SYN729+1.p","Theorem","0.00 v9.1.0","Unsatisfiable",0.023770
result,"SYN729-1.p","Unsatisfiable","0.00 v5.3.0","Unsatisfiable",0.027986
result,"SYN730+1.p","Theorem","0.00 v9.1.0","Unsatisfiable",0.008243
result,"SYN731+1.p","Theorem","0.00 v9.1.0","Unsatisfiable",0.006331
result,"SYN731-1.p","Unsatisfiable","0.00 v5.3.0","Unsatisfiable",0.006249
result,"SYN731^5.p","Theorem","0.08 v9.1.0","Error",0.006458
result,"SYN732+1.p","Theorem","0.00 v9.1.0","Unsatisfiable",0.006575
result,"SYN732^5.p","Theorem","0.08 v9.1.0","Error",0.005938
result,"SYN733+1.p","Theorem","0.05 v9.1.0","Unsatisfiable",0.007350
result,"SYN734-1.p","Satisfiable","0.00 v5.4.0","Timeout",3.009545
result,"SYN735-1.p","Satisfiable","0.00 v3.1.0","Timeout",3.011077
result,"SYN736-1.p","Satisfiable","0.00 v5.5.0","Timeout",3.011363
result,"SYN737-1.p","Satisfiable","0.00 v5.5.0","Timeout",3.011719
result,"SYN738-1.p","Satisfiable","0.00 v3.1.0","Timeout",3.011444
result,"SYN739-1.p","Satisfiable","0.00 v5.4.0","Timeout",3.011176
result,"SYN740-1.p","Satisfiable","0.00 v3.1.0","Timeout",3.011127
result,"SYN741-1.p","Satisfiable","0.00 v5.4.0","Timeout",3.011886
result,"SYN741^7.p","ContradictoryAxioms","0.33 v9.1.0","Error",0.008016
result,"SYN742-1.p","Satisfiable","0.00 v5.4.0","Timeout",3.010535
result,"SYN743-1.p","Satisfiable","0.00 v3.5.0","Timeout",3.011046
result,"SYN744-1.p","Satisfiable","0.00 v3.1.0","Timeout",3.011868
result,"SYN745-1.p","Satisfiable","0.00 v5.5.0","Timeout",3.011441
result,"SYN746-1.p","Satisfiable","0.00 v5.5.0","Timeout",3.012392
result,"SYN747-1.p","Satisfiable","0.00 v5.5.0","Timeout",3.011783
result,"SYN748-1.p","Satisfiable","0.00 v5.4.0","Timeout",3.011771
result,"SYN749-1.p","Satisfiable","0.00 v5.4.0","Timeout",3.011123
result,"SYN750-1.p","Satisfiable","0.00 v5.5.0","Timeout",3.011738
result,"SYN751-1.p","Satisfiable","0.00 v5.5.0","Timeout",3.011543
result,"SYN752-1.p","Satisfiable","0.00 v5.4.0","Timeout",3.011712
result,"SYN753-1.p","Satisfiable","0.00 v5.5.0","Timeout",3.012258
result,"SYN754-1.p","Satisfiable","0.00 v5.5.0","Timeout",3.012189
result,"SYN755-1.p","Unsatisfiable","0.15 v9.1.0","Timeout",3.011256
result,"SYN756-1.p","Satisfiable","0.00 v3.1.0","Timeout",3.011877
result,"SYN757-1.p","Satisfiable","0.00 v5.4.0","Timeout",3.011359
result,"SYN758-1.p","Unsatisfiable","0.31 v9.1.0","Timeout",3.013647
result,"SYN759-1.p","Unsatisfiable","0.23 v9.1.0","Timeout",3.012372
result,"SYN760-1.p","Satisfiable","0.00 v5.4.0","Timeout",3.012326
result,"SYN761-1.p","Satisfiable","0.00 v5.5.0","Timeout",3.012306
result,"SYN762-1.p","Unsatisfiable","0.31 v9.1.0","Timeout",3.011375
result,"SYN763-1.p","Satisfiable","0.00 v5.4.0","Timeout",3.011972
result,"SYN764-1.p","Satisfiable","0.00 v5.5.0","Timeout",3.011222
result,"SYN765-1.p","Satisfiable","0.00 v5.5.0","Timeout",3.012375
result,"SYN766-1.p","Satisfiable","0.00 v5.5.0","Timeout",3.012044
result,"SYN767-1.p","Satisfiable","0.00 v5.5.0","Timeout",3.012056
result,"SYN768-1.p","Satisfiable","0.00 v5.5.0","Timeout",3.011048
result,"SYN769-1.p","Satisfiable","0.00 v5.4.0","Timeout",3.011571
result,"SYN770-1.p","Satisfiable","0.00 v5.5.0","Timeout",3.012149
result,"SYN771-1.p","Satisfiable","0.00 v5.5.0","Timeout",3.011843
result,"SYN772-1.p","Satisfiable","0.00 v3.1.0","Timeout",3.011488
result,"SYN773-1.p","Satisfiable","0.00 v5.4.0","Timeout",3.011116
result,"SYN774-1.p","Satisfiable","0.00 v5.4.0","Timeout",3.011589
result,"SYN775-1.p","Satisfiable","0.00 v5.5.0","Timeout",3.011648
result,"SYN776-1.p","Satisfiable","0.00 v5.5.0","Timeout",3.011324
result,"SYN777-1.p","Satisfiable","0.00 v5.5.0","Timeout",3.011328
result,"SYN778-1.p","Satisfiable","0.00 v5.5.0","Timeout",3.011615
result,"SYN779-1.p","Satisfiable","0.00 v5.5.0","Timeout",3.010067
result,"SYN780-1.p","Satisfiable","0.00 v5.4.0","Timeout",3.011513
result,"SYN781-1.p","Satisfiable","0.00 v5.4.0","Timeout",3.012211
result,"SYN782-1.p","Satisfiable","0.00 v5.5.0","Timeout",3.012163
result,"SYN783-1.p","Satisfiable","0.00 v5.5.0","Timeout",3.012075
result,"SYN784-1.p","Unsatisfiable","0.15 v9.1.0","Timeout",3.012293
result,"SYN785-1.p","Satisfiable","0.00 v5.4.0","Timeout",3.012275
result,"SYN786-1.p","Satisfiable","0.00 v5.4.0","Timeout",3.012198
result,"SYN787-1.p","Satisfiable","0.00 v5.5.0","Timeout",3.012653
result,"SYN788-1.p","Satisfiable","0.00 v8.1.0","Timeout",3.012179
result,"SYN789-1.p","Satisfiable","0.00 v8.1.0","Timeout",3.011782
result,"SYN790-1.p","Satisfiable","0.00 v5.5.0","Timeout",3.012374
result,"SYN791-1.p","Satisfiable","0.00 v5.5.0","Timeout",3.011224
result,"SYN792-1.p","Satisfiable","0.00 v5.5.0","Timeout",3.011928
result,"SYN793-1.p","Satisfiable","0.00 v5.5.0","Timeout",3.012427
result,"SYN794-1.p","Satisfiable","0.00 v5.4.0","Timeout",3.011910
result,"SYN795-1.p","Satisfiable","0.00 v5.5.0","Timeout",3.011720
result,"SYN796-1.p","Unsatisfiable","0.15 v9.1.0","Timeout",3.012119
result,"SYN797-1.p","Satisfiable","0.00 v5.5.0","Timeout",3.011284
result,"SYN798-1.p","Satisfiable","0.00 v5.4.0","Timeout",3.012346
result,"SYN799-1.p","Satisfiable","0.00 v5.5.0","Timeout",3.011736
result,"SYN800-1.p","Satisfiable","0.00 v5.5.0","Timeout",3.012007
result,"SYN801-1.p","Satisfiable","0.00 v5.5.0","Timeout",3.011422
result,"SYN802-1.p","Unsatisfiable","0.46 v9.1.0","Timeout",3.012316
result,"SYN803-1.p","Satisfiable","0.00 v5.5.0","Timeout",3.011564
result,"SYN804-1.p","Satisfiable","0.00 v5.5.0","Timeout",3.011666
result,"SYN805-1.p","Satisfiable","0.00 v5.5.0","Timeout",3.011390
result,"SYN806-1.p","Satisfiable","0.00 v5.5.0","Timeout",3.011821
result,"SYN807-1.p","Satisfiable","0.00 v5.5.0","Timeout",3.011919
result,"SYN808-1.p","Satisfiable","0.00 v5.5.0","Timeout",3.011383
result,"SYN809-1.p","Satisfiable","0.00 v5.5.0","Timeout",3.011652
result,"SYN810-1.p","Satisfiable","0.00 v5.5.0","Timeout",3.011867
result,"SYN811-1.p","Satisfiable","0.00 v7.3.0","Timeout",3.125434
result,"SYN812-1.p","Satisfiable","0.00 v7.3.0","Timeout",4.039989
result,"SYN813-1.p","Unsatisfiable","0.12 v9.1.0","Timeout",3.062387
result,"SYN814-1.p","Satisfiable","0.00 v7.3.0","Timeout",3.150310
result,"SYN815-1.p","Satisfiable","0.00 v7.3.0","Timeout",3.412927
result,"SYN816-1.p","Satisfiable","0.00 v7.3.0","Timeout",3.423766
result,"SYN817-1.p","Satisfiable","0.00 v7.3.0","Timeout",3.458164
result,"SYN818-1.p","Satisfiable","0.00 v7.3.0","Timeout",4.387888
result,"SYN819-1.p","Unsatisfiable","0.12 v9.1.0","Timeout",3.062541
result,"SYN820-1.p","Unsatisfiable","0.12 v9.1.0","Timeout",3.060751
result,"SYN821-1.p","Satisfiable","0.00 v7.3.0","Timeout",3.469851
result,"SYN822-1.p","Satisfiable","0.00 v7.3.0","Timeout",3.498818
result,"SYN823-1.p","Satisfiable","0.00 v7.3.0","Timeout",3.045737
result,"SYN824-1.p","Satisfiable","0.00 v7.3.0","Timeout",3.288224
result,"SYN825-1.p","Satisfiable","0.00 v7.3.0","Timeout",3.912267
result,"SYN826-1.p","Satisfiable","0.00 v7.3.0","Timeout",3.995718
result,"SYN827-1.p","Satisfiable","0.00 v7.3.0","Timeout",3.047978
result,"SYN828-1.p","Satisfiable","0.00 v7.3.0","Timeout",3.404204
result,"SYN829-1.p","Satisfiable","0.00 v7.3.0","Timeout",4.291093
result,"SYN830-1.p","Satisfiable","0.00 v7.3.0","Timeout",4.406421
result,"SYN831-1.p","Satisfiable","0.00 v7.3.0","Timeout",4.312344
result,"SYN832-1.p","Satisfiable","0.00 v7.3.0","Timeout",4.163521
result,"SYN833-1.p","Unsatisfiable","0.12 v9.1.0","Timeout",3.059998
result,"SYN834-1.p","Unsatisfiable","0.12 v9.1.0","Timeout",3.059867
result,"SYN835-1.p","Satisfiable","0.00 v7.3.0","Timeout",3.050469
result,"SYN836-1.p","Unsatisfiable","0.12 v9.1.0","Timeout",3.063436
result,"SYN837-1.p","Unsatisfiable","0.25 v9.1.0","Timeout",3.143621
result,"SYN838-1.p","Satisfiable","0.00 v7.3.0","Timeout",3.473749
result,"SYN839-1.p","Satisfiable","0.00 v7.3.0","Timeout",4.514137
result,"SYN840-1.p","Satisfiable","0.00 v7.3.0","Timeout",4.503906
result,"SYN841-1.p","Satisfiable","0.00 v7.3.0","Timeout",4.508665
result,"SYN842-1.p","Satisfiable","0.00 v7.3.0","Timeout",4.672999
result,"SYN843-1.p","Unsatisfiable","0.12 v9.1.0","Timeout",3.064444
result,"SYN844-1.p","Unsatisfiable","0.12 v9.1.0","Timeout",3.051559
result,"SYN845-1.p","Unsatisfiable","0.12 v9.1.0","Timeout",3.051973
result,"SYN846-1.p","Unsatisfiable","0.25 v9.1.0","Timeout",3.159101
result,"SYN847-1.p","Unsatisfiable","0.12 v9.1.0","Timeout",3.156436
result,"SYN848-1.p","Unsatisfiable","0.12 v9.1.0","Timeout",3.152085
result,"SYN849-1.p","Unsatisfiable","0.12 v9.1.0","Timeout",3.145668
result,"SYN850-1.p","Unsatisfiable","0.25 v9.1.0","Timeout",3.495162
result,"SYN851-1.p","Satisfiable","0.00 v7.3.0","Timeout",3.484771
result,"SYN852-1.p","Satisfiable","0.00 v7.3.0","Timeout",4.704738
result,"SYN853-1.p","Satisfiable","0.00 v7.3.0","Timeout",4.700384
result,"SYN854-1.p","Satisfiable","0.00 v7.3.0","Timeout",4.696314
result,"SYN855-1.p","Satisfiable","0.00 v7.3.0","Timeout",4.636158
result,"SYN856-1.p","Unsatisfiable","0.12 v9.1.0","Timeout",3.066916
result,"SYN857-1.p","Unsatisfiable","0.12 v9.1.0","Timeout",3.058252
result,"SYN858-1.p","Unsatisfiable","0.12 v9.1.0","Timeout",3.160159
result,"SYN859-1.p","Unsatisfiable","0.12 v9.1.0","Timeout",3.142495
result,"SYN860-1.p","Unsatisfiable","0.12 v9.1.0","Timeout",3.160752
result,"SYN861-1.p","Unsatisfiable","0.25 v9.1.0","Timeout",3.492322
result,"SYN862-1.p","Unsatisfiable","0.25 v9.1.0","Timeout",3.521196
result,"SYN863-1.p","Satisfiable","0.00 v7.3.0","Timeout",3.483961
result,"SYN864-1.p","Satisfiable","0.00 v7.3.0","Timeout",3.505030
result,"SYN865-1.p","Unsatisfiable","0.25 v9.1.0","Timeout",3.512870
result,"SYN866-1.p","Unsatisfiable","0.25 v9.1.0","Timeout",3.493791
result,"SYN867-1.p","Satisfiable","0.00 v7.3.0","Timeout",3.016600
result,"SYN868-1.p","Satisfiable","0.00 v7.3.0","Timeout",3.015116
result,"SYN869-1.p","Unsatisfiable","0.12 v9.1.0","Timeout",3.014644
result,"SYN870-1.p","Satisfiable","0.00 v7.3.0","Timeout",3.014870
result,"SYN871-1.p","Unsatisfiable","0.12 v9.1.0","Timeout",3.016581
result,"SYN872-1.p","Satisfiable","0.00 v7.3.0","Timeout",3.070310
result,"SYN873-1.p","Unsatisfiable","0.12 v9.1.0","Timeout",3.016676
result,"SYN874-1.p","Unsatisfiable","0.12 v9.1.0","Timeout",3.015162
result,"SYN875-1.p","Unsatisfiable","0.12 v9.1.0","Timeout",3.015136
result,"SYN876-1.p","Unsatisfiable","0.12 v9.1.0","Timeout",3.024308
result,"SYN877-1.p","Unsatisfiable","0.12 v9.1.0","Timeout",3.017532
result,"SYN878-1.p","Unsatisfiable","0.12 v9.1.0","Timeout",3.017675
result,"SYN879-1.p","Unsatisfiable","0.12 v9.1.0","Timeout",3.019491
result,"SYN880-1.p","Unsatisfiable","0.12 v9.1.0","Timeout",3.021804
result,"SYN881-1.p","Unsatisfiable","0.12 v9.1.0","Timeout",3.024126
result,"SYN882-1.p","Unsatisfiable","0.12 v9.1.0","Timeout",3.025328
result,"SYN883-1.p","Unsatisfiable","0.12 v9.1.0","Timeout",3.022458
result,"SYN884-1.p","Unsatisfiable","0.12 v9.1.0","Timeout",3.042057
result,"SYN885-1.p","Unsatisfiable","0.25 v9.1.0","Timeout",3.043657
result,"SYN886-1.p","Unsatisfiable","0.12 v9.1.0","Timeout",3.035888
result,"SYN887-1.p","Unsatisfiable","0.12 v9.1.0","Timeout",3.036991
result,"SYN888-1.p","Satisfiable","0.00 v7.3.0","Timeout",3.073499
result,"SYN889-1.p","Unsatisfiable","0.12 v9.1.0","Timeout",3.020772
result,"SYN890-1.p","Unsatisfiable","0.12 v9.1.0","Timeout",3.021081
result,"SYN891-1.p","Unsatisfiable","0.12 v9.1.0","Timeout",3.020019
result,"SYN892-1.p","Unsatisfiable","0.12 v9.1.0","Timeout",3.020192
result,"SYN893-1.p","Unsatisfiable","0.12 v9.1.0","Timeout",3.023105
result,"SYN894-1.p","Unsatisfiable","0.12 v9.1.0","Timeout",3.028041
result,"SYN895-1.p","Unsatisfiable","0.12 v9.1.0","Timeout",3.027853
result,"SYN896-1.p","Unsatisfiable","0.12 v9.1.0","Timeout",3.027986
result,"SYN897-1.p","Unsatisfiable","0.25 v9.1.0","Timeout",3.040876
result,"SYN898-1.p","Unsatisfiable","0.12 v9.1.0","Timeout",3.046909
result,"SYN899-1.p","Unsatisfiable","0.12 v9.1.0","Timeout",3.041190
result,"SYN900-1.p","Unsatisfiable","0.12 v9.1.0","Timeout",3.040944
result,"SYN901-1.p","Unsatisfiable","0.25 v9.1.0","Timeout",3.087308
result,"SYN902-1.p","Satisfiable","0.00 v7.3.0","Timeout",3.080909
result,"SYN903-1.p","Satisfiable","0.00 v5.5.0","Timeout",3.015513
result,"SYN904-1.p","Satisfiable","0.00 v5.4.0","Timeout",3.015503
result,"SYN905-1.p","Satisfiable","0.00 v5.4.0","Timeout",3.019823
result,"SYN906-1.p","Satisfiable","0.00 v6.3.0","Timeout",3.014694
result,"SYN907-1.p","Satisfiable","0.00 v6.3.0","Timeout",3.017229
result,"SYN908-1.p","Satisfiable","0.00 v6.3.0","Timeout",3.020037
result,"SYN909-1.p","Satisfiable","0.00 v5.4.0","Timeout",3.020072
result,"SYN910-1.p","Satisfiable","0.00 v5.5.0","Timeout",3.022702
result,"SYN911-1.p","Satisfiable","0.00 v6.3.0","Timeout",3.022547
result,"SYN912-1.p","Satisfiable","0.00 v5.4.0","Timeout",3.026328
result,"SYN913-1.p","Satisfiable","0.00 v6.3.0","Timeout",3.019661
result,"SYN914-1.p","Unsatisfiable","0.85 v9.1.0","Timeout",3.009544
result,"SYN915+1.p","Theorem","0.00 v4.1.0","Unsatisfiable",0.008836
result,"SYN915-1.p","Unsatisfiable","0.00 v3.3.0","Unsatisfiable",0.007378
result,"SYN915^4.p","Theorem","0.00 v8.2.0","Error",0.006058
result,"SYN916+1.p","CounterSatisfiable","0.00 v4.1.0","GaveUp",0.005963
result,"SYN916-1.p","Satisfiable","0.33 v5.4.0","GaveUp",0.006257
result,"SYN916^4.p","CounterSatisfiable","0.00 v8.2.0","Error",0.005630
result,"SYN917+1.p","Theorem","0.15 v9.1.0","Error",5.068970
result,"SYN918+1.p","Theorem","0.00 v9.1.0","Unsatisfiable",0.021233
result,"SYN919+1.p","Theorem","0.00 v5.3.0","Unsatisfiable",0.008580
result,"SYN920+1.p","Theorem","0.00 v5.3.0","Unsatisfiable",0.016057
result,"SYN921+1.p","Theorem","0.00 v5.3.0","Unsatisfiable",0.007364
result,"SYN922+1.p","Theorem","0.00 v5.3.0","Unsatisfiable",0.008710
result,"SYN923+1.p","Theorem","0.00 v5.3.0","Unsatisfiable",0.006445
result,"SYN924+1.p","Theorem","0.00 v5.3.0","Unsatisfiable",0.008581
result,"SYN925+1.p","Theorem","0.00 v5.3.0","Unsatisfiable",0.006530
result,"SYN926+1.p","Theorem","0.00 v5.3.0","Unsatisfiable",0.007248
result,"SYN927+1.p","Theorem","0.00 v5.3.0","Unsatisfiable",0.007227
result,"SYN928+1.p","Theorem","0.00 v5.5.0","Unsatisfiable",0.006678
result,"SYN929+1.p","Theorem","0.00 v5.3.0","Unsatisfiable",0.006044
result,"SYN930+1.p","Theorem","0.00 v5.3.0","Unsatisfiable",0.006668
result,"SYN931+1.p","Theorem","0.00 v5.5.0","Unsatisfiable",0.008010
result,"SYN932+1.p","Theorem","0.00 v4.0.1","Unsatisfiable",0.007174
result,"SYN933+1.p","Theorem","0.00 v4.0.1","Unsatisfiable",0.006624
result,"SYN934+1.p","Theorem","0.00 v5.3.0","Unsatisfiable",0.007926
result,"SYN935+1.p","Theorem","0.00 v5.3.0","Unsatisfiable",0.007235
result,"SYN936+1.p","Theorem","0.00 v5.3.0","Unsatisfiable",0.006829
result,"SYN937+1.p","Theorem","0.00 v5.3.0","Unsatisfiable",0.007509
result,"SYN938+1.p","Theorem","0.30 v9.1.0","Error",5.081048
result,"SYN939+1.p","Theorem","0.00 v9.1.0","Unsatisfiable",0.031702
result,"SYN940+1.p","Theorem","0.00 v9.1.0","Unsatisfiable",0.010196
result,"SYN941+1.p","Theorem","0.05 v9.1.0","Unsatisfiable",0.010524
result,"SYN942+1.p","Theorem","0.00 v5.3.0","Unsatisfiable",0.006852
result,"SYN943+1.p","Theorem","0.00 v9.1.0","Unsatisfiable",0.009588
result,"SYN944+1.p","Theorem","0.00 v5.3.0","Unsatisfiable",0.007166
result,"SYN945+1.p","Theorem","0.00 v5.3.0","Unsatisfiable",0.006732
result,"SYN946+1.p","Theorem","0.00 v5.3.0","Unsatisfiable",0.007122
result,"SYN947+1.p","Theorem","0.05 v9.1.0","Unsatisfiable",0.006552
result,"SYN948+1.p","Theorem","0.00 v9.1.0","Unsatisfiable",0.006467
result,"SYN949+1.p","Theorem","0.00 v5.3.0","Unsatisfiable",0.007528
result,"SYN950+1.p","Theorem","0.00 v5.4.0","Unsatisfiable",0.007142
result,"SYN951+1.p","Theorem","0.00 v5.3.0","Unsatisfiable",0.009112
result,"SYN952+1.p","Theorem","0.00 v5.3.0","Unsatisfiable",0.006857
result,"SYN953+1.p","Theorem","0.00 v5.3.0","Unsatisfiable",0.007421
result,"SYN954+1.p","Theorem","0.00 v5.3.0","Unsatisfiable",0.007268
result,"SYN955+1.p","Theorem","0.00 v5.3.0","Unsatisfiable",0.005981
result,"SYN956+1.p","Theorem","0.00 v5.3.0","Unsatisfiable",0.006586
result,"SYN957+1.p","Theorem","0.00 v5.3.0","Unsatisfiable",0.006662
result,"SYN958+1.p","Theorem","0.00 v5.3.0","Unsatisfiable",0.007348
result,"SYN959+1.p","Theorem","0.00 v5.3.0","Unsatisfiable",0.007295
result,"SYN960+1.p","Theorem","0.00 v5.3.0","Unsatisfiable",0.007291
result,"SYN961+1.p","Theorem","0.00 v5.3.0","Unsatisfiable",0.006679
result,"SYN962+1.p","Theorem","0.00 v5.3.0","Unsatisfiable",0.006130
result,"SYN963+1.p","Theorem","0.00 v5.3.0","Unsatisfiable",0.006927
result,"SYN964+1.p","Theorem","0.00 v5.3.0","Unsatisfiable",0.007042
result,"SYN965+1.p","Theorem","0.05 v9.1.0","Unsatisfiable",0.010724
result,"SYN966+1.p","Theorem","0.00 v9.1.0","Unsatisfiable",0.070502
result,"SYN967+1.p","Theorem","0.00 v5.3.0","Unsatisfiable",0.008454
result,"SYN968+1.p","Theorem","0.00 v5.3.0","Unsatisfiable",0.006702
result,"SYN969+1.p","Theorem","0.00 v5.3.0","Unsatisfiable",0.007266
result,"SYN970+1.p","Theorem","0.00 v5.3.0","Unsatisfiable",0.006500
result,"SYN971+1.p","Theorem","0.00 v9.1.0","Unsatisfiable",0.006805
result,"SYN972+1.p","Theorem","0.00 v5.4.0","Unsatisfiable",0.007116
result,"SYN973+1.p","Theorem","0.00 v5.3.0","Unsatisfiable",0.007520
result,"SYN974+1.p","Theorem","0.00 v5.3.0","Unsatisfiable",0.006512
result,"SYN975+1.p","Theorem","0.00 v5.3.0","Unsatisfiable",0.006181
result,"SYN976+1.p","Theorem","0.00 v5.3.0","Unsatisfiable",0.006669
result,"SYN977+1.p","Theorem","0.00 v4.1.0","Unsatisfiable",0.006893
result,"SYN977^4.p","CounterSatisfiable","0.33 v9.0.0","Error",0.005983
result,"SYN978+1.p","Theorem","0.00 v3.1.0","Unsatisfiable",0.007426
result,"SYN978^4.p","Theorem","0.11 v9.1.0","Error",0.007033
result,"SYN979+1.p","Theorem","0.00 v5.3.0","Unsatisfiable",0.007651
result,"SYN980+1.p","Theorem","0.00 v9.1.0","Unsatisfiable",0.007664
result,"SYN981+1.p","Theorem","0.00 v5.3.0","Unsatisfiable",0.006913
result,"SYN982-1.p","Unsatisfiable","0.41 v9.1.0","Timeout",3.008317
result,"SYN983^1.p","Theorem","0.08 v9.1.0","Error",0.007843
result,"SYN983_8.p","Theorem","0.00 v8.1.0","Error",0.007479
result,"SYN984^1.p","Theorem","0.08 v9.1.0","Error",0.006541
result,"SYN985^1.p","CounterSatisfiable","0.33 v4.1.0","Error",0.005776
result,"SYN986+1.000.p","Theorem","0.00 v9.1.0","Unsatisfiable",0.006924
result,"SYN986+1.001.p","Theorem","0.00 v9.1.0","Unsatisfiable",0.006828
result,"SYN986+1.002.p","Theorem","0.10 v9.1.0","Unsatisfiable",0.038780
result,"SYN986+1.003.p","Theorem","0.10 v9.1.0","Timeout",3.009140
result,"SYN986+1.004.p","Theorem","0.85 v9.1.0","Timeout",3.009437
result,"SYN986+1.005.p","Theorem","1.00 v4.0.0","Timeout",3.009685
result,"SYN986+1.006.p","Theorem","1.00 v4.0.0","Timeout",3.010731
result,"SYN986-10.005.p","Unsatisfiable","1.00 v7.3.0","Error",0.062343
result,"SYN986-10.006.p","Unsatisfiable","1.00 v7.3.0","Error",0.058107
result,"SYN987^1.p","CounterSatisfiable","0.00 v3.7.0","Error",0.007550
result,"SYN987^2.p","Unsatisfiable","0.00 v3.7.0","Error",0.006152
result,"SYN987_8.p","Unsatisfiable","0.00 v8.1.0","Error",0.006343
result,"SYN988^1.p","CounterSatisfiable","0.00 v3.7.0","Error",0.005931
result,"SYN988^2.p","Unsatisfiable","0.00 v3.7.0","Error",0.006231
result,"SYN988_8.p","Unsatisfiable","0.00 v8.1.0","Error",0.006087
result,"SYN989^1.p","Theorem","0.08 v9.1.0","Error",0.006552
result,"SYN989^2.p","Satisfiable","0.00 v3.7.0","Error",0.007065
result,"SYN989^3.p","Theorem","0.08 v9.1.0","Error",0.006446
result,"SYN989_8.p","Satisfiable","0.00 v8.1.0","Error",0.006319
result,"SYN990^1.p","Satisfiable","0.33 v9.0.0","Error",0.006124
result,"SYN991^1.p","Unsatisfiable","0.00 v3.7.0","Error",0.006254
result,"SYN992^1.p","Theorem","0.11 v9.1.0","Error",0.006276
result,"SYN993^1.p","CounterSatisfiable","0.33 v9.0.0","Error",0.006608
result,"SYN994^1.p","CounterSatisfiable","0.33 v9.0.0","Error",0.007406
result,"SYN995^1.p","CounterSatisfiable","0.33 v9.0.0","Error",0.006420
result,"SYN996^1.p","Theorem","0.25 v9.0.0","Error",0.006194
result,"SYN997^1.p","Theorem","0.17 v9.1.0","Error",0.006003
result,"SYN998^1.p","Theorem","0.00 v8.2.0","Error",0.005925
result,"SYN999^1.p","Theorem","0.11 v9.1.0","Error",0.005955

section,prover,scope,total,success,timeout,incomplete,unsound,error,avg_time_s
prover_stats,"ip","Tous",1332,"743 (55.8%)","479 (36.0%)","0 (0.0%)","0 (0.0%)","110 (8.3%)",1.814020
prover_stats,"ip","Theorem/Unsatisfiable",979,"431 (44.0%)","479 (48.9%)","0 (0.0%)","0 (0.0%)","69 (7.0%)",1.579279
prover_stats,"ip","Theorem (FOF)",342,"208 (60.8%)","76 (22.2%)","0 (0.0%)","0 (0.0%)","58 (17.0%)",0.754451
prover_stats,"ip","Unsatisfiable (CNF)",637,"223 (35.0%)","403 (63.3%)","0 (0.0%)","0 (0.0%)","11 (1.7%)",2.022122
